seccion_censal,population
0100101001,2075
0100101002,775
0100201001,1820
0100201002,935
0100201003,1110
0100201004,2080
0100201005,1590
0100201006,1460
0100201007,1030
0100301001,1505
0100401001,1815
0100601001,225
0100801001,955
0100901001,1680
0101001001,1500
0101001002,1375
0101101001,315
0101301001,905
0101401001,480
0101601001,565
0101701001,1145
0101801001,1735
0101901001,195
0102001001,355
0102101001,615
0102201001,1050
0102301001,365
0102701001,540
0102801001,1490
0103001001,180
0103101001,1535
0103201001,690
0103301001,860
0103401001,220
0103601001,1445
0103601002,1685
0103601003,1310
0103601004,1570
0103601005,2090
0103601006,2085
0103601007,1370
0103601008,1360
0103601009,1175
0103601010,1665
0103601011,855
0103601012,620
0103601013,1225
0103701001,740
0103901001,250
0104101001,225
0104201001,1150
0104301001,1395
0104301002,1860
0104401001,280
0104601001,785
0104701001,1290
0104901001,160
0105101001,1640
0105101002,1790
0105101003,1435
0105201001,320
0105301001,720
0105401001,1355
0105501001,1070
0105601001,285
0105701001,330
0105801001,1740
0105901001,575
0105901002,490
0105901003,965
0105901004,1335
0105901005,760
0105901007,980
0105901008,1340
0105901009,675
0105901010,775
0105901011,870
0105901012,1160
0105901013,740
0105901014,1035
0105901015,1105
0105901016,730
0105901017,1715
0105901018,1705
0105901019,1075
0105901020,1045
0105901021,1295
0105901022,1020
0105901023,950
0105901024,830
0105901025,695
0105901026,1340
0105901027,1285
0105901028,930
0105901029,1025
0105901030,1135
0105901031,1200
0105901032,1050
0105901033,950
0105901034,750
0105901035,845
0105901036,1120
0105901037,750
0105901038,1225
0105901039,1410
0105902001,1110
0105902002,1615
0105902003,800
0105902004,1500
0105902005,1000
0105902006,975
0105902007,600
0105902008,1115
0105902009,905
0105902010,1635
0105902011,1170
0105902012,745
0105902013,870
0105902014,1165
0105902015,985
0105902016,1810
0105902017,1345
0105902018,1350
0105902019,855
0105902020,930
0105902021,1300
0105902022,750
0105902023,2005
0105902024,1270
0105902025,2010
0105902026,595
0105902027,1685
0105902028,930
0105902029,685
0105902030,1435
0105902031,1465
0105902032,1445
0105902033,655
0105902034,1745
0105902035,2050
0105902036,2315
0105902037,2800
0105902038,2775
0105902039,1390
0105902040,1805
0105902041,2210
0105902042,2160
0105902043,1495
0105902044,2830
0105903001,1950
0105903002,1370
0105903003,1175
0105903004,1405
0105903005,765
0105903006,645
0105903007,650
0105903008,740
0105903009,1015
0105903010,770
0105903011,1220
0105903012,1000
0105903013,1045
0105903014,1790
0105903015,1875
0105903016,1390
0105903017,1050
0105903018,1365
0105903019,1075
0105903020,1035
0105903021,660
0105903022,705
0105903023,745
0105903024,700
0105903025,985
0105903026,1835
0105903027,1535
0105903028,1285
0105903029,855
0105903030,815
0105903031,870
0105903032,630
0105903033,865
0105903034,1470
0105903035,2435
0105903036,2200
0105903037,2020
0105903038,1495
0105903039,1685
0105903040,3190
0105904001,595
0105904002,775
0105904003,405
0105904004,945
0105904005,1050
0105904006,1660
0105904007,510
0105904008,975
0105904009,750
0105904010,775
0105904011,730
0105904012,1130
0105904013,720
0105904014,700
0105904015,1195
0105904016,1790
0105904017,1375
0105904018,1120
0105904019,1200
0105904020,1630
0105904021,1390
0105904022,1565
0105904023,780
0105904024,1055
0105904025,1495
0105904026,1210
0105904027,920
0105904028,930
0105904029,740
0105904030,520
0105904031,1635
0105905001,855
0105905002,1155
0105905003,1215
0105905004,655
0105905005,1140
0105905006,1025
0105905007,2070
0105905008,1045
0105905009,2555
0105905010,1245
0105905011,750
0105905012,2290
0105905013,1605
0105905014,1390
0105905015,1160
0105905016,1310
0105905017,1465
0105905018,735
0105905019,1175
0105905020,765
0105905021,1770
0105905022,1525
0105905023,490
0105905024,830
0105905025,1475
0105905026,1410
0105905027,1970
0105905028,2050
0105905029,2740
0105905030,2835
0105905031,1885
0105905032,1760
0105905033,1785
0105905034,2705
0105905035,995
0105906001,1515
0105906002,540
0105906003,1370
0106001001,270
0106101001,185
0106201001,435
0106301001,2370
0190101001,2175
0190101002,870
0190201001,910
0200101001,860
0200201001,585
0200301001,960
0200301002,1200
0200301003,1935
0200301004,1500
0200301005,1710
0200301006,1835
0200301007,1120
0200301008,900
0200301009,1555
0200301010,1340
0200301011,2290
0200301012,1140
0200301013,955
0200301014,1885
0200301015,1605
0200301016,695
0200301017,2015
0200302001,1940
0200302002,2035
0200302003,1360
0200302004,1625
0200302005,1665
0200302006,825
0200302007,1295
0200302008,1810
0200302009,2670
0200302010,2140
0200302011,930
0200302012,1720
0200302013,1015
0200302014,2095
0200302015,1165
0200302016,2230
0200302017,1835
0200302018,1545
0200302019,1045
0200302020,1935
0200302021,1220
0200302022,2615
0200303001,780
0200303002,1090
0200303003,2675
0200303004,2525
0200303005,1940
0200303006,1795
0200303007,2415
0200303008,2045
0200303009,1565
0200303010,670
0200303011,1465
0200303012,1225
0200303013,1430
0200303014,1215
0200304001,1150
0200304002,2005
0200304003,825
0200304004,1445
0200304005,1380
0200304006,1320
0200304007,2410
0200304008,1650
0200304009,1005
0200304010,1230
0200304011,1170
0200304012,2160
0200304013,1585
0200305001,1260
0200305002,2890
0200305003,1895
0200305004,1720
0200305005,575
0200305006,1085
0200305007,815
0200305008,1220
0200305009,1865
0200305010,2095
0200305011,1070
0200305012,685
0200305013,1630
0200306001,1385
0200306002,2535
0200306003,1140
0200306004,1645
0200306005,1530
0200306006,1235
0200306007,1195
0200306008,1265
0200306009,1075
0200306010,1885
0200306011,900
0200306012,960
0200306013,2235
0200306014,1465
0200307001,1880
0200307002,1450
0200307003,1330
0200307004,1565
0200307005,1830
0200307006,1205
0200307007,260
0200307008,1945
0200307009,1330
0200307010,1685
0200307011,350
0200307012,20
0200307013,1225
0200307014,2010
0200307015,1295
0200307016,830
0200307017,2060
0200308001,1130
0200308002,1360
0200308003,1775
0200308006,1705
0200401001,785
0200501001,825
0200601001,730
0200701001,1335
0200801001,515
0200801002,1045
0200901001,1235
0200901002,1360
0200902001,1345
0200902002,1270
0200902003,2150
0200903001,960
0200903002,615
0200903003,1695
0200903004,2315
0200903005,2260
0200903006,760
0200903007,1890
0200903008,1660
0200903009,2025
0200904001,740
0200904002,1170
0200904003,1080
0200904004,705
0201001001,1730
0201002001,675
0201101001,785
0201201001,1240
0201201002,1150
0201301001,180
0201401001,460
0201501001,2010
0201601001,705
0201701001,985
0201801001,1225
0201901001,680
0201901002,1470
0201901003,830
0202001001,630
0202101001,1425
0202201001,455
0202301001,710
0202401001,1535
0202401002,2535
0202402001,705
0202501001,1725
0202501002,1325
0202501003,970
0202501004,1245
0202501005,750
0202501006,1790
0202501007,2575
0202601001,1245
0202701001,405
0202801001,155
0202901001,2540
0202902001,1530
0203001001,1260
0203001002,500
0203002001,2180
0203101001,735
0203201001,370
0203301001,1115
0203301002,1545
0203401001,1980
0203501001,1065
0203501002,1480
0203601001,120
0203701001,995
0203701002,1195
0203701003,2455
0203701004,2255
0203702001,680
0203702002,1515
0203702003,2150
0203702004,1745
0203703001,1630
0203703002,1470
0203703003,2885
0203703004,2120
0203703005,1410
0203703006,1405
0203703007,1355
0203704001,1175
0203704002,670
0203705001,2410
0203705003,510
0203706001,920
0203801001,350
0203901001,1295
0204001001,745
0204101001,425
0204201001,1075
0204301001,1040
0204302001,545
0204401001,630
0204402001,770
0204501001,925
0204501002,1185
0204502001,1275
0204502002,1435
0204601001,1430
0204701001,115
0204801001,1680
0204901001,1010
0205001001,125
0205101001,1320
0205102001,850
0205201001,590
0205301001,1165
0205302001,1180
0205303001,1400
0205401001,550
0205501001,1475
0205601001,1000
0205602001,1240
0205701001,1295
0205701002,1330
0205801001,440
0205901001,390
0206001001,1355
0206101001,820
0206201001,535
0206301001,1790
0206401001,450
0206501001,575
0206601001,310
0206701001,1435
0206801001,450
0206901001,1750
0206901002,1395
0206901003,1560
0206901004,1850
0206902001,1635
0206902002,1540
0206902003,940
0206902004,1415
0206903001,2065
0206903002,2160
0207001001,575
0207101001,1295
0207201001,1325
0207202001,600
0207301001,2080
0207301002,1260
0207301003,1465
0207302001,1095
0207302002,775
0207401001,1130
0207402001,2090
0207402002,2155
0207403001,1880
0207404001,925
0207501001,1370
0207502001,615
0207601001,405
0207701001,55
0207801001,1230
0207901001,1925
0207902001,2180
0208001001,685
0208101001,740
0208101002,1895
0208101003,1540
0208102001,1015
0208102002,1525
0208102003,1745
0208102004,2280
0208103001,2190
0208103002,2065
0208103003,1875
0208103004,1825
0208104001,1700
0208104002,1725
0208104003,1720
0208104004,2550
0208201001,130
0208301001,270
0208401001,405
0208501001,360
0208601001,2465
0208601003,700
0290101001,1300
0290101002,1565
0300101001,675
0300201001,1495
0300201002,2105
0300201003,1155
0300301001,575
0300401001,1050
0300501001,1165
0300501002,1265
0300501003,1595
0300501004,1640
0300502001,1805
0300502002,2790
0300502003,1435
0300601001,1335
0300701001,220
0300801001,195
0300901001,1355
0300901003,1000
0300901004,515
0300901006,1320
0300902001,700
0300902002,2270
0300902003,990
0300902004,1240
0300902005,900
0300902007,1715
0300903001,1250
0300903002,1735
0300903003,1165
0300903004,1455
0300903005,1145
0300903006,710
0300904001,675
0300904002,1430
0300904003,1020
0300904004,1085
0300904005,800
0300904006,1110
0300904007,830
0300904008,1500
0300905001,1370
0300905002,870
0300905003,1765
0300905004,1130
0300905005,1470
0300905006,960
0300906001,1685
0300906002,1305
0300906003,1600
0300906004,1030
0300906005,365
0300907001,1210
0300907002,2030
0300907003,1480
0300907005,1460
0300907007,1010
0300907008,1000
0300908001,2300
0300908002,1090
0300908003,1295
0300908004,705
0300908005,1855
0300908006,1670
0300908007,1850
0301001001,415
0301101001,1455
0301101002,3230
0301101003,1920
0301101004,3190
0301101005,3090
0301101006,4730
0301101007,845
0301101008,1270
0301201001,3310
0301301001,1505
0301401001,1115
0301401002,855
0301401003,845
0301401004,1360
0301401005,1085
0301401006,1175
0301401007,585
0301401008,860
0301401009,965
0301401010,710
0301401011,650
0301401012,390
0301401013,280
0301401014,900
0301401015,860
0301401017,775
0301401018,735
0301401019,1115
0301401020,1300
0301401021,970
0301401022,1285
0301401023,1090
0301401024,815
0301401026,770
0301402001,980
0301402002,1370
0301402003,1465
0301402005,1080
0301402006,845
0301402007,775
0301402008,905
0301402009,1070
0301402010,1220
0301402011,1365
0301402012,1350
0301402013,980
0301402014,1110
0301402016,1155
0301402017,1145
0301402018,960
0301402019,1120
0301402020,1675
0301402021,1340
0301402022,675
0301402023,1135
0301402024,1470
0301402025,910
0301402026,935
0301402027,1380
0301402028,1105
0301402029,930
0301402030,880
0301402031,1000
0301402032,635
0301402033,825
0301403001,1155
0301403002,770
0301403003,2070
0301403004,820
0301403005,1260
0301403006,1140
0301403007,1650
0301403008,1345
0301403009,1445
0301403010,935
0301403011,1790
0301403012,790
0301403013,1015
0301403014,1360
0301403015,1730
0301403016,2490
0301403017,740
0301403018,665
0301403019,1665
0301403020,1120
0301403021,1240
0301403022,1395
0301403023,990
0301403024,565
0301403025,815
0301403026,1050
0301403027,795
0301403028,1205
0301403029,1100
0301403030,1410
0301403031,850
0301403032,1135
0301403033,720
0301403034,1245
0301403035,1335
0301403036,1390
0301403037,2515
0301403038,2985
0301403039,3190
0301403040,930
0301404001,765
0301404002,2675
0301404003,1180
0301404004,470
0301404005,2830
0301404006,2010
0301404007,805
0301404008,950
0301404009,1345
0301404010,1470
0301404012,535
0301404013,340
0301404014,855
0301404015,1070
0301404016,315
0301404017,2530
0301404018,1035
0301404019,795
0301404020,1480
0301404021,2655
0301404022,970
0301404023,1940
0301404024,1375
0301404025,835
0301404026,3280
0301404027,2150
0301404028,1710
0301404029,1640
0301404030,3000
0301404031,1480
0301404032,2705
0301404033,1160
0301404034,1385
0301404035,2575
0301404036,1385
0301404037,890
0301404038,1510
0301404039,1185
0301404040,2875
0301404041,1160
0301404042,3255
0301404043,975
0301404044,1075
0301404045,2000
0301404046,1475
0301405001,1490
0301405002,615
0301405003,1205
0301405004,1580
0301405005,1250
0301405006,2685
0301405007,2235
0301405008,765
0301405009,1235
0301405010,540
0301405012,1215
0301405014,620
0301405015,770
0301405016,1855
0301405017,710
0301405018,1950
0301405019,1545
0301405020,1150
0301405021,910
0301405022,1090
0301405023,1000
0301405024,730
0301405025,1350
0301405026,1745
0301406001,1195
0301406002,1020
0301406003,1260
0301406004,1225
0301406005,730
0301406006,915
0301406007,950
0301406008,1065
0301406009,1455
0301406010,1220
0301406011,700
0301406012,1900
0301406013,2220
0301406014,1495
0301406015,1460
0301406016,1730
0301406017,1985
0301406018,2090
0301406019,1360
0301406020,1805
0301406021,1770
0301406022,745
0301406023,2295
0301406024,1925
0301406025,1795
0301406026,1070
0301406027,1380
0301406028,1205
0301406029,975
0301406030,810
0301406031,1715
0301406032,2375
0301406033,955
0301406034,3285
0301407001,1440
0301407002,680
0301407003,1275
0301407004,1180
0301407005,1160
0301407006,800
0301407007,1480
0301407008,655
0301407009,1450
0301407010,875
0301407011,2320
0301407012,2240
0301407013,1165
0301407014,2120
0301407016,1870
0301407017,1365
0301407018,1200
0301407019,1205
0301407020,1375
0301407021,985
0301407022,890
0301407023,780
0301407024,785
0301407025,815
0301407026,930
0301407027,835
0301408001,1295
0301408002,815
0301408003,825
0301408004,1095
0301408005,740
0301408006,1150
0301408007,1480
0301408008,715
0301408009,1270
0301408010,1670
0301408011,2820
0301408012,2140
0301408013,1670
0301408014,485
0301408015,890
0301408016,1575
0301408017,775
0301408018,1810
0301408019,1970
0301408020,590
0301408021,830
0301408022,1305
0301408023,3075
0301408024,615
0301408025,695
0301408026,1645
0301408027,1730
0301408028,1005
0301408029,1035
0301501001,2975
0301501002,1815
0301501003,1975
0301501004,1330
0301501005,2000
0301501006,1385
0301501007,2445
0301501008,1800
0301501009,755
0301502002,1990
0301502003,690
0301601001,120
0301701001,515
0301801001,1265
0301801002,1600
0301801003,1085
0301801004,1145
0301801005,1905
0301802001,1490
0301802002,1315
0301802003,1945
0301802004,1400
0301803001,2230
0301803002,2030
0301803003,890
0301803004,2675
0301803005,1340
0301901001,1505
0301901002,1080
0301901003,790
0301901004,585
0301901005,750
0301902001,965
0301902002,1355
0301902003,985
0301902004,1550
0301903001,670
0301903002,1200
0301903003,1225
0301903004,830
0301903005,1500
0301903006,1080
0301904001,985
0301904002,730
0301904003,935
0301904004,1415
0302001001,145
0302101001,1080
0302101002,1540
0302101003,1180
0302102001,1455
0302102002,1220
0302102003,750
0302201001,170
0302301001,1770
0302401001,1280
0302401002,1410
0302401003,1165
0302401004,1365
0302501001,1880
0302601001,1880
0302701001,210
0302801001,1250
0302901001,520
0303001001,1185
0303101001,1095
0303101002,915
0303101003,890
0303101004,1210
0303101005,860
0303101006,1470
0303101007,670
0303101008,1315
0303101009,715
0303101010,1285
0303101011,1035
0303101012,1320
0303101013,845
0303101014,1135
0303101015,915
0303101016,600
0303101017,1355
0303102001,1745
0303102002,1275
0303102003,5220
0303102004,1110
0303102005,1690
0303102006,2015
0303102007,2670
0303102008,1725
0303102009,1275
0303103001,1665
0303103002,1435
0303103003,990
0303103004,1045
0303103005,2920
0303103006,790
0303103007,1260
0303103008,615
0303103009,1155
0303103010,1515
0303103011,1100
0303103012,1055
0303103013,1535
0303103014,1400
0303103015,1470
0303104001,1385
0303104002,2375
0303104003,2935
0303104004,2215
0303104005,2260
0303201001,110
0303301001,195
0303401001,3355
0303501001,790
0303601001,110
0303701001,485
0303801001,405
0303901001,125
0304001001,395
0304101001,1550
0304101002,1415
0304101003,1095
0304101004,915
0304101005,1360
0304102001,5215
0304201001,4540
0304301001,850
0304301002,1255
0304301003,1610
0304401001,1545
0304401002,2070
0304401003,3120
0304501001,410
0304601001,3125
0304701001,2120
0304701002,1685
0304701003,1220
0304701004,5155
0304701005,1370
0304702001,3815
0304702002,7815
0304801001,825
0304801002,1130
0304802001,1075
0304802002,1930
0304802003,1870
0304802004,740
0304901001,1695
0304901002,1670
0304901003,1235
0304901004,810
0304901005,820
0304901006,2250
0304901007,2545
0304902001,1100
0304902002,2480
0304902003,940
0304902004,985
0304902005,1325
0305001001,1045
0305001002,1670
0305001003,1300
0305001004,1750
0305001005,2055
0305001006,1505
0305001007,1925
0305001008,2555
0305001009,1640
0305002001,2355
0305002002,2475
0305002003,2005
0305003001,1525
0305003002,2565
0305101001,430
0305201001,1240
0305301001,1110
0305301002,1425
0305301003,1375
0305301004,480
0305302001,745
0305302002,2695
0305302003,535
0305302004,1140
0305302005,795
0305401001,420
0305501001,2220
0305501002,2960
0305501003,1770
0305501004,1625
0305601001,1055
0305601003,585
0305601004,1210
0305601005,1790
0305601006,1490
0305601007,1015
0305601008,1290
0305601009,1310
0305602001,1670
0305701001,285
0305801001,2400
0305801002,1900
0305801003,1175
0305801004,1500
0305901001,805
0305901002,1090
0305901003,1645
0305901004,2035
0305901005,770
0305901006,1080
0305901007,1490
0305901008,1550
0305902001,2110
0305902002,935
0305902003,1295
0305902004,1225
0305903001,1495
0305903002,710
0305903003,1160
0305904001,970
0305904002,1005
0305904003,1835
0305905001,2295
0305905002,890
0305905003,1835
0306001001,110
0306101001,1895
0306201001,595
0306301001,1750
0306301002,1680
0306301003,2275
0306302001,1315
0306302002,835
0306302003,1420
0306302004,2130
0306302005,2050
0306302006,1210
0306303001,810
0306303002,1280
0306303003,2355
0306303004,2510
0306303005,1990
0306304001,1155
0306304002,1070
0306304003,1510
0306304004,2295
0306304005,2620
0306304006,2665
0306304007,2270
0306304008,1995
0306304009,1900
0306304010,1540
0306401001,2585
0306401002,2435
0306401003,1575
0306402001,705
0306501001,755
0306501002,1155
0306501003,870
0306501004,780
0306501005,950
0306501006,2115
0306501007,900
0306501008,1320
0306501009,1935
0306501010,995
0306501011,1010
0306501012,1115
0306501013,2155
0306501014,1915
0306501015,2205
0306501016,1825
0306501017,1960
0306501018,1525
0306501019,2300
0306501020,2125
0306501021,1300
0306502001,1120
0306502002,860
0306502003,1235
0306502004,1140
0306502005,1015
0306502006,665
0306502007,730
0306502008,710
0306502009,1705
0306502010,1060
0306502011,1080
0306502012,990
0306502013,750
0306502014,1305
0306502015,1180
0306502016,835
0306502017,855
0306502018,585
0306502019,2005
0306502020,1790
0306502021,2155
0306502022,3075
0306502023,1320
0306502024,2455
0306502025,1000
0306503001,845
0306503002,1210
0306503003,1345
0306503004,1210
0306503005,1200
0306503006,1210
0306503007,1675
0306503008,1380
0306503009,1485
0306503010,1960
0306503012,1555
0306503013,1075
0306503014,1145
0306503015,1235
0306503016,1295
0306503017,1190
0306503018,645
0306503019,1110
0306503020,1515
0306503021,1050
0306503022,805
0306503023,1345
0306503024,830
0306503025,735
0306503026,1105
0306503027,795
0306503028,810
0306503029,1165
0306503030,855
0306503031,1160
0306504001,2060
0306504002,2220
0306504003,1485
0306504004,1240
0306504005,1440
0306504006,1050
0306504007,895
0306504008,1490
0306504009,2395
0306504010,1205
0306504011,845
0306504012,2035
0306504013,715
0306504014,1450
0306504015,935
0306504016,1285
0306504017,1240
0306504018,2535
0306504019,1455
0306504020,1615
0306504021,1890
0306505001,1230
0306505002,1390
0306505003,1095
0306505004,1330
0306505005,1635
0306505006,945
0306505007,480
0306505008,1910
0306505009,1145
0306505010,1030
0306505011,990
0306505012,1220
0306505013,1165
0306505014,620
0306505015,1255
0306505016,1160
0306505017,825
0306505018,1040
0306505019,1375
0306505020,975
0306505021,1520
0306505022,1495
0306505023,1175
0306505024,940
0306505025,1260
0306505026,2270
0306505027,1285
0306505028,885
0306506001,1225
0306506002,680
0306506003,1955
0306506004,1895
0306506005,885
0306506006,840
0306506007,705
0306506008,1060
0306506009,1755
0306506010,1395
0306506011,1265
0306506012,800
0306506013,1170
0306506014,1225
0306506015,2175
0306506016,940
0306506017,975
0306506018,820
0306506019,820
0306506020,1295
0306506021,1070
0306506022,2400
0306507001,2065
0306507002,1010
0306507003,1455
0306507004,860
0306507005,1750
0306507006,1730
0306507007,1480
0306507008,1900
0306507009,865
0306507010,1355
0306507011,2140
0306507012,1730
0306507013,1675
0306507014,850
0306507015,1225
0306507016,1285
0306507017,1925
0306507018,975
0306507019,575
0306507020,1500
0306507021,1775
0306507022,1785
0306507023,1030
0306507024,1245
0306507025,1250
0306507026,1160
0306601001,1045
0306601002,1445
0306601003,1325
0306601004,830
0306601005,1060
0306601006,1290
0306602001,1275
0306602002,950
0306602003,1575
0306602004,1560
0306603001,1110
0306604001,1855
0306604002,1275
0306604003,1025
0306604004,970
0306604005,1060
0306604006,1385
0306604007,1235
0306604008,1940
0306604009,1675
0306604010,2200
0306604011,2090
0306604012,1160
0306604013,1930
0306604014,1205
0306604015,850
0306604016,865
0306604017,2290
0306604018,1315
0306605001,2100
0306605002,950
0306605003,1420
0306605004,880
0306605005,715
0306605006,1115
0306605007,1245
0306605008,960
0306605009,1140
0306605010,980
0306605011,1575
0306605012,1205
0306701001,100
0306801001,55
0306901001,3550
0306901002,2550
0307001001,2355
0307001002,1630
0307101001,1765
0307101002,995
0307101003,1015
0307102001,1130
0307102002,1225
0307201001,435
0307301001,255
0307401001,2470
0307501001,225
0307601001,1140
0307601002,1045
0307601003,990
0307601004,3365
0307601005,3325
0307601006,1580
0307601007,4005
0307701001,2730
0307801001,1110
0307901001,1120
0307901002,1820
0307901003,790
0307901004,1225
0307901005,615
0307902001,1385
0307902002,770
0307902003,1070
0307902004,1930
0307902005,685
0307902006,805
0307902007,1390
0307903001,1560
0307903002,725
0307903003,2170
0307903004,1595
0307903005,1160
0307903006,1770
0307903007,940
0308001001,2010
0308101001,845
0308102001,2030
0308201001,1885
0308201002,1095
0308201003,1800
0308201004,1710
0308202001,1800
0308202002,2835
0308202003,1400
0308203001,7215
0308203002,4515
0308203003,4570
0308301001,980
0308301002,895
0308301003,1275
0308301004,775
0308301005,1435
0308301006,910
0308301007,1010
0308401001,715
0308501001,925
0308601001,210
0308801001,1170
0308801002,2450
0308801003,1395
0308801004,1150
0308801005,1590
0308901001,860
0308901002,1080
0308901003,1020
0308901004,640
0308901005,1390
0308901006,1730
0308901007,610
0308901008,1455
0308901009,1420
0308901010,570
0308902001,1800
0309001001,2195
0309001002,1935
0309001003,1105
0309001004,1300
0309001005,1725
0309001006,965
0309001007,1120
0309001008,1315
0309002001,1450
0309002002,900
0309002003,770
0309002004,1845
0309002005,1505
0309002006,1365
0309002007,1365
0309002008,2225
0309101001,555
0309201001,1615
0309201002,1530
0309201003,1280
0309201004,1275
0309201005,1835
0309201006,1405
0309301001,875
0309301002,870
0309301003,1315
0309301004,795
0309301005,1290
0309301006,1220
0309301007,630
0309301008,930
0309301009,1335
0309301010,1030
0309301011,1445
0309301012,1425
0309301013,2290
0309301014,1175
0309302001,870
0309302002,1870
0309302003,855
0309302004,565
0309302005,920
0309302006,945
0309302007,1225
0309302008,1415
0309303001,1180
0309401001,2795
0309401002,1280
0309401003,3180
0309401004,2660
0309401005,2455
0309401006,2305
0309401007,2355
0309501001,1175
0309501002,970
0309501003,800
0309501004,845
0309501005,1805
0309501006,950
0309601001,1145
0309601002,1510
0309601003,785
0309601004,1630
0309601006,965
0309601007,1000
0309601008,590
0309701001,2270
0309801001,875
0309901001,1820
0309901002,2515
0309901003,1345
0309901004,2610
0309902001,1085
0309902002,915
0309902003,2305
0309902004,2845
0309902005,2035
0309902006,1470
0309902007,1985
0309903001,1750
0309903002,1805
0309903003,1630
0309904001,895
0309904002,1900
0309904003,1905
0309904004,1195
0309904005,1060
0309904006,2585
0309905001,1770
0309905002,2405
0309905003,10760
0309905004,5965
0309906001,1395
0309906002,880
0309906003,1130
0309906004,1150
0309906005,715
0309906006,1330
0309906007,680
0309907001,1645
0309907002,1395
0309907003,915
0309907004,1155
0309907005,2195
0309907006,2240
0309908001,1005
0309908002,785
0309908003,1020
0309908004,2405
0309908005,1055
0310001001,1035
0310101001,1120
0310101002,860
0310101003,1110
0310101004,710
0310101005,980
0310101006,2600
0310201001,1670
0310201002,1195
0310202001,1580
0310202002,1575
0310203001,1790
0310203002,2575
0310301001,325
0310401001,795
0310401002,815
0310401003,1295
0310402001,1080
0310402002,1245
0310402003,1755
0310402004,1555
0310402005,800
0310402006,1415
0310403001,1880
0310403002,1455
0310403003,1225
0310403004,1085
0310403005,840
0310403006,1030
0310404001,1535
0310404002,2060
0310404003,1270
0310404004,1665
0310404005,840
0310404006,870
0310404007,1750
0310404008,1460
0310404009,1875
0310404010,1660
0310404011,1375
0310501001,2140
0310501002,1660
0310501003,1830
0310501004,2110
0310601001,815
0310701001,2215
0310701002,1885
0310901001,1865
0310901002,2335
0311001001,705
0311101001,1925
0311101002,1520
0311101003,1465
0311101004,2505
0311201001,1175
0311301001,1590
0311301002,13070
0311302001,1405
0311302002,1905
0311401001,2465
0311501001,440
0311601001,1575
0311701001,660
0311801001,1820
0311801002,7755
0311901001,2350
0311901002,2420
0311901003,1990
0311901004,1685
0311901005,1540
0311901006,1365
0311902001,2870
0311902002,935
0311902003,2340
0311902004,2335
0311902005,2185
0312001001,985
0312001002,4380
0312001003,1025
0312101001,890
0312101002,1435
0312101003,1000
0312101004,2980
0312101005,2350
0312101006,2105
0312101007,2195
0312101008,3455
0312102001,2030
0312102002,1680
0312102003,1560
0312102004,1025
0312102005,2715
0312102006,2005
0312102007,1340
0312102008,770
0312102009,1590
0312102010,1195
0312201001,1040
0312201002,2250
0312201003,1665
0312201004,2030
0312201005,1550
0312201006,1805
0312201007,1330
0312201008,1255
0312201009,1710
0312201010,2005
0312201011,1625
0312201012,2380
0312201013,1650
0312201014,1935
0312201015,1380
0312202001,1675
0312202002,1255
0312202003,1975
0312202004,1375
0312202005,855
0312202006,2240
0312202007,1355
0312202008,1625
0312203001,1970
0312203002,1565
0312203003,1355
0312203004,1760
0312203005,1225
0312203006,1030
0312203007,1130
0312203008,1555
0312203009,1100
0312203010,1825
0312203011,2155
0312301001,1855
0312301002,695
0312301003,905
0312301004,1015
0312301005,1635
0312302001,2275
0312302002,1495
0312401001,605
0312501001,600
0312701001,720
0312801001,3075
0312801002,3460
0312802001,730
0312803001,4825
0312901001,1705
0313001001,20
0313101001,355
0313201001,740
0313301001,1865
0313301002,875
0313301003,900
0313301004,2280
0313301005,1775
0313301006,4130
0313301007,1420
0313301008,5430
0313301009,4195
0313302001,2210
0313302002,720
0313302003,2090
0313302004,1740
0313302005,4230
0313302006,3290
0313302007,4125
0313302008,2465
0313302009,9510
0313303001,930
0313303002,1920
0313303003,1685
0313303004,4725
0313303005,2015
0313303006,3205
0313303007,1120
0313303008,1720
0313303009,2580
0313303010,2155
0313303011,3815
0313303012,1725
0313303013,990
0313303014,4855
0313303015,3050
0313401001,180
0313501001,280
0313601001,655
0313701001,850
0313801001,1925
0313801002,2715
0313901001,660
0313901002,725
0313901003,1355
0313901004,1950
0313901005,1430
0313901006,890
0313901007,1745
0313901008,1365
0313901009,1045
0313901010,670
0313901011,1140
0313902001,955
0313902002,1060
0313902003,1165
0313903001,965
0313903002,2015
0313903003,1820
0313903004,2120
0313903005,4545
0313903006,4880
0314001001,1545
0314001002,1530
0314002001,2645
0314002002,1425
0314002003,860
0314003001,1165
0314003002,580
0314003003,1175
0314004001,1525
0314004002,1490
0314005001,1115
0314005002,1845
0314005003,1875
0314005004,1355
0314005005,1540
0314005006,1410
0314005007,1290
0314006001,1455
0314006002,1035
0314006003,2185
0314006004,2400
0314006005,1425
0314007001,1615
0390101001,3030
0390201001,1880
0390201002,2925
0390201003,3130
0390201004,5325
0390201005,1705
0390201006,2955
0390201007,2795
0390301001,1855
0390301002,2995
0390401001,1925
0400101001,1460
0400201001,1350
0400301001,765
0400301002,1750
0400301003,1815
0400301004,2215
0400301005,1905
0400301006,1230
0400301007,875
0400302001,1565
0400302002,1550
0400302003,745
0400303001,1735
0400303002,1535
0400303003,1990
0400304001,610
0400305001,1455
0400305002,2635
0400401001,745
0400501001,685
0400601001,1010
0400601002,2350
0400602001,3010
0400602002,1310
0400603001,755
0400604001,2425
0400701001,910
0400801001,625
0400901001,160
0401001001,685
0401101001,1975
0401101002,1815
0401201001,270
0401301001,1215
0401301003,1175
0401301004,685
0401302001,1235
0401302002,1145
0401302003,530
0401302004,1335
0401302005,1230
0401302006,1135
0401303001,1650
0401303002,1295
0401303003,1870
0401303006,1065
0401303007,850
0401303008,680
0401303009,1630
0401303010,1250
0401303011,1845
0401304001,915
0401304002,1425
0401304003,1495
0401304004,950
0401304005,765
0401304006,900
0401304007,890
0401305002,2595
0401305003,1235
0401305004,1170
0401305005,1900
0401305006,1640
0401305007,1425
0401305008,1015
0401305009,835
0401305010,1155
0401305011,1810
0401306001,665
0401306002,1235
0401306003,560
0401306004,2095
0401306005,1565
0401306006,2440
0401306007,2255
0401306008,2610
0401306009,745
0401306010,925
0401306011,1335
0401306012,1130
0401306013,1970
0401306014,1470
0401306015,865
0401306016,1635
0401306017,2095
0401306018,2015
0401306019,1155
0401306020,1125
0401306021,1920
0401306022,1850
0401306023,1965
0401306024,1155
0401306025,1365
0401306026,1565
0401306027,560
0401306028,935
0401306029,1645
0401306030,1625
0401306031,2430
0401306032,1160
0401306033,1290
0401306034,1805
0401306035,1315
0401306036,3765
0401306037,870
0401306038,1930
0401306039,1710
0401307001,1795
0401307002,895
0401307003,1080
0401307004,685
0401307005,740
0401307006,555
0401307007,1590
0401307008,2975
0401307010,1580
0401307011,1440
0401307012,2305
0401307013,1655
0401307014,2175
0401307015,2540
0401307016,1720
0401307017,1475
0401307018,2460
0401307019,1350
0401307020,3390
0401307021,2600
0401307022,2710
0401307023,1515
0401307024,835
0401307025,1850
0401307026,1165
0401307027,770
0401307028,1000
0401307029,1240
0401307030,2090
0401307031,830
0401307032,1130
0401307033,1315
0401307034,1050
0401307035,1445
0401307036,2585
0401307037,3360
0401307038,1280
0401307039,1405
0401307040,1605
0401307041,2825
0401307042,1495
0401307043,1115
0401307044,1125
0401307045,1565
0401308001,810
0401308002,1755
0401308003,1295
0401308004,2070
0401308005,1690
0401308006,1280
0401308007,1800
0401308008,1270
0401401001,190
0401501001,150
0401601001,1745
0401602001,1515
0401701001,4535
0401801001,345
0401901001,255
0402001001,375
0402101001,225
0402201001,940
0402301001,115
0402401001,2395
0402401002,1790
0402601001,75
0402701001,290
0402801001,275
0402901001,800
0402901002,1025
0402901003,1525
0402901004,1185
0402901005,1195
0402901006,940
0402901007,1525
0402902001,1395
0402902002,1510
0402902003,3225
0402902004,740
0403001001,750
0403001002,685
0403101001,1630
0403101002,1295
0403102001,925
0403201001,1510
0403201002,2505
0403201003,1085
0403201004,1270
0403202001,1505
0403301001,160
0403401001,160
0403501001,2940
0403501002,1300
0403501003,2825
0403502001,910
0403503001,1965
0403504001,1830
0403504002,1330
0403601001,300
0403701001,1080
0403701002,700
0403801001,2130
0403801002,1860
0404101001,425
0404301001,665
0404401001,2225
0404501001,705
0404502001,800
0404503001,860
0404601001,990
0404701001,1145
0404701002,2045
0404801001,3400
0404901001,1290
0404901002,2305
0404902001,2550
0404902002,2385
0405001001,1070
0405101001,525
0405201001,1205
0405201002,2245
0405201003,1840
0405201004,2450
0405201005,2805
0405201006,2940
0405201007,1340
0405201008,1410
0405301001,1695
0405302001,1655
0405302002,2605
0405302003,1770
0405303002,3840
0405303003,1805
0405304001,1025
0405304002,990
0405305001,970
0405305002,965
0405305003,775
0405401001,410
0405501001,470
0405601001,165
0405701001,805
0405702001,930
0405801001,460
0405901001,1105
0405902001,560
0406001001,650
0406101001,885
0406201001,1675
0406201002,1770
0406201003,1615
0406201004,895
0406301001,1385
0406401001,2380
0406401002,4700
0406501001,515
0406601001,970
0406601002,1945
0406601003,2360
0406601004,4395
0406601005,2520
0406601006,2510
0406601008,1850
0406601009,3005
0406601010,745
0406602001,3175
0406603001,4750
0406701001,710
0406801001,190
0406901001,1445
0406901002,1120
0406901003,2115
0406901004,895
0406901005,905
0407001001,895
0407002001,1690
0407101001,520
0407201001,865
0407301001,435
0407401001,1670
0407402001,2075
0407501001,3250
0407501002,1585
0407502001,3815
0407601001,1705
0407701001,360
0407801001,1355
0407901001,2890
0407901002,2390
0407901003,1745
0407901004,1395
0407901006,3020
0407901007,2335
0407901008,2180
0407901009,3795
0407901010,2860
0407901011,1290
0407901012,2315
0407901013,1525
0407901014,1660
0407901015,1935
0407901016,3195
0407902001,1845
0407902002,1940
0407902003,2460
0407902004,2535
0407902005,3145
0407902006,3950
0407902007,715
0407902008,5490
0407902009,5695
0407902010,2590
0407902011,1520
0407902012,1720
0407902013,1460
0407902014,1495
0407902015,1980
0407902016,2625
0407902017,1955
0407902018,2530
0407902019,2335
0407902020,2740
0407902021,1450
0408001001,230
0408101001,465
0408201001,310
0408301001,1465
0408302001,825
0408401001,435
0408501001,520
0408601001,1745
0408602001,900
0408701001,245
0408801001,1840
0408802001,1750
0408901001,1125
0409001001,490
0409101001,445
0409201001,1960
0409201002,1805
0409301001,1830
0409301002,1885
0409401001,225
0409501001,960
0409601001,335
0409701001,295
0409801001,850
0409802001,1320
0409901001,1115
0409901002,1250
0409901003,1055
0409901004,2155
0409902001,1270
0410001001,2915
0410002001,2425
0410003001,1720
0410003002,2370
0410003003,5185
0410101001,1885
0410101002,1600
0410102001,1940
0410201001,3150
0410201002,2680
0410201003,2795
0410201004,580
0410201005,1165
0410201006,4280
0410201007,2350
0410201008,1525
0410201009,2775
0410201010,2125
0410301001,1425
0410302001,1640
0490101001,660
0490201001,1010
0490201002,2440
0490201003,4050
0490201004,1235
0490201005,1220
0490201006,1855
0490201007,2960
0490201008,2425
0490201009,1415
0490201010,1765
0490201011,1760
0490201012,3140
0490201013,1565
0490201014,2820
0490201015,1260
0490201016,1195
0490201017,1225
0490201018,4245
0490201019,3330
0490201020,1625
0490201021,2340
0490201022,3080
0490201023,2745
0490201024,2670
0490201025,3535
0490201026,1855
0490201027,1025
0490201028,2635
0490201029,2575
0490201030,2985
0490201032,695
0490201033,1475
0490201034,2070
0490201035,2000
0490201036,2320
0490201037,1030
0490201038,1305
0490201039,1915
0490301001,1430
0490301002,3380
0490301003,1930
0490301004,1740
0500101001,265
0500201001,2685
0500501001,220
0500701001,135
0500801001,255
0501001001,205
0501201001,175
0501301001,1025
0501401001,2430
0501401002,540
0501402001,615
0501402002,2010
0501403001,1155
0501501001,105
0501601001,1205
0501602001,1800
0501602002,2195
0501602003,1945
0501602004,855
0501701001,90
0501801001,30
0501901001,1055
0501901002,1445
0501902001,1500
0501902002,1905
0501903001,1785
0501903002,2030
0501904001,1345
0501904002,1480
0501904003,1020
0501904004,1550
0501904005,1010
0501904006,1845
0501904007,615
0501904008,2700
0501904009,2180
0501904010,845
0501904011,1775
0501904012,1030
0501904013,800
0501904014,1440
0501905001,1995
0501905002,1395
0501905003,1315
0501905004,2450
0501905005,1410
0501905006,2220
0501906001,1030
0501906002,1170
0501906003,1725
0501906004,660
0501906005,1355
0501906006,735
0501906007,1070
0501906008,1130
0501906009,810
0501906010,1025
0501906011,1585
0501906012,2920
0501906013,2070
0501906014,1275
0502101001,1200
0502101002,1415
0502201001,1015
0502201002,1055
0502301001,205
0502401001,265
0502501001,115
0502601001,245
0502701001,340
0502901001,140
0503001001,50
0503301001,195
0503401001,20
0503501001,105
0503601001,140
0503701001,325
0503801001,135
0503901001,55
0504001001,80
0504101001,1300
0504201001,175
0504301001,85
0504401001,315
0504501001,115
0504601001,50
0504701001,1000
0504703001,1135
0504703002,2370
0504703003,690
0504801001,145
0504901001,495
0505101001,210
0505201001,105
0505301001,90
0505401001,1530
0505501001,810
0505601001,100
0505701001,475
0505702001,1115
0505702002,1870
0505801001,90
0505901001,115
0506001001,140
0506101001,340
0506201001,235
0506301001,45
0506401001,125
0506501001,535
0506601001,540
0506701001,90
0506901001,95
0507001001,45
0507201001,110
0507301001,345
0507401001,805
0507501001,95
0507601001,570
0507701001,195
0507801001,135
0507901001,65
0508001001,75
0508101001,45
0508201001,655
0508301001,160
0508401001,90
0508501001,40
0508601001,95
0508701001,100
0508801001,30
0508901001,565
0509001001,75
0509201001,190
0509301001,575
0509401001,170
0509501001,340
0509601001,85
0509701001,570
0509901001,610
0510001001,345
0510101001,315
0510201001,1155
0510201002,1225
0510301001,85
0510401001,35
0510501001,450
0510601001,40
0510701001,75
0510801001,70
0510901001,520
0511001001,865
0511201001,140
0511301001,90
0511401001,910
0511402001,705
0511501001,720
0511601001,140
0511701001,230
0511801001,95
0511901001,40
0512001001,40
0512101001,280
0512201001,155
0512301001,105
0512401001,135
0512501001,70
0512601001,80
0512701001,830
0512801001,410
0512901001,155
0513001001,105
0513101001,125
0513201001,1110
0513301001,60
0513401001,50
0513501001,500
0513601001,120
0513801001,390
0513901001,80
0514001001,140
0514101001,105
0514201001,120
0514301001,75
0514401001,95
0514501001,60
0514701001,185
0514801001,35
0514901001,130
0515101001,110
0515201001,850
0515301001,110
0515401001,45
0515501001,60
0515601001,325
0515701001,275
0515801001,425
0515901001,295
0516001001,350
0516101001,980
0516201001,110
0516301001,675
0516301002,1470
0516401001,35
0516501001,445
0516601001,260
0516701001,315
0516801001,1395
0516801002,1240
0516802001,1845
0516802002,1235
0516901001,250
0517001001,65
0517101001,85
0517201001,170
0517301001,60
0517401001,90
0517501001,210
0517601001,260
0517701001,185
0517801001,445
0517901001,265
0518001001,105
0518101001,40
0518201001,955
0518301001,185
0518401001,310
0518501001,125
0518601001,1035
0518602001,930
0518701001,1260
0518702001,1020
0518801001,60
0518901001,590
0519001001,60
0519101001,150
0519201001,100
0519301001,235
0519401001,170
0519501001,255
0519601001,75
0519701001,135
0519801001,85
0519901001,45
0520001001,65
0520101001,625
0520401001,815
0520501001,95
0520601001,35
0520701001,830
0520801001,55
0520901001,100
0521001001,105
0521101001,525
0521201001,275
0521301001,115
0521401001,55
0521501001,200
0521601001,230
0521701001,75
0521801001,160
0521901001,55
0522001001,475
0522101001,430
0522201001,165
0522401001,100
0522501001,450
0522601001,95
0522701001,575
0522801001,205
0522901001,90
0523001001,110
0523101001,205
0523201001,115
0523301001,275
0523401001,60
0523501001,145
0523601001,140
0523701001,210
0523801001,955
0523901001,250
0524001001,2730
0524002001,2010
0524101001,1525
0524101002,2825
0524201001,810
0524301001,105
0524401001,65
0524501001,415
0524601001,75
0524701001,275
0524901001,115
0525101001,80
0525201001,70
0525301001,90
0525401001,265
0525601001,135
0525701001,155
0525801001,145
0525901001,155
0526001001,115
0526101001,50
0526201001,420
0526301001,190
0526401001,55
0526501001,95
0526601001,120
0526701001,120
0590101001,315
0590201001,345
0590301001,175
0590401001,155
0590501001,260
0600101001,810
0600201001,1560
0600201002,1080
0600201003,1200
0600202001,1820
0600301001,995
0600401001,985
0600401002,975
0600501001,1140
0600501002,870
0600601001,1360
0600602001,1070
0600603001,2355
0600604001,795
0600701001,740
0600701002,1130
0600801001,750
0600901001,245
0601001001,1290
0601101001,1335
0601101002,2195
0601101003,2060
0601101004,600
0601102001,1980
0601102002,1275
0601102003,1900
0601102004,2125
0601102005,1565
0601102006,1610
0601102007,1850
0601102008,2050
0601103001,870
0601103002,1880
0601103003,1910
0601103004,1500
0601103005,2760
0601104001,1930
0601104002,1970
0601104003,785
0601201001,1410
0601201002,1305
0601201003,1535
0601301001,320
0601401001,1260
0601401002,840
0601402001,485
0601402002,1725
0601403001,1360
0601403002,1065
0601404001,1330
0601501001,1300
0601501002,730
0601501003,1210
0601501005,980
0601501008,1300
0601501010,2055
0601501011,1355
0601501012,865
0601502001,2515
0601502002,1355
0601502004,2265
0601502005,3355
0601503001,1520
0601503002,2220
0601503003,1530
0601503004,620
0601503005,1235
0601503006,1430
0601503007,1025
0601503008,925
0601503009,740
0601503010,1120
0601503011,875
0601503012,1070
0601503013,1525
0601504001,2005
0601504002,1130
0601504003,960
0601504005,1545
0601504006,2890
0601504007,1675
0601504009,1180
0601504010,990
0601504011,1635
0601504012,2885
0601504013,395
0601504014,1575
0601504015,1200
0601504016,1325
0601504017,1165
0601505001,1160
0601505003,485
0601505004,900
0601505005,1130
0601505006,1510
0601505011,820
0601505012,1210
0601505013,1345
0601505014,625
0601505020,635
0601505025,740
0601506001,1350
0601506003,685
0601506004,655
0601506005,1595
0601506006,960
0601506008,1725
0601507001,2505
0601507002,1525
0601507003,2040
0601507004,1680
0601507005,900
0601507006,2050
0601507007,1875
0601507008,1470
0601507009,740
0601507010,1490
0601507011,885
0601507012,1665
0601507013,1230
0601508001,1290
0601508002,1645
0601508004,1305
0601508006,1270
0601508009,715
0601508010,1915
0601508011,1555
0601508012,1225
0601508013,3335
0601509008,1445
0601509009,765
0601509010,880
0601509018,800
0601509019,1335
0601509021,1380
0601509022,1045
0601509023,1050
0601509024,1060
0601509026,2110
0601509027,1305
0601509028,1290
0601509029,1555
0601509030,2030
0601509031,1035
0601509032,995
0601509036,1780
0601509037,1485
0601510001,2355
0601510015,1805
0601510016,3250
0601510017,2530
0601510033,820
0601510034,2595
0601510035,2790
0601510036,1655
0601601001,1395
0601602001,795
0601603001,1485
0601701001,335
0601801001,915
0601901001,855
0601901002,1055
0601902001,570
0602001001,1375
0602001002,900
0602101001,1140
0602201001,1395
0602201003,1840
0602301001,580
0602301002,800
0602302001,1015
0602302003,855
0602303001,960
0602304001,990
0602401001,695
0602402001,725
0602501001,1150
0602501002,1980
0602501003,1400
0602501004,1760
0602601001,1035
0602701001,915
0602801001,675
0602801002,1150
0602802001,945
0602802002,975
0602803001,1460
0602901001,1445
0603001001,180
0603101001,575
0603201001,85
0603301001,965
0603302001,670
0603401001,210
0603501001,1150
0603601001,880
0603601002,1365
0603602001,805
0603602002,1130
0603603001,1465
0603603002,630
0603701001,2290
0603801001,990
0603901001,1070
0603901002,1185
0604001001,1320
0604101001,555
0604201001,1225
0604301001,760
0604401001,1400
0604401002,1155
0604401003,2115
0604401004,995
0604401005,1750
0604402001,1650
0604402002,2820
0604402003,885
0604402004,0
0604403001,1495
0604403002,1645
0604403003,1455
0604403004,1005
0604403005,2060
0604404001,1765
0604404002,2610
0604404003,1345
0604404004,1670
0604405001,1140
0604405002,1840
0604405003,625
0604405004,675
0604405005,930
0604405006,840
0604405007,1150
0604405008,1620
0604501001,610
0604601001,1535
0604701001,1070
0604801001,1015
0604901001,1275
0605001001,630
0605001002,1230
0605002001,1445
0605003001,1820
0605101001,1110
0605101002,840
0605201001,890
0605202001,1260
0605203001,1790
0605203002,965
0605301001,740
0605401001,1245
0605401002,1055
0605401003,1100
0605402001,1695
0605402002,1790
0605501001,1055
0605502001,795
0605502002,625
0605601001,560
0605701001,635
0605801001,860
0605801002,1650
0605901001,915
0605901002,710
0605901003,640
0606001001,1725
0606001002,1410
0606002001,1955
0606002002,1040
0606003001,1135
0606101001,1325
0606201001,730
0606301001,695
0606302001,1120
0606303001,1890
0606401001,1020
0606501001,360
0606601001,955
0606601002,1135
0606701001,1115
0606701002,770
0606701003,565
0606801001,530
0606901001,1220
0606901002,960
0606901003,1610
0607001001,965
0607001002,2015
0607002001,2120
0607002002,850
0607003001,1775
0607004001,950
0607005001,1160
0607101001,295
0607201001,1595
0607201002,1265
0607301001,915
0607401001,1910
0607401002,900
0607402001,2170
0607403001,935
0607501001,575
0607601001,1030
0607701001,425
0607801001,630
0607901001,760
0608001001,800
0608001002,1555
0608101001,1275
0608201001,470
0608301001,745
0608301003,1365
0608301004,1015
0608301005,1105
0608301006,1035
0608301007,965
0608301008,730
0608302001,1110
0608302002,825
0608302003,1225
0608302004,1225
0608302005,1120
0608303001,650
0608303002,1835
0608303003,680
0608303004,1935
0608303005,790
0608303006,2385
0608303007,1490
0608303009,2855
0608303010,795
0608304001,1390
0608304002,2150
0608304005,585
0608304006,765
0608304007,2000
0608304008,1680
0608304009,1275
0608304010,2570
0608304011,1575
0608304012,1585
0608304013,2565
0608305001,650
0608306001,530
0608306002,1570
0608306003,980
0608306004,1470
0608306005,3985
0608306006,1200
0608306007,495
0608306008,1730
0608306009,645
0608401001,1360
0608501001,665
0608501002,1465
0608502001,1365
0608502002,855
0608601001,935
0608601002,560
0608701001,1115
0608701002,760
0608702001,765
0608801001,685
0608801002,1745
0608801003,550
0608801004,1890
0608801005,1970
0608802001,1375
0608802002,1110
0608802004,1275
0608803001,1490
0608803002,1365
0608804001,510
0608804002,2230
0608901001,740
0609001001,1045
0609101001,1145
0609101002,1455
0609102001,690
0609102002,1510
0609201001,705
0609301001,765
0609301002,1350
0609302001,1510
0609302002,850
0609303001,1040
0609401001,1010
0609402001,835
0609501001,855
0609501002,2690
0609501003,885
0609501004,1900
0609501005,1410
0609501007,900
0609501008,1260
0609501009,1940
0609601001,280
0609701001,785
0609701002,1005
0609701003,1130
0609801001,715
0609901001,1385
0610001001,1085
0610101001,610
0610201001,1225
0610301001,750
0610301002,2280
0610302001,1270
0610302002,1690
0610401001,840
0610501001,770
0610601001,525
0610701001,985
0610701002,945
0610801001,1520
0610801002,1325
0610901001,1340
0610901002,1260
0610901003,1205
0610901004,1170
0611001001,195
0611101001,660
0611201001,495
0611301001,1010
0611301002,1370
0611301003,1050
0611401001,155
0611501001,865
0611501002,660
0611601001,970
0611602001,1010
0611701001,1000
0611702001,770
0611801001,235
0611901001,880
0612001001,1535
0612001002,1635
0612001003,1110
0612101001,825
0612101002,1300
0612102001,2210
0612201001,1375
0612201002,975
0612202001,1465
0612202002,1670
0612203001,1165
0612203002,1555
0612301001,1900
0612301002,885
0612302001,1695
0612303001,1300
0612401001,1065
0612402001,1005
0612501001,880
0612502001,1215
0612601001,915
0612601002,1840
0612701001,1005
0612701002,1255
0612701003,1325
0612801001,1110
0612801002,1720
0612801003,1840
0612801004,890
0612901001,770
0613001001,250
0613101001,1260
0613201001,1045
0613301001,2245
0613401001,685
0613501001,1450
0613601001,940
0613601002,985
0613701001,1195
0613801001,1290
0613901001,680
0614001001,790
0614101001,720
0614101002,1435
0614201001,310
0614301001,1660
0614302001,1220
0614302002,1340
0614401001,685
0614501001,1125
0614601001,1390
0614701001,425
0614801001,1185
0614901001,1520
0614901002,890
0614902001,1665
0614902002,2125
0614902003,850
0614903001,1135
0614903002,1275
0614903003,1035
0614904001,1210
0614904002,1495
0615001001,1000
0615101001,1330
0615201001,770
0615201002,845
0615301001,915
0615301002,1660
0615301003,1875
0615301004,730
0615302001,2385
0615302002,1240
0615302003,1320
0615302004,1950
0615302005,1065
0615303001,1895
0615303002,1560
0615303003,2010
0615303004,1905
0615303005,1535
0615304001,860
0615304002,1250
0615304003,855
0615304004,900
0615401001,1000
0615401002,925
0615401003,1655
0615501001,1270
0615501002,1085
0615601001,1410
0615701001,550
0615801001,1925
0615801002,665
0615801003,1655
0615801004,1190
0615801005,1270
0615801006,1880
0615802001,2335
0615802002,1530
0615802003,785
0615802004,2320
0615802005,1085
0615901001,1305
0615902001,1570
0616001001,1455
0616001002,1235
0616001003,1200
0616101001,375
0616201001,890
0616201002,1385
0616201003,1315
0690101001,1475
0690101002,1365
0690201001,2060
0700101001,1750
0700101002,2580
0700102001,940
0700201001,1765
0700201002,2055
0700202001,1495
0700202002,1830
0700202003,2280
0700301001,1820
0700301002,1130
0700301003,3040
0700302001,1845
0700303001,2035
0700303002,550
0700303003,1505
0700304001,2345
0700304002,4640
0700401001,2750
0700402001,2525
0700501001,2020
0700501002,2025
0700501003,2340
0700502001,3365
0700503001,1485
0700601001,1110
0700601002,3635
0700602001,1575
0700602002,1200
0700701001,555
0700801001,2045
0700801002,1515
0700802001,1525
0700802002,2550
0700901001,1015
0701001001,1555
0701001002,2285
0701002001,2435
0701101001,1380
0701101002,730
0701101003,1065
0701102001,2120
0701102002,2310
0701102003,1895
0701102004,1700
0701103001,1295
0701103002,2460
0701103003,1405
0701103004,1640
0701103005,2740
0701103006,2240
0701104001,2105
0701104002,3270
0701104003,2040
0701104004,1835
0701105001,2015
0701105002,2025
0701105003,3035
0701105004,3345
0701105005,1675
0701105006,1840
0701106001,1815
0701106002,1695
0701201001,1320
0701202001,1215
0701301001,2290
0701301002,1860
0701302001,2180
0701302002,1320
0701302003,2035
0701401001,1255
0701401002,2160
0701401003,3565
0701401004,2350
0701401005,1940
0701501001,1025
0701501002,2160
0701501003,2130
0701501004,435
0701501005,1995
0701502001,930
0701502002,3040
0701502003,2580
0701502004,1770
0701503001,1945
0701503002,1450
0701503003,1185
0701504001,1430
0701504002,2160
0701504003,2195
0701504004,2990
0701601001,1310
0701601002,2445
0701701001,1115
0701801001,685
0701901001,260
0702001001,2150
0702001002,2695
0702101001,365
0702201001,1445
0702201002,1685
0702202001,1170
0702202002,1075
0702202003,1610
0702203001,1430
0702203002,2085
0702204001,565
0702204002,1510
0702204003,2110
0702204004,3150
0702301001,1970
0702301002,1675
0702301003,1010
0702401001,3035
0702401002,840
0702401003,1110
0702402001,4610
0702402002,940
0702501001,695
0702602001,2305
0702603001,1805
0702603002,1250
0702603003,2230
0702604001,2765
0702604002,2270
0702604003,1410
0702604004,685
0702604005,3385
0702604006,3225
0702604007,245
0702604008,1115
0702604009,1175
0702604010,1000
0702604011,1315
0702604012,1425
0702604013,1335
0702604014,3000
0702604015,1200
0702604016,3045
0702604017,2560
0702604018,655
0702604019,1030
0702604020,1320
0702604021,2550
0702604022,1600
0702604023,1345
0702604024,1010
0702701001,2660
0702701002,1720
0702701003,1095
0702701004,1600
0702701005,1475
0702701006,1690
0702702001,1485
0702702002,1210
0702702003,2050
0702702004,2150
0702702005,2450
0702702006,1615
0702702007,975
0702703001,1110
0702703002,1705
0702703003,1100
0702703004,2900
0702703005,1235
0702801001,1310
0702901001,1150
0702901002,1140
0702902001,1565
0702902002,1835
0703001001,1125
0703002001,1110
0703101001,1490
0703101002,1290
0703102001,880
0703102002,1445
0703103001,1845
0703103002,900
0703103003,2635
0703104001,900
0703104002,1080
0703104003,1685
0703104004,1015
0703104005,1670
0703104006,1225
0703104007,3825
0703104008,3255
0703104009,545
0703104010,2580
0703104011,3540
0703104012,1945
0703104013,1325
0703105001,870
0703201001,1020
0703201002,2425
0703202001,2360
0703202002,1650
0703202003,3200
0703202004,0
0703203001,1910
0703203002,2155
0703203003,1930
0703203004,2270
0703203005,3425
0703203006,1615
0703204001,1850
0703204002,1745
0703205001,1045
0703301001,1245
0703301002,1490
0703301003,1775
0703301004,1945
0703302001,2070
0703302002,1090
0703302003,2090
0703302004,1200
0703303001,1410
0703303002,1455
0703303003,1960
0703303004,1585
0703303005,830
0703304001,1270
0703304002,1470
0703304003,615
0703304004,1950
0703305001,2755
0703305002,2775
0703305003,3345
0703306001,2505
0703307001,1075
0703307002,2425
0703401001,1320
0703501001,975
0703502001,1150
0703601001,1345
0703601002,2355
0703601003,2100
0703601004,1225
0703601005,1225
0703601006,2890
0703601007,1525
0703602001,1245
0703602002,1500
0703602003,2295
0703602004,1410
0703602005,1875
0703602006,2590
0703602007,1375
0703602008,1750
0703602009,1030
0703602010,2765
0703602011,1265
0703602012,1535
0703602013,1170
0703701001,3245
0703701002,2035
0703701003,0
0703801001,1360
0703802001,1495
0703901001,1135
0703901002,2560
0703902001,1475
0703902002,1775
0704001001,840
0704001002,1600
0704001003,705
0704001004,985
0704001005,1275
0704001006,955
0704001007,1350
0704001008,815
0704001009,1145
0704001010,1010
0704001011,975
0704001012,1815
0704001013,870
0704001014,2190
0704001015,965
0704001016,820
0704001017,990
0704001018,700
0704001019,1670
0704002001,1170
0704002002,1065
0704002003,1005
0704002004,1430
0704002005,995
0704002006,1835
0704002007,1840
0704002008,1690
0704002009,1345
0704002010,1210
0704002011,2785
0704002012,2660
0704002013,2020
0704002014,1065
0704002015,3025
0704002016,2005
0704002017,4430
0704002018,3245
0704002019,870
0704002020,855
0704002021,1430
0704002022,1920
0704002023,1115
0704002024,2550
0704002025,1875
0704002026,1525
0704002027,1130
0704002028,1380
0704002029,975
0704002030,1610
0704002031,1730
0704002032,2445
0704002033,1245
0704002034,1455
0704002035,1180
0704002036,1565
0704002037,1030
0704002038,1400
0704002039,1785
0704002040,1655
0704002041,1220
0704002042,1295
0704002043,1165
0704002044,1675
0704002045,1980
0704002046,1640
0704002047,2390
0704002048,1275
0704002049,2585
0704002050,1915
0704002051,1280
0704002052,880
0704002053,1250
0704002054,1715
0704002055,1995
0704002056,3190
0704002057,2045
0704002058,1905
0704002059,4405
0704002060,2175
0704002061,1135
0704002062,2155
0704002063,890
0704002064,1190
0704002065,1650
0704002066,2935
0704003001,2045
0704003002,2460
0704003003,945
0704003004,1795
0704003005,2170
0704003006,1210
0704003007,1695
0704003008,1140
0704003009,1320
0704003010,1575
0704003011,2185
0704003012,2530
0704003013,2890
0704003014,1665
0704003015,1030
0704003016,1575
0704003017,1860
0704003018,1225
0704003019,2035
0704003020,1935
0704003021,1820
0704003022,2195
0704003023,1100
0704003024,1975
0704003025,1465
0704003026,2000
0704003027,2275
0704003028,1645
0704003029,1625
0704003030,940
0704003031,2490
0704003032,1235
0704003033,2540
0704003034,880
0704003035,2385
0704003036,950
0704003037,720
0704003038,1060
0704003039,1060
0704003040,1445
0704003041,1550
0704003042,1980
0704003043,2665
0704003044,2510
0704003045,1450
0704003046,1000
0704003047,1930
0704003048,1440
0704003049,1015
0704003050,1700
0704003051,2525
0704003052,2445
0704003053,1035
0704004001,1155
0704004002,1605
0704004003,1265
0704004004,2430
0704004005,1280
0704004006,1810
0704004007,2350
0704004008,1955
0704004009,1050
0704004010,1400
0704004011,2340
0704004012,1995
0704004013,1030
0704004014,805
0704004015,1955
0704004016,1695
0704004017,1635
0704004018,1640
0704004019,1400
0704004020,1980
0704004021,1055
0704004022,1385
0704004023,1370
0704004024,1615
0704004026,1685
0704004027,1415
0704004028,1755
0704004029,1735
0704004030,1300
0704004031,1460
0704004032,1035
0704004033,1470
0704004034,1800
0704004035,1285
0704004036,1950
0704004037,2385
0704004038,2005
0704004039,2355
0704004040,2600
0704004041,1840
0704004042,1500
0704004043,1940
0704004044,1785
0704004045,1165
0704004046,1590
0704004047,1415
0704004049,1340
0704004050,2500
0704004051,1605
0704004052,1520
0704004053,2390
0704004054,1195
0704004055,2130
0704004056,1760
0704004057,1300
0704004058,1735
0704004059,1765
0704004060,1240
0704004061,1590
0704004062,1450
0704004063,895
0704004064,1285
0704004065,1370
0704004066,795
0704004067,1805
0704004068,1580
0704004069,1395
0704004070,1280
0704004071,700
0704004072,1205
0704004073,2120
0704004074,2270
0704004075,925
0704004076,1490
0704004077,2700
0704004078,630
0704004079,595
0704004080,1535
0704004081,1560
0704004082,2345
0704004083,1045
0704004084,575
0704004085,1665
0704004086,1590
0704004087,1835
0704005001,970
0704005002,1865
0704005003,3145
0704005004,3040
0704005005,1485
0704005006,1455
0704005007,2090
0704005008,1875
0704005009,2110
0704005010,2055
0704005011,1610
0704005012,1225
0704005013,1555
0704005014,2155
0704005015,1410
0704005016,1600
0704005017,1285
0704005018,1020
0704005019,2190
0704005020,3210
0704005021,1150
0704101001,985
0704102001,1895
0704201001,790
0704201002,1355
0704202001,2560
0704203001,1715
0704203002,2245
0704203003,3460
0704203004,2000
0704204001,1860
0704301001,2000
0704301002,1175
0704302001,760
0704302002,1505
0704401001,2450
0704402001,2020
0704403001,1335
0704403002,2315
0704404001,3050
0704404002,1805
0704501001,1880
0704601001,1450
0704601002,2580
0704601003,1835
0704601004,1070
0704601005,2270
0704601006,1750
0704601007,3000
0704601008,2475
0704601009,825
0704601010,1525
0704602001,2250
0704602002,880
0704701001,1405
0704702001,1665
0704801001,1160
0704801002,845
0704801003,4355
0704801004,3165
0704801005,870
0704801006,2740
0704802001,2055
0704802002,570
0704802003,2495
0704802004,3290
0704802005,620
0704802006,1905
0704901001,1155
0704902001,870
0705001001,1045
0705001002,2915
0705001003,1395
0705101001,1185
0705101002,1635
0705102001,820
0705102002,4850
0705201001,3325
0705201002,1855
0705201003,2095
0705301001,1675
0705401001,1860
0705401002,4240
0705401003,2620
0705401004,3435
0705401005,1400
0705401006,1720
0705401007,1750
0705401008,1560
0705402001,3950
0705402002,2460
0705403001,1560
0705404001,2105
0705404002,1330
0705405001,2565
0705405002,1150
0705501001,1005
0705501002,1640
0705502001,1865
0705502002,2890
0705502003,2035
0705502004,2215
0705601001,2470
0705602001,1745
0705602002,2195
0705701001,770
0705701002,2420
0705701003,1005
0705701004,1735
0705701005,2480
0705701006,2110
0705702001,1040
0705702002,865
0705801001,2295
0705801002,645
0705802001,760
0705901001,1760
0705901002,3230
0706001001,1715
0706002001,1955
0706101001,1330
0706101002,2145
0706101003,1530
0706102001,1525
0706102002,1985
0706102003,1235
0706102004,1195
0706103001,1100
0706103002,1735
0706201001,2150
0706201002,1235
0706201003,1770
0706201004,2335
0706201005,2090
0706202001,2330
0706301001,1985
0706401001,1870
0706401002,3080
0706401003,1785
0706401004,1155
0706501001,1445
0706502001,1540
0790101001,890
0790201001,1520
0800101001,1220
0800101002,2110
0800101003,915
0800101004,2370
0800101005,1275
0800101007,2320
0800101008,1585
0800201001,250
0800301001,2250
0800301002,2280
0800301003,2470
0800301004,2285
0800401001,295
0800501001,2210
0800501002,1710
0800501003,2480
0800501004,960
0800501005,750
0800601001,1600
0800601002,4235
0800601003,945
0800602001,1400
0800602002,1815
0800602003,1120
0800602004,3395
0800701001,1285
0800701002,2850
0800702001,2295
0800702002,1945
0800801001,245
0800901001,810
0800901002,1665
0800901003,1275
0800901004,1545
0800901005,1030
0800901006,2080
0800902001,1895
0800902002,1445
0801001001,1205
0801002001,1400
0801002002,805
0801002003,2070
0801101001,2260
0801201001,2245
0801301001,1715
0801401001,2405
0801501001,1235
0801501002,1470
0801501003,1200
0801501004,1375
0801501005,1675
0801501007,1545
0801501008,600
0801502001,1260
0801502002,1715
0801502003,965
0801502004,2060
0801502005,1860
0801502007,770
0801502008,2350
0801502009,1075
0801502010,1110
0801502011,1445
0801502012,1240
0801502013,840
0801502015,855
0801503001,1755
0801503003,2110
0801503004,1680
0801503005,1200
0801503006,990
0801503007,1255
0801503008,545
0801503009,795
0801503010,1195
0801503011,1460
0801503012,1205
0801503013,2540
0801504001,1555
0801504002,1510
0801504003,1750
0801504004,2220
0801504005,1300
0801504006,2235
0801504007,2265
0801504008,1460
0801504009,975
0801504010,970
0801504011,1130
0801504012,1595
0801504013,1215
0801504014,2510
0801504015,1455
0801504016,2270
0801505001,2635
0801505002,695
0801505003,2455
0801505004,2435
0801505005,1760
0801505006,1175
0801506001,1350
0801506002,1155
0801506003,850
0801506004,1615
0801506005,1220
0801506006,930
0801507001,1545
0801507002,2135
0801507003,1525
0801507004,1430
0801507005,815
0801507006,865
0801507007,4300
0801507008,1225
0801507009,980
0801507010,610
0801507011,2260
0801507012,1155
0801507013,1550
0801507014,2890
0801507015,790
0801507017,1975
0801507018,1760
0801507020,1585
0801507021,765
0801507022,805
0801507023,2320
0801507024,1845
0801507025,1460
0801507028,1240
0801507029,2200
0801507030,1885
0801507031,1385
0801508001,1850
0801508002,2245
0801508003,2315
0801508004,610
0801508005,1665
0801508006,1850
0801508007,1730
0801508008,2040
0801508009,1360
0801508010,1655
0801508011,890
0801508012,2625
0801508013,950
0801509001,2130
0801509002,830
0801509003,1210
0801509004,2620
0801509005,780
0801509006,565
0801509008,1465
0801509009,1085
0801509010,770
0801509011,930
0801509012,1775
0801509013,470
0801509014,1575
0801509015,2345
0801509016,1820
0801509017,1995
0801509018,1690
0801509019,1645
0801509020,725
0801509021,1755
0801509022,1485
0801509023,775
0801509024,1705
0801509025,1085
0801509026,1240
0801509027,1285
0801509028,2435
0801509030,1340
0801509031,915
0801509032,565
0801509033,1630
0801509034,1765
0801509035,1755
0801509036,780
0801509037,1055
0801509038,3185
0801509042,175
0801509043,1915
0801509044,935
0801509045,1080
0801509047,1170
0801509049,1225
0801509050,820
0801509052,860
0801509053,1190
0801509054,1270
0801509057,1170
0801509058,1610
0801509059,855
0801601001,2315
0801701001,2680
0801701002,1015
0801801001,1870
0801801002,1215
0801801003,370
0801901001,1065
0801901002,1670
0801901003,3405
0801901004,1910
0801901005,1605
0801901006,1310
0801901007,1395
0801901008,5130
0801901009,1780
0801901010,2805
0801901011,1415
0801901012,1180
0801901013,1305
0801901014,965
0801901015,2950
0801901016,2725
0801901017,1660
0801901018,1060
0801901019,3155
0801901020,1375
0801901021,3425
0801901022,1275
0801901023,3200
0801901024,535
0801901025,1485
0801901026,2205
0801901027,1405
0801901028,1775
0801901029,2640
0801901030,1720
0801901031,1340
0801901032,2090
0801901033,2100
0801901034,955
0801901035,1135
0801901036,1510
0801901037,1630
0801901038,2030
0801901039,1960
0801901040,1275
0801901041,1195
0801901042,2070
0801901043,970
0801901044,1540
0801901045,2465
0801901046,915
0801901047,1820
0801901048,2000
0801901049,1335
0801901050,935
0801901051,1125
0801901052,2265
0801901053,3635
0801901054,1430
0801901055,1905
0801902001,1335
0801902002,1400
0801902003,1145
0801902004,1470
0801902005,2705
0801902006,1635
0801902007,1115
0801902008,2260
0801902009,1445
0801902010,1035
0801902011,935
0801902012,1890
0801902013,1085
0801902014,1230
0801902015,1235
0801902016,1520
0801902017,2150
0801902018,1510
0801902019,2080
0801902020,1505
0801902021,1190
0801902022,1165
0801902023,1475
0801902024,1400
0801902025,1045
0801902026,2040
0801902027,2095
0801902028,2320
0801902029,1025
0801902030,1820
0801902031,1265
0801902032,1070
0801902033,1500
0801902034,765
0801902035,1840
0801902036,1310
0801902037,1335
0801902038,1355
0801902039,1770
0801902040,1630
0801902041,1420
0801902042,1405
0801902043,1560
0801902044,1020
0801902045,960
0801902046,2010
0801902047,1745
0801902048,925
0801902049,2155
0801902050,1480
0801902051,2165
0801902052,1955
0801902053,1865
0801902054,2205
0801902055,1730
0801902056,1430
0801902057,985
0801902058,1515
0801902059,1410
0801902060,1710
0801902061,1915
0801902062,1630
0801902063,885
0801902064,1395
0801902065,1490
0801902066,1620
0801902067,1450
0801902068,1620
0801902069,1165
0801902070,825
0801902071,1810
0801902072,945
0801902073,1380
0801902074,1545
0801902075,1345
0801902076,1320
0801902077,1315
0801902078,1645
0801902079,1465
0801902080,1215
0801902081,1645
0801902082,1320
0801902083,1815
0801902084,1500
0801902085,1315
0801902086,1195
0801902087,1835
0801902088,1535
0801902089,1485
0801902090,1505
0801902091,1825
0801902092,965
0801902093,1625
0801902094,1040
0801902095,1300
0801902096,1145
0801902097,965
0801902098,1270
0801902099,1495
0801902100,1625
0801902101,1880
0801902102,1255
0801902103,1710
0801902104,1070
0801902105,2080
0801902106,1460
0801902107,1645
0801902108,2240
0801902109,2420
0801902110,2150
0801902111,1400
0801902112,1370
0801902113,1940
0801902114,1625
0801902115,1530
0801902116,835
0801902117,1045
0801902118,1675
0801902119,1450
0801902120,1600
0801902121,1625
0801902122,1440
0801902123,1175
0801902124,1420
0801902125,1855
0801902126,1475
0801902127,690
0801902128,1140
0801902129,1735
0801902130,920
0801902131,1455
0801902132,1195
0801902133,950
0801902134,2045
0801902135,2265
0801902136,1110
0801902137,1490
0801902138,2040
0801902139,2050
0801902140,2395
0801902141,1285
0801902142,2105
0801902143,1445
0801902144,1385
0801902145,1180
0801902146,1380
0801902147,2445
0801902148,1735
0801902149,1405
0801902150,1265
0801902151,1595
0801902152,1675
0801902153,1855
0801902154,865
0801902155,1425
0801902156,1115
0801902157,1175
0801902158,1585
0801902159,2115
0801902160,1875
0801902161,1745
0801902162,1825
0801902163,1425
0801902164,1525
0801902165,1590
0801902166,2210
0801902167,2065
0801902168,2325
0801902169,1325
0801902170,1170
0801902171,1325
0801902172,1340
0801902173,1330
0801903001,1630
0801903002,3040
0801903003,1930
0801903004,1375
0801903005,1455
0801903006,1505
0801903007,1555
0801903008,765
0801903009,1085
0801903010,1320
0801903011,1500
0801903012,1875
0801903013,1250
0801903014,1560
0801903015,3385
0801903016,880
0801903017,1000
0801903018,1500
0801903019,1190
0801903020,995
0801903021,1245
0801903022,1350
0801903023,2020
0801903024,2150
0801903025,790
0801903026,1080
0801903027,1770
0801903028,2330
0801903029,1490
0801903030,1760
0801903031,2550
0801903032,1490
0801903033,825
0801903034,3315
0801903035,7480
0801903036,2375
0801903037,1385
0801903038,900
0801903039,1915
0801903040,1610
0801903041,925
0801903042,1275
0801903043,1565
0801903044,1680
0801903045,1390
0801903046,1780
0801903047,1515
0801903048,1705
0801903049,1780
0801903050,1200
0801903051,1605
0801903052,1370
0801903053,1835
0801903054,1545
0801903055,1530
0801903056,995
0801903057,1325
0801903058,1270
0801903059,1340
0801903060,1445
0801903061,915
0801903062,1870
0801903063,1410
0801903064,1300
0801903065,1515
0801903066,1965
0801903067,1860
0801903068,1450
0801903069,1360
0801903070,1020
0801903071,1310
0801903072,1280
0801903073,1800
0801903074,1855
0801903075,1715
0801903076,775
0801903077,1475
0801903078,1750
0801903079,2230
0801903080,1465
0801903081,1720
0801903082,1680
0801903083,1720
0801903084,1645
0801903085,840
0801903086,1635
0801903087,1520
0801903088,1745
0801903089,1280
0801903090,1560
0801903091,1840
0801903092,1480
0801903093,1605
0801903094,1060
0801903095,1680
0801903096,1875
0801903097,2000
0801903098,1570
0801903099,1300
0801903100,1180
0801903101,1585
0801903102,1290
0801903103,1085
0801903104,1465
0801903105,1065
0801903106,1280
0801903107,1440
0801903108,1445
0801903109,1595
0801903110,1470
0801903111,1290
0801903112,2245
0801903113,1970
0801903114,2140
0801904001,1065
0801904002,2010
0801904003,1175
0801904004,1000
0801904005,1235
0801904006,1265
0801904007,875
0801904008,1175
0801904009,1815
0801904010,1080
0801904011,1500
0801904012,1380
0801904013,1065
0801904014,770
0801904015,2355
0801904016,1125
0801904017,1235
0801904018,1395
0801904019,980
0801904020,1615
0801904021,1460
0801904022,1055
0801904023,980
0801904024,780
0801904025,1310
0801904026,1260
0801904027,1025
0801904028,1275
0801904029,1530
0801904030,1805
0801904031,1400
0801904032,1885
0801904033,1380
0801904034,1625
0801904035,1955
0801904036,1690
0801904037,1930
0801904038,1550
0801904039,1015
0801904040,1450
0801904041,1160
0801904042,1755
0801904043,1830
0801904044,1650
0801904045,1310
0801904046,2375
0801904047,1905
0801904048,2330
0801904049,1150
0801904050,1905
0801904051,1555
0801904052,1870
0801904053,1505
0801904054,1070
0801904055,1430
0801904056,1415
0801905001,1040
0801905002,955
0801905003,890
0801905004,840
0801905005,955
0801905006,2130
0801905007,1465
0801905008,1325
0801905009,1640
0801905010,1145
0801905011,1305
0801905012,1305
0801905013,2025
0801905014,2000
0801905015,1710
0801905016,2105
0801905017,1650
0801905018,1235
0801905019,1975
0801905020,1430
0801905021,1350
0801905022,1810
0801905023,1115
0801905024,1735
0801905025,1225
0801905026,1275
0801905027,1380
0801905028,1790
0801905029,1515
0801905030,1270
0801905031,1445
0801905032,1690
0801905033,1115
0801905034,1310
0801905035,1030
0801905036,1750
0801905037,1395
0801905038,1490
0801905039,1600
0801905040,1665
0801905041,1905
0801905042,760
0801905043,1390
0801905044,1165
0801905045,1960
0801905046,1150
0801905047,1365
0801905048,1005
0801905049,1185
0801905050,1525
0801905051,1440
0801905052,1220
0801905053,1320
0801905054,640
0801905055,1530
0801905056,1070
0801905057,1225
0801905058,1190
0801905059,1485
0801905060,1320
0801905061,1585
0801905062,1990
0801905063,1745
0801905064,1415
0801905065,1585
0801905066,1235
0801905067,1120
0801905068,1020
0801905069,1600
0801905070,1240
0801905071,1480
0801905072,1530
0801905073,1850
0801905074,1805
0801905075,1435
0801905076,1525
0801905077,1090
0801905078,2310
0801905079,1005
0801905080,1235
0801905081,1560
0801905082,1600
0801905083,1160
0801905084,1585
0801905085,1415
0801905086,1510
0801905087,1345
0801905088,2045
0801905089,1755
0801905090,2040
0801905091,1500
0801905092,1520
0801905093,980
0801905094,2770
0801905095,1700
0801905096,1370
0801905097,1585
0801905098,1660
0801906001,940
0801906002,1570
0801906003,1540
0801906004,1150
0801906005,1230
0801906006,1165
0801906007,2290
0801906008,1855
0801906009,1270
0801906010,990
0801906011,1465
0801906012,1140
0801906013,1755
0801906014,1690
0801906015,1255
0801906016,1575
0801906017,1425
0801906018,1355
0801906019,1210
0801906020,1065
0801906021,905
0801906022,1025
0801906023,1460
0801906024,1490
0801906025,1215
0801906026,965
0801906027,1210
0801906028,1235
0801906029,1365
0801906030,1215
0801906031,1075
0801906032,1035
0801906033,1465
0801906034,1275
0801906035,905
0801906036,1205
0801906037,1150
0801906038,1795
0801906039,1380
0801906040,1460
0801906041,1570
0801906042,1495
0801906043,1295
0801906044,1735
0801906045,1290
0801906046,1115
0801906047,965
0801906048,1180
0801906049,1180
0801906050,1305
0801906051,1015
0801906052,1595
0801906053,1165
0801906054,1880
0801906055,1150
0801906056,1600
0801906057,1385
0801906058,1625
0801906059,1760
0801906060,2080
0801906061,1530
0801906062,1300
0801906063,1785
0801906064,1910
0801906065,1205
0801906066,690
0801906067,1595
0801906068,1380
0801906069,1020
0801906070,1705
0801906071,990
0801906072,1735
0801906073,1215
0801906074,1345
0801906075,985
0801906076,1205
0801906077,1590
0801906078,1170
0801906079,1185
0801906080,1230
0801906081,1105
0801906082,1770
0801906083,1805
0801906084,1850
0801906085,1410
0801906086,825
0801906087,2585
0801906088,1130
0801907001,1310
0801907002,1120
0801907003,1445
0801907004,1480
0801907005,1710
0801907006,845
0801907007,1330
0801907008,1340
0801907009,1535
0801907010,1295
0801907011,1715
0801907012,1735
0801907013,1210
0801907014,730
0801907015,1650
0801907016,1750
0801907017,1965
0801907018,1475
0801907019,1585
0801907020,1555
0801907021,990
0801907022,1160
0801907023,1190
0801907024,1780
0801907025,1375
0801907026,980
0801907027,1490
0801907028,1835
0801907029,1275
0801907030,1305
0801907031,1455
0801907032,1205
0801907033,1495
0801907034,1810
0801907035,1595
0801907036,1160
0801907037,1290
0801907038,1510
0801907039,1710
0801907040,1590
0801907041,1210
0801907042,1600
0801907043,1315
0801907044,1480
0801907045,1750
0801907046,1125
0801907047,1300
0801907048,1320
0801907049,1320
0801907050,840
0801907051,1825
0801907052,1405
0801907053,1295
0801907054,1225
0801907055,1255
0801907056,1065
0801907057,1775
0801907058,1320
0801907059,1030
0801907060,1265
0801907061,1095
0801907062,1615
0801907063,1475
0801907064,1635
0801907065,1665
0801907066,1000
0801907067,1465
0801907068,905
0801907069,1615
0801907070,985
0801907071,1530
0801907072,1275
0801907073,1230
0801907074,1755
0801907075,1205
0801907076,1205
0801907077,1290
0801907078,1525
0801907079,1490
0801907080,1950
0801907081,2200
0801907082,1330
0801907083,1765
0801907084,1585
0801907085,1335
0801907086,1315
0801907087,1790
0801907088,1020
0801907089,1075
0801907090,1670
0801907091,995
0801907092,1470
0801907093,1210
0801907094,1345
0801907095,1530
0801907096,1085
0801907097,725
0801907098,1615
0801907099,1110
0801907100,1220
0801907101,1240
0801907102,640
0801907103,1235
0801907104,1870
0801907105,1170
0801907106,1285
0801907107,1215
0801907108,1255
0801907109,1405
0801907110,820
0801907111,800
0801907112,1210
0801907113,1225
0801907114,1310
0801907115,1035
0801907116,1970
0801907117,1250
0801907118,1270
0801907119,1370
0801907120,1425
0801907121,955
0801907122,1200
0801907123,1415
0801908001,1280
0801908002,1375
0801908003,1535
0801908004,1475
0801908005,1310
0801908006,2040
0801908007,1085
0801908008,1850
0801908009,1520
0801908010,910
0801908011,975
0801908012,1625
0801908013,1190
0801908014,1180
0801908015,1185
0801908016,1520
0801908017,1130
0801908018,1400
0801908019,1995
0801908020,1090
0801908021,1395
0801908022,1470
0801908023,1300
0801908024,1715
0801908025,1445
0801908026,1385
0801908027,1255
0801908028,1070
0801908029,1730
0801908030,1560
0801908031,1300
0801908032,1295
0801908033,1435
0801908034,1160
0801908035,1800
0801908036,1205
0801908037,1645
0801908038,1890
0801908039,1355
0801908040,1660
0801908041,1720
0801908042,2025
0801908043,980
0801908044,950
0801908045,1745
0801908046,1490
0801908047,1130
0801908048,910
0801908049,1615
0801908050,3240
0801908051,1225
0801908052,940
0801908053,1295
0801908054,1530
0801908055,2775
0801908056,1405
0801908057,1125
0801908058,1820
0801908059,1850
0801908060,1065
0801908061,1770
0801908062,1255
0801908063,905
0801908064,1725
0801908065,1310
0801908066,1145
0801908067,2100
0801908068,1975
0801908069,1090
0801908070,1320
0801908071,1260
0801908072,1295
0801908073,1200
0801908074,1310
0801908075,1900
0801908076,1620
0801908077,1170
0801908078,1640
0801908079,1440
0801908080,1815
0801908081,2480
0801908082,1775
0801908083,1055
0801908084,1180
0801908085,1625
0801908086,1530
0801908087,1410
0801908088,1595
0801908089,1010
0801908090,2095
0801908091,1205
0801908092,850
0801908093,1330
0801908094,1570
0801908095,1275
0801908096,1355
0801908097,1485
0801908098,1225
0801908099,1290
0801908100,1255
0801908101,1735
0801908102,815
0801908103,1380
0801908104,840
0801908105,990
0801908106,845
0801908107,1740
0801908108,605
0801908109,815
0801908110,1715
0801908111,1340
0801908112,2055
0801908113,1495
0801908114,1515
0801908115,2055
0801908116,1065
0801909001,1885
0801909002,1555
0801909003,1775
0801909004,1870
0801909005,1225
0801909006,945
0801909007,1080
0801909008,2055
0801909009,1015
0801909010,1680
0801909011,895
0801909012,1015
0801909013,1870
0801909014,1230
0801909015,1130
0801909016,1435
0801909017,1305
0801909018,1810
0801909019,2690
0801909020,950
0801909021,1570
0801909022,1090
0801909023,1090
0801909024,1025
0801909025,1400
0801909026,1985
0801909027,1590
0801909028,1615
0801909029,1090
0801909030,1635
0801909031,1085
0801909032,1085
0801909033,2945
0801909034,1290
0801909035,1295
0801909036,1205
0801909037,1330
0801909038,1640
0801909039,1925
0801909040,1350
0801909041,1340
0801909042,2025
0801909043,1405
0801909044,1440
0801909045,1700
0801909046,1380
0801909047,1485
0801909048,1240
0801909049,1500
0801909050,2270
0801909051,1215
0801909052,1505
0801909053,1295
0801909054,1180
0801909055,2690
0801909056,1255
0801909057,1535
0801909058,1415
0801909059,1390
0801909060,1285
0801909061,1960
0801909062,830
0801909063,1075
0801909064,1105
0801909065,2355
0801909066,1085
0801909067,1400
0801909068,1925
0801909069,720
0801909070,1700
0801909071,1765
0801909072,1740
0801909073,1740
0801909074,1445
0801909075,1155
0801909076,1130
0801909077,1680
0801909078,1300
0801909079,1830
0801909080,1445
0801909081,1575
0801909082,1595
0801909083,1905
0801909084,1650
0801909085,2200
0801909086,1585
0801909087,1075
0801909088,1865
0801909089,1645
0801909090,1895
0801909091,1870
0801909092,2105
0801909093,1730
0801909094,2340
0801909095,2650
0801910001,1520
0801910002,1565
0801910003,1900
0801910004,1720
0801910005,1385
0801910006,1670
0801910007,1795
0801910008,1805
0801910009,1160
0801910010,2105
0801910011,1255
0801910012,2215
0801910013,1265
0801910014,1325
0801910015,1640
0801910016,1495
0801910017,1465
0801910018,1525
0801910019,1700
0801910020,1705
0801910021,1395
0801910022,1130
0801910023,1295
0801910024,1595
0801910025,980
0801910026,1765
0801910027,1675
0801910028,1405
0801910029,1275
0801910030,1940
0801910031,1700
0801910032,1625
0801910033,1245
0801910034,1705
0801910035,2370
0801910036,1330
0801910037,3055
0801910038,1615
0801910039,1615
0801910040,2540
0801910041,1715
0801910042,1620
0801910043,1220
0801910044,1970
0801910045,1500
0801910046,1365
0801910047,1610
0801910048,1250
0801910049,1680
0801910050,1945
0801910051,2100
0801910052,2170
0801910053,1885
0801910054,1160
0801910055,2120
0801910056,1400
0801910057,990
0801910058,810
0801910059,1970
0801910060,1470
0801910061,1480
0801910062,1630
0801910063,1230
0801910064,1470
0801910065,1910
0801910066,1550
0801910067,2080
0801910068,2315
0801910069,2270
0801910070,1615
0801910071,1560
0801910072,2355
0801910073,1545
0801910074,2100
0801910075,1495
0801910076,4440
0801910077,1765
0801910078,1800
0801910079,1940
0801910080,2915
0801910081,1395
0801910082,1490
0801910083,3505
0801910084,1175
0801910085,1580
0801910086,1555
0801910087,1585
0801910088,1410
0801910089,860
0801910090,980
0801910091,1865
0801910092,1205
0801910093,1355
0801910094,2580
0801910095,1160
0801910096,1805
0801910097,1755
0801910098,1550
0801910099,1125
0801910100,1865
0801910101,1775
0801910102,2465
0801910103,2020
0801910104,2070
0801910105,2095
0801910106,955
0801910107,1590
0801910108,1625
0801910109,1325
0801910110,1585
0801910111,1215
0801910112,1705
0801910113,1455
0801910114,1525
0801910115,1265
0801910116,1490
0801910117,1080
0801910118,895
0801910119,840
0801910120,1635
0801910121,1695
0801910122,1825
0801910123,1685
0801910124,1410
0801910125,1225
0801910126,1070
0801910127,1195
0801910128,1640
0801910129,1180
0801910130,965
0801910131,1410
0801910132,1045
0801910133,1815
0801910134,1420
0801910135,1085
0801910136,1205
0801910137,1580
0801910138,1550
0801910139,1265
0801910140,1355
0801910141,810
0801910142,1940
0801910143,1560
0802001001,2620
0802001002,1570
0802001003,2280
0802101001,90
0802201001,1605
0802201002,1225
0802201003,930
0802201004,2205
0802201005,2085
0802201006,845
0802202001,1375
0802202002,815
0802202003,1825
0802202004,1655
0802202005,915
0802203001,395
0802204001,785
0802301001,1755
0802301002,1800
0802301003,2485
0802301004,1580
0802301005,1185
0802401001,565
0802501001,2010
0802601001,260
0802701001,920
0802801001,1380
0802901001,2510
0802901002,2010
0803001001,3820
0803001002,3275
0803101001,670
0803101002,2830
0803201001,2670
0803301001,1655
0803301002,2865
0803301003,915
0803302001,1850
0803303001,1655
0803303002,1140
0803303003,3810
0803303004,3255
0803401001,950
0803501001,2185
0803501002,1110
0803501003,2895
0803502001,1465
0803502002,2280
0803503001,2895
0803503002,2020
0803503003,3105
0803601001,205
0803701001,2385
0803801001,1875
0803901001,490
0804001001,2040
0804001002,1355
0804001003,1150
0804001004,2560
0804001005,1375
0804001006,1405
0804001007,2160
0804001008,1735
0804101001,2955
0804101002,2330
0804101003,2300
0804101004,2380
0804101005,1100
0804101006,1330
0804101007,1335
0804101008,2155
0804201001,2850
0804301001,1880
0804301002,2365
0804401001,2385
0804402001,1270
0804402002,1790
0804501001,90
0804601001,1390
0804601002,1650
0804601003,2245
0804602001,2255
0804602002,1255
0804602003,1875
0804602004,2820
0804603001,3770
0804701001,1180
0804701002,845
0804701003,1780
0804702001,915
0804702003,270
0804801001,850
0804901001,1555
0805001001,175
0805101001,1440
0805101002,3170
0805101003,1985
0805101004,1790
0805101005,1480
0805101006,1370
0805101007,2480
0805101008,2120
0805101009,2100
0805101010,1455
0805101011,1070
0805101012,880
0805101013,1785
0805201001,170
0805301001,2060
0805301002,1555
0805401001,3060
0805401002,815
0805401003,2370
0805401004,2285
0805401005,2040
0805401006,1770
0805501001,625
0805601001,1010
0805601002,1565
0805601003,3720
0805601004,2215
0805601005,2050
0805601006,3565
0805601007,3555
0805602001,1960
0805602002,2000
0805602003,2120
0805602004,3465
0805602005,2730
0805602006,2375
0805603001,770
0805603002,2525
0805603003,3130
0805603004,2910
0805603005,1185
0805604001,2530
0805604002,1465
0805604003,1835
0805604004,2345
0805605001,3290
0805605002,2380
0805605003,1680
0805605004,2780
0805701001,75
0805801001,675
0805801002,1570
0805901001,415
0806001001,185
0806101001,1985
0806201001,1180
0806301001,565
0806401001,2315
0806501001,1645
0806601001,1635
0806701001,1660
0806701002,1470
0806701003,1680
0806701004,2475
0806801001,2495
0806801002,1895
0806801003,925
0806801004,2340
0806801005,795
0806901001,2395
0806901003,1855
0807001001,345
0807101001,330
0807201001,1045
0807201002,2670
0807201003,2245
0807201004,670
0807201005,990
0807201006,1615
0807201007,715
0807201008,765
0807201009,945
0807201010,1240
0807201011,960
0807301001,2755
0807301002,1960
0807301003,1500
0807301004,2480
0807301005,1615
0807301006,830
0807301007,2560
0807301008,1655
0807301009,850
0807301010,1450
0807301011,1150
0807301012,1580
0807301013,1715
0807301014,1515
0807302001,3845
0807302002,2565
0807303001,965
0807303002,730
0807303003,940
0807303004,3190
0807303005,1610
0807303006,1000
0807303007,1235
0807303008,1275
0807303009,720
0807304001,1270
0807304002,600
0807304003,1240
0807304004,1150
0807304005,805
0807304006,985
0807304007,1375
0807304008,1885
0807304009,985
0807304010,1155
0807304011,955
0807304012,970
0807304013,1555
0807304014,865
0807304015,895
0807304016,1520
0807304017,1335
0807304018,1235
0807304019,675
0807305001,955
0807305002,960
0807305003,1135
0807305004,1010
0807305005,625
0807305006,680
0807305007,1075
0807305008,1075
0807305009,615
0807305010,895
0807306001,570
0807306002,610
0807306003,800
0807306004,625
0807306005,690
0807306006,1185
0807306007,1105
0807306008,605
0807306009,2340
0807306010,1205
0807306011,585
0807306012,665
0807306013,405
0807306014,1070
0807306015,855
0807306016,715
0807401001,735
0807401002,3440
0807401003,2410
0807401004,2230
0807401005,1970
0807401006,1990
0807401007,1365
0807501001,4250
0807501002,915
0807601001,3125
0807601002,1825
0807601003,1365
0807601004,2925
0807601005,1065
0807601006,1730
0807602001,2695
0807602002,1835
0807602003,1375
0807602004,1855
0807602005,1995
0807701001,1785
0807701002,1105
0807701003,1575
0807701004,1140
0807701005,2075
0807702001,1485
0807702002,1215
0807702003,1875
0807702004,1745
0807702005,1645
0807702006,1885
0807703001,1765
0807703002,2880
0807704001,790
0807705001,590
0807706001,645
0807707001,955
0807708001,2275
0807708002,2010
0807709001,1125
0807709002,1850
0807710001,1805
0807710002,1335
0807710003,1975
0807710004,1605
0807710005,985
0807710006,1805
0807710007,1370
0807710008,2605
0807801001,260
0807901001,380
0808001001,45
0808101001,440
0808201001,1515
0808301001,2235
0808401001,1430
0808501001,1435
0808601001,4275
0808601002,2150
0808601003,3585
0808601004,4300
0808601005,2715
0808602001,1755
0808701001,200
0808801001,2075
0808801002,1915
0808801003,2415
0808802001,2730
0808802002,2125
0808802003,2930
0808802004,1105
0808901001,1815
0808901002,1395
0808901003,1725
0808901004,2810
0808901005,1260
0808901006,710
0808901007,3505
0808901008,2335
0808902001,2175
0808902002,795
0808902003,1515
0808902004,1630
0808902005,1320
0808902006,2055
0808902007,1015
0808902008,1800
0808902009,1580
0808902010,605
0808903001,1015
0808903002,1310
0808903003,2350
0808903004,1145
0808903005,1410
0808903006,1095
0808903007,1025
0808903008,2920
0808904001,2040
0808904002,1820
0809001001,165
0809101001,2100
0809101002,2780
0809102001,2060
0809201001,1595
0809202001,700
0809202002,1450
0809202003,1225
0809301001,30
0809401001,2035
0809501001,85
0809601001,535
0809601002,1535
0809601003,1690
0809601004,1425
0809601005,1585
0809601006,1480
0809601007,1520
0809601008,910
0809601009,1245
0809601010,1825
0809601011,2460
0809602001,1820
0809602002,690
0809602003,725
0809602004,1965
0809602005,1685
0809602006,1310
0809602007,1300
0809603001,2060
0809603002,2185
0809603003,920
0809603004,2315
0809603005,2040
0809603006,2780
0809603007,1035
0809603008,1120
0809603009,825
0809604001,1925
0809604002,2160
0809604003,1115
0809604004,770
0809604005,1320
0809604006,955
0809604007,2430
0809604008,2155
0809604009,1230
0809604010,2495
0809604011,1565
0809604012,255
0809701001,1350
0809801001,1850
0809801002,1240
0809901001,995
0810001001,2575
0810101001,2520
0810101002,1535
0810101003,1075
0810101004,1165
0810101005,1055
0810101006,2160
0810101007,1255
0810101008,1295
0810101009,1245
0810101010,1570
0810101011,575
0810101012,2235
0810101013,2820
0810101014,2110
0810101015,1470
0810101016,1045
0810101017,2445
0810101018,1645
0810101019,1280
0810101020,1395
0810101021,1030
0810101022,490
0810101023,1815
0810101024,880
0810101025,1545
0810101026,1315
0810101027,705
0810101028,735
0810101029,1255
0810101030,1085
0810101031,1365
0810101032,1265
0810101033,1240
0810101034,1250
0810101035,1590
0810101036,1635
0810101037,2345
0810101038,800
0810101039,1140
0810101040,830
0810102001,1230
0810102002,670
0810102003,920
0810102004,480
0810102005,830
0810102006,1665
0810102007,810
0810102008,1345
0810102009,2060
0810102010,1030
0810102011,815
0810102012,950
0810102013,1055
0810102014,885
0810102015,800
0810102016,1140
0810102017,440
0810102018,395
0810102019,1170
0810102020,1075
0810102021,1240
0810102022,1405
0810102023,1855
0810102024,455
0810102025,510
0810102026,2020
0810102027,605
0810102028,790
0810102029,615
0810102030,445
0810102031,915
0810102032,595
0810102033,885
0810102034,680
0810102035,1195
0810102036,1670
0810102037,1920
0810102038,585
0810102039,825
0810102040,845
0810102041,640
0810102042,1195
0810102043,1060
0810102044,730
0810102045,645
0810102046,685
0810102047,1225
0810102048,1410
0810102049,790
0810103001,2160
0810103002,1430
0810103003,1270
0810103004,2255
0810103005,1735
0810103006,1680
0810103007,1230
0810103008,2275
0810103009,1150
0810103010,855
0810103011,1325
0810103012,2110
0810103013,2035
0810103014,1775
0810103015,1475
0810103016,2110
0810103017,855
0810103018,665
0810103019,2340
0810103020,885
0810103021,1990
0810103022,1215
0810103023,2485
0810103024,820
0810103025,1500
0810104001,725
0810104002,1305
0810104003,1765
0810104004,1305
0810104005,730
0810104006,1730
0810104007,835
0810104008,1140
0810104009,655
0810104010,1935
0810104011,875
0810104012,1145
0810104013,630
0810104014,1020
0810104015,1145
0810104016,895
0810104017,665
0810104018,980
0810104019,705
0810104020,1335
0810104021,735
0810104022,660
0810104023,550
0810104024,465
0810104025,665
0810104026,985
0810104027,850
0810104028,705
0810104029,595
0810104030,490
0810104031,990
0810104032,1120
0810104033,985
0810104034,385
0810104035,525
0810104036,675
0810104037,480
0810104038,465
0810104039,825
0810104040,630
0810104041,1895
0810104042,490
0810105001,1165
0810105002,1645
0810105003,720
0810105004,1625
0810105005,1245
0810105006,2175
0810105007,760
0810105008,695
0810105009,670
0810105010,765
0810105011,1320
0810105012,480
0810105013,480
0810105014,735
0810105015,565
0810105016,670
0810105017,850
0810105018,1980
0810105019,1100
0810105020,940
0810105021,1625
0810105022,680
0810105023,1935
0810105024,815
0810105025,605
0810105026,990
0810105027,930
0810105028,1335
0810105029,1140
0810105030,2670
0810105031,860
0810105032,715
0810105033,1125
0810105034,935
0810105035,1240
0810105036,650
0810105037,940
0810105038,745
0810106001,1370
0810106002,815
0810106003,1005
0810106004,620
0810106005,615
0810106006,1265
0810106007,1400
0810106008,485
0810106009,575
0810106010,1310
0810106011,1620
0810106012,1125
0810106013,1105
0810106014,855
0810106015,625
0810106016,2850
0810106017,830
0810106018,805
0810106019,1130
0810106020,515
0810106021,1325
0810106022,710
0810106023,1580
0810106024,1270
0810106025,1495
0810106026,800
0810106027,1040
0810106028,985
0810106029,390
0810106030,1060
0810106031,1130
0810106032,865
0810201001,1920
0810202001,690
0810202002,780
0810202003,1435
0810203001,1485
0810203002,1350
0810203003,1405
0810203004,2105
0810203005,675
0810203006,2245
0810203007,2570
0810203008,1415
0810203009,1685
0810203010,1425
0810204001,935
0810204002,1055
0810204003,980
0810204004,840
0810204005,1960
0810205001,1580
0810205002,1525
0810205003,2820
0810205004,1960
0810205005,570
0810205006,880
0810205007,2490
0810301001,825
0810401001,915
0810501001,1455
0810501002,2045
0810501003,1375
0810501004,1655
0810501005,1715
0810501006,995
0810501007,1500
0810501008,1415
0810501009,1435
0810601001,2110
0810601002,1520
0810602001,1585
0810602002,2745
0810602003,1330
0810701001,2025
0810701002,1250
0810701003,1225
0810701004,1865
0810701005,1635
0810701006,925
0810701007,1250
0810701008,1330
0810701009,1445
0810701010,1575
0810801001,1790
0810801002,1550
0810801003,2005
0810801004,985
0810901001,255
0811001001,1630
0811001002,2535
0811001003,2360
0811001004,1825
0811001005,1700
0811001006,2170
0811002001,1615
0811002002,2485
0811002003,1870
0811101001,265
0811201001,1785
0811201002,1035
0811202001,1880
0811202002,1580
0811202003,880
0811202004,1555
0811203001,1520
0811203002,1825
0811203003,2785
0811203004,2210
0811204001,725
0811204002,2355
0811301001,2380
0811301002,945
0811302001,960
0811302002,1820
0811302003,1900
0811302004,2385
0811302005,2850
0811302006,550
0811302007,1505
0811302008,730
0811302009,2175
0811302010,2025
0811302011,1315
0811302012,840
0811302013,3745
0811302014,600
0811303001,555
0811303002,740
0811303004,1415
0811303005,1350
0811303006,945
0811304001,1240
0811304003,935
0811304004,2095
0811304005,1465
0811304006,1755
0811304007,2800
0811304008,2095
0811304009,1265
0811304011,1285
0811304012,355
0811304013,1305
0811304014,1615
0811304015,2320
0811305001,1010
0811305002,890
0811305003,1240
0811305004,590
0811305005,1625
0811305006,2435
0811305007,330
0811305008,640
0811305010,835
0811305011,1795
0811305012,685
0811305013,1725
0811305014,2125
0811305015,2145
0811305016,565
0811305017,1970
0811305018,1655
0811306001,510
0811306002,770
0811401001,1475
0811401002,725
0811401003,1775
0811402003,3100
0811403002,1085
0811403004,1830
0811403005,2945
0811403006,1505
0811403007,1085
0811403008,2100
0811403010,590
0811404001,2665
0811404002,2455
0811404003,1570
0811404004,2545
0811501001,1755
0811501002,1600
0811501003,1500
0811601001,765
0811701001,2225
0811702001,925
0811801001,1680
0811801002,2020
0811801003,1245
0811801004,1855
0811801005,2270
0811801006,2080
0811801007,1500
0811801008,1225
0811801009,960
0811801010,1555
0811802001,1470
0811802002,905
0811802003,1625
0811802004,1780
0811901001,5830
0811901002,2540
0812001001,1695
0812001002,2795
0812001003,2335
0812001004,1750
0812101001,720
0812101002,1515
0812101003,1255
0812101004,1005
0812101005,1610
0812101006,2500
0812101007,1875
0812101008,455
0812102001,2160
0812102002,800
0812102003,1240
0812102004,1365
0812102005,1915
0812102006,2095
0812102007,1775
0812102008,1215
0812102009,1390
0812102010,1565
0812102011,1020
0812102012,990
0812103001,2285
0812103002,2110
0812103003,1990
0812103004,2670
0812103005,2685
0812103006,1515
0812103007,1330
0812103008,1065
0812103009,2150
0812103010,635
0812103011,1395
0812103012,1630
0812103013,2990
0812103014,1220
0812104001,1335
0812104002,1355
0812104003,740
0812104004,3565
0812104005,3015
0812104006,1295
0812104007,1145
0812104008,1765
0812104009,1800
0812105001,3245
0812105002,3245
0812105003,1955
0812105004,1310
0812105005,970
0812105006,1415
0812105007,1600
0812105008,1570
0812105009,1200
0812105010,465
0812105011,1770
0812105012,1570
0812105013,2300
0812105014,610
0812105015,925
0812105016,1240
0812105017,1040
0812105018,750
0812105019,520
0812105020,1480
0812105021,1275
0812106001,2245
0812106002,635
0812106003,1745
0812106004,1335
0812106005,1605
0812106006,1465
0812106007,1970
0812106008,1885
0812106009,870
0812106010,2140
0812106011,3920
0812106012,1490
0812106013,780
0812201001,2220
0812301001,1070
0812301002,2055
0812301003,2125
0812302001,2995
0812302002,1525
0812302003,1940
0812302004,1840
0812303001,3225
0812303002,3470
0812303003,965
0812303004,2540
0812304001,955
0812401001,635
0812401002,2455
0812401003,1850
0812401004,1430
0812401005,1495
0812401006,2485
0812401007,2155
0812402001,1890
0812402002,1530
0812402003,1745
0812402004,1530
0812402005,1570
0812402006,870
0812402007,1920
0812402008,1525
0812402009,1175
0812403001,2320
0812403002,1920
0812403003,1060
0812403004,1800
0812403005,1760
0812403006,2545
0812403007,2175
0812403008,1275
0812403009,1090
0812403010,1245
0812403011,2220
0812403012,2050
0812403013,1600
0812403014,1275
0812403015,1380
0812501001,1660
0812501002,1495
0812501004,2010
0812501005,1315
0812502001,1420
0812502002,2160
0812502003,2220
0812503001,2390
0812503002,4455
0812503003,2080
0812503004,1880
0812504001,3455
0812505001,2160
0812505002,1495
0812505003,615
0812506001,3650
0812601001,2870
0812601002,2995
0812601003,3190
0812601004,1715
0812701001,835
0812701002,2105
0812801001,685
0812901001,595
0813001001,115
0813101001,895
0813201001,470
0813301001,190
0813401001,1030
0813501001,2805
0813501002,1355
0813501003,2490
0813501004,1030
0813501005,1115
0813601001,1520
0813601002,2045
0813601003,2450
0813601004,1805
0813601005,1975
0813601006,1265
0813601007,850
0813602001,1740
0813602002,485
0813602003,2020
0813701001,300
0813801001,2495
0813801002,1910
0813801003,1285
0813901001,225
0814001001,1880
0814001002,2220
0814001003,1820
0814101001,1145
0814101002,735
0814101003,2215
0814101004,1615
0814102001,355
0814201001,155
0814301001,2215
0814301002,1360
0814401001,890
0814501001,2005
0814501002,1570
0814601001,880
0814601002,840
0814701001,4625
0814701002,2010
0814701003,1520
0814701004,2085
0814701005,3875
0814701006,3405
0814701007,2320
0814701008,2120
0814701009,1745
0814801001,3615
0814901001,1195
0815001001,300
0815101001,560
0815201001,160
0815301001,655
0815401001,830
0815501001,3060
0815501002,1355
0815501003,1955
0815501004,1975
0815501005,560
0815601001,1530
0815601002,2420
0815601003,1490
0815601004,2425
0815601005,1165
0815601006,1965
0815601007,1710
0815601008,1540
0815701001,2640
0815701002,2740
0815701003,2040
0815701004,1110
0815701005,2555
0815801001,2010
0815801002,1980
0815901001,1730
0815901002,2760
0815901003,1150
0815901004,1085
0815902001,1400
0815902002,1035
0815902003,2000
0815902004,1815
0815902005,950
0815902006,2190
0815902007,2280
0816001001,400
0816101001,1265
0816101002,2310
0816101003,3000
0816101004,1270
0816101005,2245
0816101006,1690
0816101007,1265
0816101008,1760
0816201001,2880
0816301001,1515
0816301002,2010
0816301003,1815
0816301004,2730
0816301005,2715
0816301006,1515
0816301007,2520
0816301008,920
0816301009,2110
0816301010,1880
0816301011,1580
0816301012,2155
0816301013,2240
0816401001,1185
0816501001,2260
0816601001,310
0816601002,865
0816701001,2940
0816701002,1425
0816701003,1440
0816701004,2265
0816801001,540
0816901001,1500
0816901002,1220
0816901003,1440
0816901004,1520
0816901005,1975
0816902001,1790
0816902002,2245
0816902003,885
0816902004,1755
0816902005,1450
0816902006,2225
0816902007,1970
0816903001,1735
0816903002,935
0816903003,1395
0816903004,1695
0816903005,2370
0816903006,1070
0816903007,2300
0816903008,1870
0816903009,2670
0816903010,2430
0816903011,1435
0816903012,815
0816903013,745
0816904001,1020
0816904002,2155
0816904003,960
0816904004,805
0816904005,490
0816904006,485
0816905001,1835
0816905002,1355
0816905003,1190
0816905004,1760
0816905005,1615
0816905006,2075
0816905007,2505
0816905008,3035
0817001001,485
0817101001,1245
0817101002,1365
0817201001,2245
0817201002,2130
0817201003,3205
0817202001,2455
0817202002,2395
0817202003,1675
0817202004,1600
0817203001,1370
0817203002,1565
0817203003,1025
0817203004,1650
0817203005,1535
0817203006,1470
0817203007,965
0817203008,1285
0817203009,1200
0817401001,530
0817501001,2195
0817501002,1490
0817502001,450
0817601001,205
0817701001,65
0817801001,540
0817901001,740
0818001001,1965
0818001002,1575
0818001003,1625
0818001004,1845
0818001005,2155
0818001006,1815
0818001007,2255
0818001008,2710
0818001009,1565
0818001010,1290
0818001011,2000
0818001012,1430
0818001013,2185
0818002001,2050
0818002002,2240
0818002003,2550
0818002004,1880
0818002005,1705
0818002006,1525
0818002007,920
0818101001,1305
0818101002,1140
0818101003,2640
0818101004,2105
0818101005,2995
0818201001,3745
0818301001,1775
0818301002,1240
0818301003,1640
0818302001,1445
0818401001,3840
0818401002,3180
0818401003,1485
0818402001,4020
0818402003,4600
0818403001,4720
0818403002,595
0818403003,1310
0818403004,1470
0818403005,1780
0818403006,1520
0818403007,2160
0818403008,715
0818404001,1960
0818404002,1335
0818404003,1810
0818404004,1785
0818404005,1465
0818404006,1560
0818404007,1350
0818404008,940
0818404009,1580
0818404010,3490
0818404011,2835
0818404012,1500
0818404013,5145
0818404014,2390
0818404015,1720
0818404016,3315
0818404018,1795
0818404019,1075
0818404020,1330
0818404021,2470
0818404022,1785
0818501001,230
0818701001,715
0818701002,995
0818701003,865
0818701004,2790
0818701005,1430
0818701006,2385
0818701007,1950
0818701008,2570
0818701009,2640
0818701010,1250
0818701011,1655
0818701012,1055
0818701013,1185
0818701014,1840
0818701015,1675
0818701016,2155
0818701017,2395
0818701018,1830
0818701019,1925
0818701020,1725
0818701021,1560
0818701022,1455
0818701023,2210
0818701024,1780
0818701025,1640
0818701026,905
0818701027,1205
0818701028,1255
0818701029,1165
0818701030,1050
0818701031,1230
0818701032,1380
0818701033,1380
0818701034,2360
0818701035,1025
0818702001,1690
0818702002,1425
0818702003,1355
0818702004,1655
0818702005,1745
0818702006,1800
0818702007,1480
0818702008,785
0818702009,1440
0818702010,660
0818702011,765
0818702012,1810
0818702013,1260
0818702014,1785
0818702015,1070
0818702016,1610
0818702017,890
0818703001,1675
0818703002,1240
0818703003,1565
0818703004,905
0818703005,730
0818703006,1325
0818703007,830
0818703008,825
0818703009,895
0818703010,985
0818703011,1050
0818703012,930
0818703013,1055
0818703014,1185
0818703015,1340
0818703016,1140
0818703017,710
0818703018,2070
0818703019,780
0818703020,1210
0818703021,1255
0818703022,545
0818703023,605
0818703024,1235
0818703025,1400
0818703026,1240
0818703027,390
0818704001,2460
0818704002,1400
0818704003,1150
0818704004,1425
0818704005,1295
0818704006,1620
0818704007,950
0818704008,1580
0818704009,955
0818704010,1415
0818704011,965
0818704012,1110
0818704013,1335
0818704014,1430
0818704015,620
0818704016,2450
0818704017,2625
0818704018,1155
0818704019,1185
0818704020,10795
0818704021,1245
0818704022,930
0818705001,2185
0818705002,1835
0818705003,1470
0818705004,1025
0818705005,1345
0818705006,980
0818705007,1505
0818705008,520
0818705009,1530
0818705010,640
0818705011,1270
0818705012,1295
0818705013,2265
0818705014,1425
0818705015,1725
0818706001,780
0818706002,1890
0818706003,920
0818706004,1465
0818706005,1085
0818706006,810
0818706007,1465
0818706008,1385
0818706009,2620
0818706010,845
0818706011,1030
0818706012,810
0818706013,820
0818706014,525
0818706015,1400
0818706016,1915
0818706017,2060
0818706018,770
0818706019,600
0818706020,1315
0818706021,1265
0818706022,1610
0818706023,2125
0818706024,900
0818707001,570
0818707002,710
0818707003,685
0818707004,655
0818707005,710
0818707006,470
0818707007,950
0818707008,765
0818801001,145
0818901001,165
0819001001,315
0819101001,670
0819101002,665
0819101003,1205
0819101004,1315
0819101005,1385
0819101006,880
0819101007,85
0819102001,630
0819201001,1435
0819201002,2495
0819201003,2170
0819201004,985
0819301001,1305
0819401001,1285
0819401002,1840
0819401003,1975
0819401004,1870
0819401005,2275
0819401006,1585
0819402001,1425
0819402002,2170
0819402003,1205
0819402004,1810
0819402005,2960
0819403001,390
0819404001,375
0819405001,2030
0819405002,2315
0819405003,1220
0819405004,1525
0819406001,390
0819406002,745
0819406003,465
0819406004,815
0819406005,1135
0819406006,1195
0819406007,1200
0819501001,95
0819601001,1845
0819601002,2085
0819601003,2410
0819601004,1140
0819601005,2275
0819601006,1970
0819601007,1665
0819601008,1725
0819601009,2535
0819601010,1855
0819601011,1960
0819601012,1615
0819601013,1365
0819601014,2400
0819701001,2005
0819701002,2285
0819701003,1845
0819702001,1415
0819702002,1455
0819702003,1325
0819801001,3210
0819801002,1390
0819801003,995
0819901001,910
0820001001,865
0820001002,1575
0820001003,925
0820001004,2035
0820001005,1205
0820001006,1000
0820001007,790
0820002001,2470
0820002002,2475
0820002003,1695
0820002004,875
0820002005,1455
0820002006,1380
0820002007,1280
0820002008,1620
0820002009,1150
0820002010,2475
0820002011,1800
0820002012,3290
0820002013,1450
0820002014,1825
0820002015,1615
0820002016,1500
0820002017,1800
0820002018,1825
0820002019,970
0820003001,1835
0820003002,1800
0820003003,1715
0820003004,1380
0820003005,2575
0820003006,1225
0820003007,2180
0820003008,855
0820003009,815
0820004001,2040
0820004002,2335
0820004003,1335
0820004004,1190
0820004005,2040
0820004006,2175
0820004007,2505
0820004008,2135
0820004009,1330
0820005001,1690
0820005002,915
0820005003,375
0820005004,825
0820006001,2315
0820006002,1725
0820006003,850
0820101001,500
0820201001,1725
0820201002,2375
0820201003,2730
0820201004,1470
0820201005,2525
0820201006,1615
0820201007,1700
0820201008,1130
0820202001,1690
0820301001,1715
0820301002,1615
0820401001,1915
0820401002,1985
0820501001,2055
0820501002,1715
0820501003,2460
0820501004,2150
0820501005,3500
0820501006,2275
0820501007,3255
0820501008,2465
0820501009,1640
0820501010,1675
0820501011,2105
0820501012,2545
0820501013,3100
0820501014,2385
0820501015,2495
0820501016,2625
0820502001,2070
0820502002,1875
0820502003,2035
0820502004,1795
0820502005,1165
0820502006,3215
0820502007,1515
0820502008,2540
0820502009,1955
0820502010,2170
0820503001,1240
0820503002,1865
0820503003,1415
0820503004,2475
0820504001,905
0820504002,885
0820504003,1615
0820505001,5825
0820505002,2135
0820505003,1965
0820505004,2305
0820505005,1875
0820506001,1000
0820601001,980
0820701001,2540
0820801001,2285
0820801002,1845
0820801003,1115
0820801004,630
0820901001,2090
0820901002,1735
0820901003,2295
0820901004,2035
0821001001,1185
0821001002,1730
0821002001,1625
0821002002,1415
0821101001,1585
0821101002,1205
0821101003,1130
0821101004,2150
0821102001,1910
0821102002,700
0821102003,1650
0821102004,620
0821102005,970
0821102006,1595
0821102007,950
0821102008,2165
0821103001,1600
0821103002,1225
0821103003,1620
0821103004,1815
0821103005,2080
0821104001,865
0821104002,875
0821104003,1160
0821104004,1245
0821104005,765
0821105001,1080
0821105002,810
0821106001,2080
0821106002,635
0821106003,520
0821106004,1380
0821107001,2395
0821107002,2915
0821107003,1380
0821201001,665
0821301001,2730
0821301002,2350
0821301003,2100
0821301004,1030
0821401001,1160
0821401002,910
0821401003,1880
0821401004,1705
0821402001,2020
0821402002,1100
0821501001,1210
0821501002,1250
0821501003,1130
0821601001,25
0821701001,1075
0821701002,1125
0821701003,1910
0821701004,2470
0821701005,1830
0821701006,1250
0821701007,1390
0821701008,1785
0821701009,1525
0821701010,1780
0821702002,1840
0821702003,1040
0821702004,1895
0821703001,1360
0821703002,1385
0821703003,855
0821703004,1505
0821703005,1235
0821704001,2370
0821705001,2060
0821705002,965
0821801001,2100
0821801002,2095
0821801003,2510
0821801005,1815
0821801006,2190
0821901001,550
0821901002,2100
0821901003,2005
0821901004,1705
0821901005,1300
0821901006,1570
0821902001,995
0821902002,895
0821902003,1615
0821902004,1300
0821902005,1080
0821903001,1290
0821903002,1390
0821903003,1185
0821903004,755
0822001001,1610
0822001002,1415
0822101001,1655
0822101002,890
0822101003,1530
0822101004,1525
0822101005,2380
0822101006,2345
0822101007,1725
0822101008,1655
0822101009,1575
0822201001,2525
0822301001,2335
0822401001,1095
0822501001,110
0822601001,1175
0822701001,2620
0822701002,570
0822801001,380
0822901001,640
0823001001,2395
0823001002,1900
0823001003,1335
0823001004,1485
0823001005,1175
0823001006,1960
0823101001,1460
0823101002,1580
0823101003,1490
0823101004,2510
0823101005,2355
0823101006,1380
0823101007,1370
0823101008,965
0823101009,3245
0823101010,1350
0823101011,1170
0823101012,755
0823101013,1590
0823101014,1410
0823101015,1865
0823101016,1955
0823101017,2385
0823201001,2350
0823301001,940
0823301002,1500
0823401001,4285
0823501001,3140
0823501002,1900
0823601001,2115
0823701001,1385
0823701002,805
0823801001,1845
0823801002,1645
0823801003,1570
0823801004,2025
0823801005,2005
0823801006,1760
0823801007,1675
0823801008,1670
0823801009,785
0823801010,1290
0823801011,1580
0823801012,1005
0823901001,650
0824001001,1195
0824001002,2165
0824001003,1345
0824001004,865
0824002001,800
0824002002,2105
0824002003,1380
0824002004,2550
0824101001,95
0824201001,275
0824301001,180
0824401001,2045
0824401002,660
0824401003,2735
0824401004,1625
0824401005,830
0824501001,1035
0824501002,1435
0824501003,920
0824501004,895
0824501005,1120
0824501006,960
0824501007,485
0824501008,1380
0824501009,1205
0824501010,1365
0824501011,940
0824501012,700
0824501013,1700
0824501014,1100
0824501015,650
0824501016,810
0824501017,2100
0824501018,1160
0824501019,1295
0824502001,855
0824502002,1850
0824502003,1350
0824502004,1160
0824502005,880
0824502006,1130
0824502007,1760
0824502008,2010
0824502009,1180
0824502010,840
0824502011,1095
0824503001,600
0824503002,610
0824503003,1430
0824503004,1235
0824503005,1395
0824503006,1465
0824503007,2215
0824503008,805
0824503009,1655
0824503010,890
0824503011,1335
0824503012,1525
0824503013,1550
0824503014,1045
0824503015,1330
0824503016,950
0824503017,810
0824504001,1295
0824504002,1455
0824504003,1860
0824504004,1585
0824504005,1010
0824504006,1280
0824504007,1420
0824504008,1710
0824504009,3290
0824504010,1065
0824504011,865
0824504012,1735
0824504013,1920
0824504014,1660
0824504015,1865
0824504016,755
0824505001,535
0824505002,3330
0824505003,830
0824505004,760
0824505005,1210
0824505006,760
0824505007,1040
0824505008,525
0824505009,1515
0824505010,1165
0824505011,2170
0824505012,1230
0824505013,1195
0824505014,1085
0824505015,2800
0824505016,1395
0824505017,1335
0824505018,550
0824505019,1320
0824506001,610
0824506002,810
0824506003,665
0824506004,985
0824506005,1090
0824506006,770
0824506007,320
0824506008,1325
0824506009,585
0824506010,440
0824506011,925
0824506012,680
0824506013,280
0824506014,1995
0824506015,570
0824506016,310
0824506017,935
0824601001,2260
0824701001,1195
0824801001,3370
0824801002,3600
0824901001,380
0825001001,960
0825001002,2105
0825001003,1175
0825001004,1060
0825001005,2770
0825001006,1055
0825001007,590
0825101001,880
0825101002,1475
0825101003,2305
0825101004,2405
0825201001,2935
0825201002,1080
0825201003,1235
0825201004,1605
0825201005,1175
0825201006,1205
0825201007,675
0825201008,1645
0825201009,1075
0825201010,1480
0825201011,1705
0825201018,920
0825201019,1565
0825201020,860
0825201021,1305
0825201022,1705
0825201023,770
0825201024,970
0825201025,1170
0825201026,2305
0825201027,3415
0825201028,1275
0825301001,155
0825401001,2160
0825501001,170
0825601001,845
0825701001,130
0825801001,1045
0825901001,2700
0825901002,3900
0825901003,2510
0826001001,1810
0826001002,2450
0826001003,3175
0826001004,2005
0826001005,965
0826001006,1015
0826001007,1085
0826001008,1700
0826001009,2120
0826001010,1220
0826001011,930
0826001012,2150
0826001013,3830
0826001014,1035
0826101001,2085
0826101002,1240
0826201001,1975
0826201002,1625
0826201003,2095
0826202001,2205
0826202002,1290
0826301001,780
0826301002,1360
0826301003,1565
0826301004,1940
0826301005,1555
0826301006,860
0826301007,1550
0826301008,1060
0826301009,625
0826301010,1175
0826301011,1715
0826301012,845
0826302001,810
0826302002,2460
0826302003,1275
0826303001,1720
0826303002,2095
0826304001,1695
0826304002,1710
0826304003,1045
0826401001,2115
0826401002,1540
0826401003,1095
0826401004,995
0826501001,1575
0826501002,460
0826601001,3665
0826601002,2190
0826601003,1495
0826601004,1910
0826601005,950
0826601006,2030
0826601007,785
0826601008,1725
0826601009,1550
0826601010,3185
0826601011,905
0826601012,2160
0826601013,1230
0826601014,2210
0826601015,2295
0826601016,1430
0826601017,2435
0826601018,3145
0826601019,2540
0826601020,2345
0826601027,1795
0826601028,1645
0826601029,2410
0826601030,1650
0826601031,1250
0826601032,790
0826601033,1290
0826601034,2130
0826601035,3720
0826701001,1435
0826701002,1595
0826701003,1600
0826701004,2520
0826701005,1310
0826801001,555
0826801002,760
0826901001,2190
0826901002,1230
0827001001,1275
0827001002,1325
0827001003,3090
0827001004,1990
0827002001,1855
0827002002,3480
0827002003,1715
0827002004,1785
0827002005,1770
0827002006,2640
0827002007,1235
0827002008,1050
0827002009,2990
0827002010,1815
0827101001,90
0827201001,180
0827301001,720
0827301002,1355
0827301003,875
0827401001,2320
0827401002,545
0827401003,435
0827401004,1685
0827401005,1170
0827501001,310
0827601001,315
0827701001,155
0827801001,3485
0827801002,2615
0827901001,1125
0827901002,1655
0827901004,1700
0827901005,1460
0827901006,1615
0827901007,1945
0827901008,3055
0827901009,1335
0827901010,1080
0827901011,2025
0827901012,1110
0827901013,880
0827901014,2020
0827901015,1015
0827901016,2510
0827901017,1590
0827901018,995
0827901019,1250
0827901020,2235
0827901021,1300
0827901022,2320
0827901023,1550
0827901024,935
0827902001,2030
0827902002,1035
0827902003,970
0827902004,2005
0827902005,1160
0827902006,695
0827902007,375
0827902008,1005
0827902009,745
0827902010,970
0827902011,825
0827902012,1415
0827902014,2645
0827902015,320
0827902016,1975
0827902017,980
0827903001,1435
0827903002,825
0827903003,1620
0827903004,945
0827903005,1800
0827903006,1735
0827903007,2465
0827903008,1100
0827903009,2010
0827903010,2100
0827903011,1310
0827903012,1775
0827903013,485
0827903014,2060
0827903015,1355
0827903016,715
0827903017,850
0827903018,1200
0827903019,1520
0827903020,1670
0827904001,1425
0827904002,1415
0827904003,1580
0827904004,1990
0827904005,1935
0827904006,1880
0827904007,2205
0827904008,1920
0827904009,1330
0827904010,790
0827904011,1660
0827904012,1375
0827904013,1300
0827904014,1155
0827904015,1350
0827904016,1490
0827904017,1265
0827904018,3100
0827904019,1405
0827904020,935
0827904021,785
0827904022,2825
0827904023,1810
0827904024,2050
0827904025,1160
0827904026,1160
0827905001,2025
0827905002,1360
0827905003,2180
0827905004,1645
0827905005,1250
0827905006,2495
0827905007,1300
0827905008,2085
0827905009,1910
0827905010,2060
0827905011,1925
0827905012,765
0827905013,1325
0827905014,1975
0827905015,1845
0827905016,2375
0827905017,2025
0827905018,970
0827905019,880
0827905020,1460
0827905021,1660
0827905022,670
0827905023,1365
0827905024,1405
0827905025,1355
0827905026,1325
0827905027,1600
0827905028,1145
0827905029,1200
0827906001,720
0827906002,1885
0827906003,2450
0827906004,2600
0827906005,1515
0827906006,1815
0827906008,2545
0827906009,1470
0827906010,2530
0827906011,1020
0827906012,1780
0827906013,1310
0827906014,1130
0827906016,1380
0827906018,655
0827906019,485
0827906020,590
0827906021,660
0827906023,900
0827906024,2495
0827906025,1910
0827906026,2180
0827906027,940
0827906028,1510
0827906029,960
0827906030,590
0827906031,1220
0827906032,840
0827906033,1610
0828001001,140
0828101001,2200
0828101002,1985
0828101003,1755
0828201001,2430
0828201002,1720
0828201003,1030
0828201004,1840
0828201005,1005
0828301001,2715
0828301002,2715
0828301003,2565
0828401001,2255
0828401002,1705
0828401003,3210
0828401004,2320
0828402001,2240
0828402002,2285
0828402003,2060
0828501001,845
0828501002,1945
0828501004,1920
0828502001,1900
0828502002,1385
0828503001,2620
0828503002,1145
0828503003,2075
0828601001,2545
0828601002,1275
0828701001,1380
0828801001,2385
0828901001,1365
0828901002,1570
0828901003,1700
0828901004,1025
0829001001,1985
0829101001,1355
0829101002,2285
0829101003,1750
0829101004,830
0829201001,1420
0829301001,275
0829401001,2605
0829501001,2020
0829501002,2460
0829501003,1935
0829501004,905
0829501005,3190
0829501006,1790
0829501007,2020
0829601001,2465
0829701001,170
0829801001,825
0829801002,825
0829801003,555
0829802001,1535
0829802002,2535
0829802003,1915
0829802004,2040
0829802005,2830
0829802006,1685
0829803001,1130
0829803002,1035
0829803003,2050
0829803004,750
0829803005,1330
0829803006,2040
0829803007,2665
0829803008,2030
0829803009,1070
0829803010,720
0829803011,1090
0829803012,2330
0829804001,1765
0829804002,2250
0829804003,1265
0829804004,1745
0829805001,605
0829901001,490
0830001001,1335
0830001002,2170
0830001003,1505
0830001004,1335
0830001005,400
0830001006,670
0830101001,1325
0830101002,2280
0830101003,2610
0830101004,3280
0830101005,775
0830101006,1495
0830101007,1285
0830101008,1320
0830101009,1185
0830101010,1105
0830101011,1515
0830101012,1100
0830101013,1270
0830101014,2760
0830101015,460
0830102001,1375
0830102002,1585
0830102003,2575
0830102004,950
0830102005,1160
0830102006,1290
0830102007,1445
0830102008,1435
0830102009,1190
0830102010,1735
0830102011,635
0830102012,1235
0830102013,1675
0830102014,735
0830102015,1770
0830102016,2055
0830102017,1575
0830102018,715
0830102019,470
0830102020,1570
0830102021,985
0830102022,1335
0830102023,1370
0830102024,1160
0830102025,1955
0830102026,2095
0830102027,1000
0830102028,1290
0830102029,2795
0830201001,2040
0830201002,2765
0830201003,2665
0830201004,2410
0830201005,2695
0830301001,325
0830401001,1110
0830501001,1955
0830501002,2165
0830501003,470
0830502001,2350
0830502002,1710
0830502003,1540
0830502004,2415
0830502005,1730
0830502006,2255
0830503001,1845
0830503002,800
0830503003,2780
0830503004,1415
0830504001,1955
0830504002,1905
0830504003,1680
0830504004,1285
0830504005,1255
0830504006,1160
0830504007,1100
0830504008,4745
0830601001,700
0830701001,2500
0830701002,1470
0830701003,2370
0830701004,890
0830701005,1105
0830701006,1560
0830701007,1780
0830701008,2325
0830701009,1460
0830701010,1560
0830701011,1930
0830702001,3015
0830702002,2775
0830702003,1125
0830702004,1940
0830702005,775
0830702006,1665
0830702007,1675
0830703001,585
0830703002,1955
0830703003,1345
0830703004,3355
0830703005,995
0830704001,1245
0830704002,880
0830704003,1365
0830704004,2830
0830704005,1960
0830704006,1790
0830704007,2910
0830704008,1100
0830704009,1200
0830704010,2280
0830704011,2255
0830704012,1125
0830704013,1045
0830704014,1410
0830704015,2090
0830704016,215
0830801001,170
0890101001,310
0890201001,2425
0890201002,2635
0890301001,260
0890401001,985
0890401002,1045
0890401003,1285
0890401004,1245
0890401005,1325
0890401006,1240
0890401007,1200
0890401008,1565
0890401009,945
0890401010,945
0890401011,1020
0890401012,805
0890501001,1795
0890501002,1195
0900101001,30
0900301001,240
0900601001,65
0900701001,60
0900901001,215
0901001001,30
0901101001,85
0901201001,115
0901301001,55
0901401001,195
0901601001,100
0901701001,135
0901801001,2725
0901801002,1680
0901801003,2235
0901801004,1530
0901801005,2215
0901801006,1650
0901801007,2660
0901802001,1185
0901802002,1565
0901802003,1350
0901802004,1535
0901802005,1215
0901803001,1055
0901803002,1145
0901803003,1040
0901803004,1775
0901803005,2735
0901803006,1640
0901803007,730
0901803008,1380
0901901001,175
0902001001,365
0902101001,75
0902201001,90
0902301001,1385
0902401001,190
0902501001,160
0902601001,430
0902701001,55
0902901001,210
0903001001,155
0903201001,120
0903301001,115
0903401001,325
0903501001,375
0903601001,35
0903701001,120
0903801001,150
0903901001,75
0904101001,35
0904301001,215
0904401001,55
0904501001,315
0904601001,45
0904701001,75
0904801001,1190
0904801002,820
0905001001,70
0905101001,190
0905201001,40
0905401001,110
0905501001,65
0905601001,2270
0905601002,1795
0905601003,1130
0905601004,2370
0905701001,190
0905801001,495
0905901001,1055
0905901002,1275
0905902001,770
0905902002,770
0905902003,1080
0905902004,565
0905902005,1235
0905903001,705
0905903002,960
0905903003,1575
0905903004,945
0905903005,1985
0905903006,2460
0905903007,1020
0905903008,1785
0905903009,1975
0905903010,3275
0905904001,1440
0905904002,850
0905904003,930
0905904004,620
0905905001,1485
0905905002,1925
0905905003,1110
0905905004,1040
0905905005,985
0905905006,670
0905905007,850
0905905008,785
0905905009,1060
0905905010,1520
0905905011,1745
0905905012,1040
0905905013,970
0905905014,670
0905905015,1360
0905905016,1385
0905905017,590
0905905018,745
0905905019,860
0905905020,860
0905905021,875
0905905022,1105
0905905023,1115
0905905024,1585
0905905025,1250
0905905026,1195
0905905027,770
0905905028,625
0905905029,580
0905905030,785
0905905031,840
0905905032,1555
0905905033,1470
0905905034,1035
0905905035,2855
0905905036,750
0905905037,510
0905905038,2275
0905905039,885
0905905040,1345
0905905041,2630
0905905042,2120
0905905043,3085
0905905044,990
0905905045,1725
0905905046,1160
0905906001,515
0905906002,1165
0905906003,1025
0905906004,1670
0905906005,1290
0905906006,1470
0905906007,2085
0905906008,2245
0905906009,760
0905906010,760
0905906011,760
0905907001,1040
0905907002,1065
0905907003,1355
0905907004,1100
0905907005,915
0905907006,1710
0905907007,1275
0905907008,1735
0905907009,865
0905907010,1635
0905908001,915
0905908002,1600
0905908003,1915
0905908004,1765
0905908005,2735
0905908006,950
0905908007,735
0905908008,2030
0905908009,860
0905908010,1660
0905909001,965
0905909002,1210
0905909003,700
0905909006,2110
0905909007,1640
0905909008,1120
0905909009,725
0905909010,705
0905909011,1240
0905909012,1690
0905909013,1700
0905909014,755
0905909015,1165
0905909016,2255
0905909017,655
0905909018,520
0905909019,885
0905909020,755
0905909021,1225
0905909022,1240
0905909023,1585
0905909024,1565
0905909025,895
0905909026,1380
0905909027,1255
0905909028,935
0905909029,1470
0905909030,1245
0905909031,1155
0905909032,1170
0905909033,720
0905909034,1060
0905909035,1905
0905909036,1090
0905909037,1205
0905909038,495
0905909039,995
0905909040,1840
0905909041,2135
0905909042,2200
0905909043,2035
0906001001,190
0906101001,200
0906201001,55
0906301001,265
0906401001,485
0906501001,180
0906601001,60
0906701001,550
0906801001,30
0907001001,40
0907101001,45
0907201001,345
0907301001,1185
0907401001,975
0907501001,145
0907601001,25
0907701001,35
0907801001,40
0907901001,50
0908201001,50
0908301001,30
0908401001,215
0908501001,640
0908601001,685
0908801001,70
0909001001,65
0909101001,790
0909301001,195
0909401001,50
0909501001,95
0909801001,605
0910001001,55
0910101001,70
0910201001,45
0910301001,270
0910401001,60
0910501001,115
0910801001,490
0910901001,1440
0911001001,95
0911201001,125
0911301001,630
0911401001,100
0911501001,105
0911701001,100
0911901001,50
0912001001,45
0912201001,95
0912301001,40
0912401001,1910
0912501001,700
0912701001,60
0912801001,105
0912901001,135
0913001001,95
0913101001,545
0913201001,190
0913301001,50
0913401001,275
0913501001,45
0913601001,240
0913701001,235
0913801001,100
0913901001,105
0914001001,150
0914101001,665
0914301001,30
0914401001,65
0914801001,120
0914901001,40
0915101001,620
0915201001,370
0915401001,180
0915501001,25
0915901001,70
0916001001,115
0916201001,135
0916301001,765
0916401001,225
0916601001,105
0916701001,60
0916801001,385
0916901001,105
0917001001,240
0917201001,130
0917301001,135
0917401001,1060
0917501001,140
0917601001,75
0917701001,1410
0917801001,60
0917901001,50
0918001001,140
0918101001,345
0918201001,105
0918301001,60
0918401001,5
0918901001,155
0919001001,105
0919101001,45
0919201001,70
0919401001,1240
0919401002,1295
0919501001,65
0919601001,170
0919701001,185
0919801001,140
0919901001,105
0920001001,55
0920101001,35
0920201001,25
0920601001,65
0920801001,295
0920901001,2025
0920901002,560
0920901003,350
0920901004,1980
0920901005,1235
0921101001,1795
0921301001,410
0921401001,835
0921501001,465
0921601001,440
0921701001,430
0921801001,475
0921901001,425
0921901002,645
0921902001,1320
0921902002,1025
0921902003,775
0921902004,1285
0921902005,1595
0921902006,1485
0921902007,1290
0921903001,1285
0921903002,1200
0921903003,975
0921903004,1060
0921903005,1075
0921903006,1065
0921903007,1380
0921903008,1775
0921903009,1695
0921903010,2115
0921903011,1705
0921903012,1650
0921903013,1615
0921903014,2025
0921903015,655
0921903016,1510
0921903017,1285
0921903018,1215
0921904001,330
0921904002,875
0921904003,1800
0922001001,85
0922101001,590
0922301001,50
0922401001,195
0922501001,100
0922601001,70
0922701001,170
0922801001,195
0922901001,235
0923001001,40
0923101001,75
0923201001,205
0923501001,190
0923601001,40
0923801001,930
0923901001,60
0924101001,235
0924201001,95
0924301001,90
0924401001,50
0924601001,760
0924701001,35
0924801001,65
0924901001,60
0925001001,360
0925101001,500
0925301001,120
0925501001,90
0925601001,460
0925701001,100
0925801001,175
0925901001,265
0926101001,550
0926201001,160
0926501001,45
0926601001,100
0926701001,140
0926801001,130
0926901001,40
0927001001,190
0927201001,350
0927301001,60
0927401001,1310
0927501001,185
0927601001,525
0927701001,135
0927901001,255
0928001001,40
0928101001,180
0928301001,65
0928701001,260
0928801001,115
0928901001,835
0928901002,1105
0929201001,95
0929401001,145
0929501001,70
0929701001,395
0929801001,105
0930101001,765
0930201001,120
0930301001,90
0930401001,225
0930601001,135
0930701001,125
0930801001,75
0930901001,385
0931001001,15
0931101001,75
0931201001,125
0931401001,115
0931501001,495
0931601001,100
0931701001,15
0931801001,60
0932101001,1435
0932101002,995
0932301001,75
0932501001,230
0932601001,180
0932701001,35
0932801001,80
0932901001,135
0933001001,2115
0933201001,175
0933401001,50
0933501001,70
0933701001,155
0933801001,275
0933901001,155
0934001001,75
0934301001,105
0934501001,170
0934601001,100
0934701001,160
0934801001,135
0935001001,605
0935101001,65
0935201001,135
0935301001,90
0935401001,35
0935501001,120
0935601001,65
0935801001,270
0936001001,35
0936101001,140
0936201001,275
0936301001,1140
0936501001,40
0936601001,95
0936801001,25
0936901001,540
0937201001,280
0937301001,515
0937401001,115
0937501001,45
0937701001,795
0937801001,35
0938001001,100
0938101001,45
0938201001,30
0938401001,365
0938601001,80
0938701001,135
0938801001,35
0938901001,75
0939001001,725
0939101001,480
0939201001,55
0939401001,975
0939501001,170
0939601001,160
0939801001,95
0940001001,385
0940301001,105
0940501001,155
0940601001,310
0940701001,30
0940801001,45
0940901001,155
0941001001,1840
0941002001,1190
0941003001,795
0941101001,175
0941201001,960
0941301001,540
0941401001,200
0941501001,345
0941601001,70
0941701001,40
0941801001,85
0941901001,80
0942101001,275
0942201001,25
0942301001,35
0942401001,50
0942501001,650
0942701001,865
0942701002,800
0942801001,125
0942901001,70
0943001001,20
0943101001,130
0943201001,225
0943301001,70
0943401001,1660
0943701001,350
0943801001,675
0943901001,1180
0944001001,105
0944101001,75
0944201001,435
0944301001,210
0944401001,85
0944501001,45
0944601001,10
0944701001,35
0944801001,250
0944901001,115
0945001001,30
0945101001,300
0945401001,50
0945501001,50
0945601001,145
0945801001,565
0946001001,210
0946301001,270
0946401001,45
0946601001,150
0946701001,80
0947101001,185
0947201001,60
0947301001,100
0947601001,95
0947801001,55
0948001001,115
0948201001,35
0948301001,255
0948501001,60
0990101001,505
0990201001,515
0990301001,1690
0990301002,1920
0990301003,1005
0990401001,595
0990501001,480
0990601001,1425
0990701001,1930
0990801001,565
1000101001,325
1000201001,445
1000301001,660
1000401001,840
1000501001,635
1000601001,1435
1000701001,765
1000801001,1555
1000901001,260
1001001001,1175
1001001002,1120
1001002001,405
1001101001,700
1001201001,690
1001301001,335
1001401001,495
1001402001,1705
1001501001,745
1001601001,370
1001701001,960
1001801001,1000
1001802001,955
1001901001,1550
1002001001,790
1002002001,1165
1002101001,600
1002101002,680
1002102001,880
1002102002,1550
1002103001,1325
1002103002,1240
1002201001,485
1002301001,940
1002401001,780
1002501001,455
1002601001,635
1002701001,85
1002801001,135
1002901001,485
1003001001,550
1003101001,220
1003201001,525
1003201002,970
1003202001,550
1003301001,470
1003401001,395
1003501001,1110
1003501002,1260
1003601001,375
1003701001,1150
1003701002,1290
1003701003,1040
1003701004,2035
1003701005,745
1003701006,2275
1003701007,590
1003701008,1455
1003701009,885
1003701010,2120
1003701011,2255
1003701012,1820
1003701013,3975
1003701014,2730
1003702001,725
1003702002,1055
1003702003,1120
1003702004,1325
1003702005,1010
1003702006,1605
1003702007,680
1003702008,1320
1003702009,695
1003702010,1145
1003702011,2115
1003702012,1080
1003702013,1035
1003703001,1425
1003703002,685
1003703003,1255
1003703004,840
1003703005,1050
1003703006,710
1003703007,1005
1003704001,1165
1003704002,935
1003704003,825
1003704004,1740
1003704005,615
1003704006,1150
1003704007,575
1003704008,990
1003704009,1280
1003704010,870
1003704011,1510
1003704012,1170
1003704013,1955
1003704014,995
1003704015,690
1003704016,1555
1003704017,2245
1003704018,1970
1003704019,1860
1003704020,1335
1003704021,1475
1003704022,1185
1003704023,1100
1003704024,1930
1003704025,1515
1003705001,2805
1003705002,1310
1003705003,1550
1003705004,505
1003705005,840
1003705006,1490
1003706001,1655
1003706002,1935
1003706003,1335
1003706004,2175
1003707001,530
1003801001,100
1003901001,485
1004001001,495
1004101001,1220
1004201001,65
1004301001,975
1004401001,815
1004402001,925
1004501001,565
1004502001,630
1004601001,230
1004701001,1115
1004801001,315
1004901001,1460
1004902001,690
1004903001,1455
1004903002,1125
1005001001,1385
1005101001,490
1005201001,190
1005301001,335
1005401001,625
1005501001,780
1005601001,675
1005701001,175
1005801001,1450
1005901001,445
1006001001,1160
1006101001,1265
1006102001,750
1006201001,495
1006301001,185
1006401001,1780
1006501001,165
1006601001,210
1006701001,1680
1006701002,1940
1006701003,2335
1006701004,1060
1006702001,890
1006702002,525
1006702003,2070
1006703001,1060
1006704001,1235
1006801001,895
1006901001,930
1007001001,810
1007101001,180
1007201001,980
1007301001,805
1007501001,315
1007601001,1005
1007701001,815
1007801001,480
1007901001,1005
1008001001,425
1008101001,120
1008201001,1255
1008202001,955
1008301001,110
1008401001,955
1008402001,650
1008501001,385
1008601001,355
1008701001,1100
1008702001,925
1008801001,245
1008901001,1600
1009001001,600
1009101001,395
1009201001,365
1009301001,500
1009401001,290
1009501001,365
1009601001,1485
1009601002,1380
1009602001,1245
1009701001,110
1009801001,440
1009901001,750
1010001001,925
1010101001,205
1010201001,440
1010301001,550
1010401001,690
1010401002,835
1010401003,1630
1010402001,1300
1010402002,1195
1010402003,905
1010501001,1270
1010501002,1745
1010601001,155
1010701001,1325
1010801001,210
1010901001,600
1010902001,570
1010903001,845
1011001001,1060
1011001002,1705
1011101001,1205
1011101002,570
1011201001,895
1011202001,960
1011301001,1445
1011302001,1420
1011401001,1350
1011501001,1455
1011501002,1320
1011502001,900
1011502002,765
1011601001,1510
1011602001,2145
1011602002,1025
1011701001,260
1011801001,325
1011901001,670
1012001001,180
1012101001,2560
1012102001,2340
1012102002,2070
1012103001,1575
1012103002,1160
1012104001,405
1012201001,255
1012301001,695
1012401001,970
1012501001,1075
1012601001,665
1012602001,1205
1012701001,760
1012701002,1150
1012702001,1400
1012702002,820
1012702003,1755
1012801001,1055
1012801002,1510
1012801003,1625
1012801005,1160
1012801006,1750
1012901001,400
1013001001,2010
1013101001,745
1013101002,1065
1013101003,1095
1013101004,1975
1013101005,635
1013102001,2170
1013102002,2640
1013102003,1685
1013102004,1675
1013102005,1455
1013102006,1340
1013102007,720
1013201001,470
1013301001,845
1013302001,565
1013401001,675
1013501001,1320
1013601001,300
1013701001,435
1013801001,660
1013901001,115
1014001001,1435
1014101001,285
1014201001,975
1014301001,160
1014401001,1120
1014501001,175
1014601001,1600
1014701001,1505
1014801001,1450
1014801002,1370
1014801004,1050
1014801005,760
1014801006,600
1014801007,950
1014801008,1210
1014801009,1230
1014801010,1385
1014801011,1225
1014802001,1815
1014802002,720
1014802003,1390
1014802004,1700
1014802005,815
1014803001,860
1014803002,815
1014803003,605
1014803004,955
1014804001,780
1014804002,830
1014804003,1525
1014804004,1090
1014804005,1625
1014804006,900
1014804007,1720
1014804008,1135
1014804009,2345
1014804010,2020
1014804011,2290
1014804012,2620
1014805001,810
1014901001,425
1015001001,400
1015101001,255
1015201001,545
1015301001,390
1015401001,225
1015501001,1325
1015601001,125
1015701001,305
1015801001,415
1015901001,360
1016001001,245
1016101001,65
1016201001,670
1016301001,290
1016401001,840
1016501001,285
1016601001,280
1016701001,305
1016801001,285
1016901001,560
1017001001,295
1017101001,415
1017201001,805
1017301001,860
1017401001,190
1017501001,960
1017502001,675
1017601001,445
1017701001,2055
1017801001,895
1017901001,395
1018001001,2305
1018001002,2815
1018001004,935
1018001005,1780
1018001006,1395
1018101001,865
1018201001,175
1018301001,1170
1018401001,945
1018501001,630
1018601001,1155
1018701001,505
1018801001,615
1018901001,1310
1018902001,905
1018902002,955
1019001001,595
1019101001,660
1019201001,935
1019301001,1740
1019401001,590
1019501001,1325
1019501002,1365
1019501003,1205
1019502001,720
1019502002,2150
1019503001,1550
1019504001,1030
1019601001,355
1019701001,120
1019801001,1355
1019901001,200
1020001001,480
1020101001,225
1020201001,740
1020301001,1170
1020301002,1055
1020302001,1225
1020302002,1840
1020303001,535
1020401001,545
1020501001,825
1020502001,1620
1020601001,275
1020701001,525
1020801001,140
1020901001,295
1021001001,645
1021101001,490
1021201001,870
1021202001,1245
1021301001,650
1021401001,235
1021501001,445
1021601001,1875
1021701001,600
1021801001,765
1021802001,605
1021901001,785
1021902001,810
1090101001,1360
1090201001,870
1090301001,910
1100101001,895
1100101002,2050
1100102001,1955
1100102002,615
1100201001,1385
1100201002,2155
1100201003,1045
1100201004,700
1100301001,1500
1100401001,780
1100401002,1125
1100401003,1830
1100401004,600
1100401005,660
1100401006,830
1100401007,1095
1100401008,830
1100401009,1005
1100401010,650
1100401011,560
1100401012,1690
1100401013,575
1100401014,1795
1100401015,1110
1100401016,1720
1100401017,1820
1100401018,1200
1100401019,1100
1100401020,920
1100401021,1520
1100401022,3825
1100401023,1715
1100401024,1210
1100401025,1100
1100401026,1135
1100402001,2410
1100402002,1640
1100402003,1105
1100402004,2510
1100402005,1165
1100402006,1925
1100402007,1115
1100402008,1880
1100402009,325
1100402010,1710
1100402011,1060
1100402012,1465
1100402014,715
1100402015,2110
1100402016,1690
1100402017,4540
1100402018,685
1100402019,1800
1100403001,1235
1100403002,740
1100403003,1425
1100403004,850
1100403005,470
1100403006,620
1100403007,855
1100403008,1745
1100403009,735
1100403010,780
1100403011,1080
1100403012,980
1100403013,2105
1100403014,2355
1100403015,960
1100403016,565
1100403017,1060
1100403018,1015
1100404001,2245
1100404002,1795
1100404003,2335
1100404004,785
1100404005,935
1100404006,2125
1100404007,375
1100404008,540
1100404009,1305
1100404010,1875
1100404011,2655
1100404012,1610
1100404013,1535
1100404014,1015
1100404015,1460
1100404016,2460
1100404017,1455
1100404018,1235
1100404019,2970
1100404020,2755
1100404021,2115
1100501001,1450
1100501003,1420
1100501004,780
1100502001,2030
1100601001,615
1100601002,865
1100601003,1070
1100601004,2130
1100601005,770
1100601006,2305
1100602001,1285
1100602002,2265
1100602003,950
1100602004,975
1100602005,1380
1100602006,1505
1100602007,1250
1100602008,2230
1100602009,2215
1100603001,1445
1100603002,1500
1100603003,695
1100603004,1635
1100604001,650
1100604002,795
1100604003,990
1100604004,1685
1100701001,1695
1100701003,1035
1100701004,1290
1100701005,1665
1100702001,700
1100702002,700
1100702003,1480
1100702004,1455
1100702005,1495
1100702006,805
1100702007,1365
1100702008,650
1100702009,645
1100703001,1435
1100703002,3550
1100704001,925
1100704002,1990
1100801001,1375
1100801002,910
1100801003,1880
1100801004,2055
1100801005,1330
1100801006,1455
1100801007,1945
1100801008,2255
1100801009,1835
1100801010,1440
1100802001,1905
1100803001,2555
1100803002,1895
1100901001,735
1101001001,925
1101001002,2355
1101002001,1260
1101002002,1175
1101002003,1475
1101003001,915
1101101001,2095
1101201001,875
1101201002,1000
1101201003,1865
1101201004,2145
1101201005,750
1101201006,790
1101202001,2155
1101202002,1905
1101202003,835
1101202004,735
1101202005,1030
1101203001,1075
1101203002,1080
1101203003,790
1101203004,920
1101203005,770
1101203006,1275
1101204001,1365
1101204002,645
1101204003,415
1101204004,455
1101204005,990
1101204006,565
1101205001,1285
1101205002,550
1101205003,400
1101205004,635
1101205005,540
1101205006,650
1101206001,885
1101206002,1155
1101206003,1785
1101206005,895
1101206006,1060
1101207001,1040
1101207002,870
1101207005,805
1101207006,1250
1101208001,685
1101208002,1025
1101208003,1205
1101208004,1005
1101208005,1160
1101208006,1535
1101208007,1295
1101208008,910
1101208009,1490
1101208010,525
1101208011,1110
1101208012,1235
1101208013,1620
1101208014,910
1101208015,1010
1101208016,600
1101208017,1745
1101208018,770
1101208019,1290
1101208020,1020
1101208021,870
1101208022,665
1101208023,2040
1101208024,2125
1101209001,1150
1101209002,1115
1101209003,2055
1101209004,1830
1101209005,1225
1101209006,1200
1101209007,1310
1101209008,980
1101209009,560
1101209010,630
1101209011,1490
1101209012,1345
1101209013,1650
1101209014,2060
1101209015,1130
1101209016,1325
1101209017,985
1101209018,1160
1101209019,705
1101209020,965
1101209021,1170
1101209022,885
1101209023,660
1101210001,1340
1101210002,770
1101210003,1135
1101210004,855
1101210005,1045
1101210006,715
1101210007,1055
1101210008,1565
1101210009,1815
1101210010,930
1101210011,815
1101210012,1890
1101210013,1115
1101210014,1390
1101210015,1025
1101210016,400
1101210017,1795
1101210018,1555
1101210019,1685
1101210020,985
1101210021,1065
1101210022,755
1101210023,2265
1101210024,800
1101210025,1270
1101301001,1465
1101301002,1700
1101401001,825
1101401002,615
1101401003,3550
1101401004,1445
1101401005,1960
1101402001,1530
1101402002,695
1101402003,1360
1101402004,670
1101402005,2060
1101402006,1150
1101403001,1405
1101403002,895
1101403003,1050
1101403004,2545
1101501001,1650
1101501002,2295
1101501003,1940
1101501004,1865
1101501005,1215
1101501006,1360
1101501007,2125
1101501008,3075
1101502001,1040
1101502002,1435
1101502003,1500
1101502004,1760
1101502005,2030
1101502006,620
1101502007,1355
1101503001,1735
1101503002,1130
1101503003,1100
1101503004,1805
1101503005,875
1101503006,2350
1101503007,955
1101504001,2270
1101504002,2280
1101504003,2200
1101504004,2365
1101504005,950
1101504006,855
1101504007,3430
1101504008,1695
1101504009,2070
1101504010,1345
1101504011,510
1101504012,1315
1101504013,1805
1101504014,870
1101504015,3515
1101505001,3085
1101505002,2425
1101505003,1715
1101505004,3240
1101505005,1025
1101505006,1745
1101505007,1920
1101505008,1165
1101505009,1195
1101505010,445
1101601001,745
1101601002,990
1101602001,2405
1101602002,1140
1101602003,2550
1101602004,1855
1101602005,2315
1101603001,1375
1101603002,1195
1101603003,560
1101603004,2510
1101603005,1165
1101701001,825
1101701002,1620
1101701003,1505
1101801001,1850
1101901001,1030
1101901002,1165
1102001001,1450
1102001002,1800
1102001003,1010
1102001004,1725
1102001005,990
1102002001,1060
1102002002,1440
1102002003,1010
1102002004,580
1102002005,1405
1102002006,1100
1102002007,1095
1102002008,1495
1102002009,960
1102002010,1435
1102002011,1200
1102002012,855
1102002013,605
1102002014,585
1102002015,990
1102002016,1070
1102002017,660
1102002018,815
1102002019,735
1102002020,1080
1102002021,990
1102002022,1105
1102002023,1295
1102002024,1055
1102002025,2400
1102002026,985
1102002027,1340
1102003001,585
1102003002,1450
1102003003,1170
1102003004,385
1102003005,910
1102003006,1510
1102003007,1020
1102003008,1130
1102003009,890
1102003010,680
1102003011,1400
1102003012,1065
1102003013,620
1102003014,1535
1102003015,955
1102003016,1040
1102003018,2365
1102003019,995
1102003020,1470
1102004001,1800
1102004002,1945
1102004003,1595
1102004004,1645
1102004005,1750
1102004006,2590
1102004007,1470
1102004008,1190
1102004009,1920
1102004010,1765
1102004011,3000
1102004012,2370
1102004013,1695
1102005001,1510
1102005002,780
1102005003,1130
1102005004,990
1102005005,1020
1102005006,1490
1102005007,910
1102005008,670
1102005009,800
1102005010,820
1102005011,955
1102005012,1455
1102005013,645
1102006001,2260
1102006002,2055
1102006003,1680
1102006004,1035
1102006005,1205
1102006006,2305
1102006007,1200
1102006008,530
1102006009,970
1102006010,920
1102006011,1415
1102006013,770
1102006014,1125
1102006016,1595
1102006017,1365
1102006018,1910
1102006019,1745
1102006020,1905
1102006021,1390
1102006022,795
1102006023,1030
1102006024,1175
1102006025,1090
1102006026,1165
1102006027,785
1102006028,2540
1102006029,2590
1102006030,1650
1102006031,1565
1102006032,1455
1102006033,1525
1102006034,2435
1102006035,2585
1102006036,1740
1102006037,1825
1102006038,1395
1102006039,2240
1102006040,1815
1102006041,1295
1102006042,2480
1102006043,990
1102006044,3340
1102006045,1295
1102006046,1210
1102007001,1455
1102007002,1195
1102007003,790
1102007004,690
1102007005,960
1102007006,570
1102007007,470
1102007008,965
1102007009,1130
1102007010,1305
1102007011,1030
1102007012,730
1102007013,935
1102007014,1640
1102007015,1375
1102007016,935
1102007017,920
1102007018,970
1102007019,3030
1102007020,2545
1102007021,2055
1102008001,965
1102008002,1785
1102009001,465
1102009002,1325
1102009004,1510
1102009005,1395
1102009006,1340
1102009007,1550
1102009008,1250
1102009009,520
1102009010,730
1102009011,1065
1102009012,1125
1102009013,1530
1102009014,1145
1102010001,720
1102010002,730
1102010003,980
1102010004,695
1102101001,2370
1102101002,1475
1102102001,2155
1102103001,1665
1102104001,1320
1102104002,1125
1102201001,1240
1102201002,1500
1102201003,1190
1102201004,2215
1102201005,1360
1102201006,1160
1102202001,1840
1102202002,1490
1102202003,810
1102202004,880
1102202005,1655
1102202006,1735
1102202007,2280
1102203001,2145
1102203002,1240
1102203003,1140
1102203004,2335
1102203005,1010
1102203006,2035
1102203007,1540
1102203008,1420
1102203009,1380
1102203010,2335
1102203011,1405
1102203012,2775
1102204001,1820
1102204002,1080
1102204003,790
1102204004,1640
1102204005,685
1102204006,900
1102205001,790
1102205002,1010
1102205003,1390
1102205004,685
1102205005,1935
1102205007,1290
1102206001,1405
1102206002,1010
1102206003,1080
1102206004,1145
1102206005,960
1102206006,795
1102206007,2115
1102207001,815
1102207002,425
1102207003,1330
1102301001,775
1102302001,915
1102303001,785
1102304001,1075
1102305001,2705
1102305002,1380
1102305003,950
1102305004,2180
1102306001,975
1102401001,690
1102402001,1225
1102402002,985
1102403001,905
1102404001,1260
1102404002,1185
1102404003,2185
1102501001,1515
1102501002,1750
1102501003,2385
1102601001,2250
1102601002,640
1102602001,1595
1102602002,1455
1102701001,1670
1102701002,1250
1102701003,1425
1102701004,1690
1102701005,1790
1102701006,1525
1102701007,1745
1102701008,1250
1102701009,1000
1102701010,1060
1102701011,1040
1102701012,715
1102701013,595
1102701014,1940
1102701015,675
1102701016,1325
1102701017,1330
1102701018,985
1102701019,680
1102701020,1825
1102701021,2385
1102701022,1905
1102701023,1795
1102701024,1580
1102701025,1150
1102701026,1620
1102701027,775
1102701028,1595
1102701029,2085
1102701030,530
1102701031,1305
1102701032,1365
1102701033,330
1102701034,1375
1102701035,1725
1102701036,1320
1102702001,1455
1102702002,2075
1102702003,890
1102702004,840
1102702005,1685
1102702006,3065
1102702007,1285
1102702008,855
1102702009,0
1102702010,1455
1102703001,2490
1102703002,1375
1102703003,1265
1102703004,1585
1102703005,1070
1102703006,2130
1102703007,915
1102703008,2340
1102703009,2025
1102703010,1760
1102703011,1015
1102703012,1495
1102703013,1710
1102704001,1460
1102704002,1965
1102704003,2160
1102801001,1595
1102801002,1160
1102801003,910
1102801004,1865
1102801005,1180
1102801006,780
1102801007,1635
1102801008,1510
1102802001,680
1102802002,790
1102802003,1290
1102803001,880
1102803003,1865
1102803004,1875
1102803005,1010
1102803006,1615
1102803007,1190
1102803008,1440
1102803009,1015
1102803010,1575
1102804001,1615
1102804002,455
1102804003,1500
1102804004,2270
1102804005,1215
1102804006,2115
1102804007,1645
1102804008,3270
1102804009,1265
1102901001,935
1102901002,735
1102901003,915
1102901004,1200
1102901005,2005
1102901006,1405
1103001001,715
1103001002,1050
1103001003,1310
1103001004,2005
1103001005,2530
1103002001,1945
1103002002,1605
1103002003,1820
1103003001,2275
1103003002,2240
1103003003,1405
1103003004,1490
1103003005,1475
1103003006,1420
1103003007,1095
1103003008,1195
1103003009,1070
1103003010,2400
1103101001,1845
1103101002,775
1103101003,785
1103101004,975
1103101005,1365
1103101006,2260
1103101007,1475
1103101008,2735
1103101009,1370
1103101010,950
1103101011,2230
1103101012,1760
1103101013,985
1103101014,1730
1103101015,1645
1103102001,1190
1103103001,1405
1103103002,1230
1103103003,710
1103103004,905
1103103005,1710
1103103006,2275
1103103007,1235
1103103008,705
1103104001,445
1103104002,675
1103104003,985
1103104004,1485
1103104005,900
1103104006,2325
1103105001,2330
1103105002,1180
1103105003,1195
1103105004,1405
1103105005,2145
1103105006,1395
1103105007,1105
1103106001,1150
1103106002,1355
1103106003,850
1103106004,795
1103106005,1155
1103106006,605
1103106007,2585
1103106008,1425
1103106009,615
1103106010,1955
1103106011,2145
1103106012,740
1103106013,750
1103106014,2065
1103106015,1215
1103106016,1985
1103106017,2660
1103106018,680
1103106019,825
1103106020,1540
1103106021,1065
1103106022,555
1103106023,825
1103106024,1935
1103106025,1800
1103106026,2390
1103106027,2320
1103106028,1720
1103106029,1450
1103106030,1455
1103106031,2035
1103201001,1340
1103201002,1650
1103201003,2165
1103201004,2220
1103201006,1585
1103201007,615
1103201008,1285
1103201009,505
1103201010,2330
1103201012,905
1103201013,1880
1103201014,1410
1103201015,1050
1103201016,1500
1103201017,1675
1103201018,1250
1103201019,1395
1103201020,2645
1103201021,2005
1103202001,1275
1103202002,930
1103202003,3120
1103202004,640
1103202005,450
1103203001,1290
1103203002,1250
1103203003,830
1103203004,1155
1103203005,665
1103203006,1315
1103204001,1200
1103204002,1330
1103205001,1385
1103205002,1260
1103205003,640
1103205004,440
1103205005,1070
1103205006,1165
1103205007,3200
1103205008,2090
1103205009,1765
1103205010,1245
1103205011,1050
1103205012,1170
1103205013,2205
1103205014,1760
1103205015,1845
1103301001,1705
1103301002,1170
1103301003,1580
1103302001,1700
1103302002,1995
1103302003,1720
1103302004,1625
1103303001,2210
1103303002,2400
1103304001,3485
1103304002,1880
1103304003,605
1103304004,1590
1103305001,1735
1103305002,1395
1103305003,3095
1103401001,1275
1103401002,1620
1103501001,1385
1103501002,2195
1103501004,1500
1103501005,840
1103501006,1495
1103501007,1730
1103501008,705
1103501009,925
1103501010,2610
1103502001,1280
1103502002,1320
1103502003,1655
1103601001,825
1103701001,2285
1103701002,2395
1103701003,750
1103701004,1665
1103801001,645
1103801002,1930
1103801003,1550
1103801004,1595
1103801005,1130
1103801006,1260
1103801007,1565
1103801008,1575
1103801009,575
1103801010,715
1103801011,1440
1103801012,1185
1103801013,1675
1103901001,710
1103901002,975
1103902002,1590
1103902003,1485
1103902004,1205
1103902005,1885
1103902006,1910
1103903001,1935
1103903002,1105
1104001001,470
1104101001,1105
1104101002,720
1104101003,1540
1104102001,1445
1104102002,1795
1104102003,1110
1104102004,850
1104102005,965
1104102006,1345
1104102007,1590
1104201001,1485
1190101001,590
1190101002,875
1190101003,1235
1190101004,1350
1190101005,995
1190101006,2175
1190201001,1475
1190201002,1965
1190201003,1010
1200101001,1345
1200201001,140
1200301001,1355
1200401001,1985
1200401002,1325
1200402001,1965
1200402002,2525
1200501001,690
1200501002,1255
1200501003,795
1200501004,2020
1200502001,1545
1200502002,1420
1200502003,1960
1200502004,1015
1200601001,220
1200701001,880
1200801001,295
1200901001,1675
1200901002,2360
1200901003,2570
1200901004,3430
1200902001,1725
1200902002,2595
1200902003,2300
1200903001,2335
1200903002,2440
1200903003,2465
1200903004,1565
1201001001,300
1201101001,1655
1201101002,2085
1201101003,2320
1201201001,970
1201201002,1130
1201201003,1685
1201301001,200
1201401001,210
1201501001,100
1201601001,1235
1201602001,720
1201701001,210
1201801001,360
1202001001,200
1202101001,840
1202101002,1085
1202102001,1405
1202102002,1340
1202102003,1105
1202201001,420
1202401001,175
1202501001,160
1202601001,1225
1202701001,2070
1202701002,2355
1202701003,1170
1202701004,2125
1202701005,1100
1202702001,750
1202702002,1605
1202702003,920
1202703001,1360
1202703002,2345
1202703003,2850
1202703004,2010
1202703005,2850
1202703006,1740
1202703007,1065
1202801001,2860
1202801002,2685
1202801003,2530
1202801004,2350
1202801005,1875
1202801006,1810
1202801007,2005
1202801008,2040
1202901001,1155
1203101001,2210
1203101002,860
1203102001,2110
1203201001,630
1203201002,1885
1203201003,1850
1203201004,1460
1203201005,1825
1203201006,880
1203202001,820
1203202002,1250
1203202003,1260
1203202004,1845
1203203001,1315
1203203002,1005
1203203003,2545
1203203004,1795
1203203005,1585
1203203006,2075
1203204001,985
1203204002,710
1203204003,1935
1203204004,1220
1203204005,1245
1203205001,1240
1203205002,2590
1203205003,840
1203301001,1565
1203302001,1320
1203401001,2170
1203601001,830
1203701001,20
1203801001,235
1203901001,1045
1204001001,1040
1204001002,710
1204001003,2170
1204001004,740
1204002001,1010
1204002002,700
1204002003,940
1204002004,1955
1204002005,1535
1204002006,1390
1204002007,1990
1204002008,1635
1204003001,1400
1204003002,1330
1204003003,835
1204003004,575
1204003005,2135
1204003006,2125
1204003007,1845
1204003008,2250
1204003009,1715
1204003010,905
1204003011,890
1204003012,1630
1204004001,1715
1204004002,1130
1204004003,1055
1204004005,1545
1204004006,1390
1204004007,1775
1204004008,2345
1204004009,1805
1204004010,985
1204004011,1560
1204004012,1800
1204004013,1475
1204004014,1995
1204004015,2040
1204004016,1695
1204004017,1255
1204004018,1165
1204004019,1260
1204004020,1955
1204004021,1650
1204004022,2090
1204005001,1020
1204005002,1115
1204005004,1885
1204005005,980
1204005006,1890
1204005007,1145
1204005008,3000
1204005009,905
1204005010,810
1204005011,1495
1204005012,1885
1204005013,935
1204005014,1205
1204006001,2095
1204006002,2025
1204006003,1555
1204006004,2160
1204006005,2000
1204006006,1990
1204006007,1745
1204006008,3195
1204006009,1615
1204006010,1995
1204006011,1390
1204006012,2450
1204006013,3230
1204006014,1565
1204006015,2465
1204007001,1510
1204007003,1600
1204007004,1730
1204007005,985
1204007006,755
1204007007,1860
1204007008,900
1204007009,1630
1204007010,2070
1204007011,1040
1204007012,1995
1204007013,2260
1204007014,2120
1204007016,3060
1204007017,1320
1204008001,1380
1204008002,1870
1204008003,2135
1204008004,1880
1204008005,1060
1204008006,1870
1204008007,1195
1204008008,1555
1204008009,2095
1204008010,1575
1204009001,1625
1204009002,2010
1204009003,1030
1204009004,1795
1204009005,2055
1204009006,1615
1204009007,2760
1204009009,2260
1204009010,1095
1204009011,1260
1204101001,115
1204201001,830
1204301001,725
1204401001,685
1204501001,475
1204601001,260
1204801001,350
1204901001,595
1205001001,890
1205002001,1100
1205101001,605
1205201001,845
1205301001,1965
1205301002,885
1205501001,125
1205601001,355
1205701001,915
1205801001,115
1205901001,340
1206001001,565
1206101001,480
1206301001,60
1206401001,150
1206501001,195
1206701001,690
1206801001,55
1206901001,60
1207001001,765
1207101001,885
1207102001,770
1207201001,1480
1207301001,190
1207401001,950
1207501001,200
1207601001,105
1207701001,2260
1207701002,1580
1207702001,980
1207702002,1490
1207801001,345
1207901001,605
1208001001,1360
1208002001,595
1208003001,660
1208101001,800
1208201001,1165
1208201002,1775
1208201003,1970
1208201004,1810
1208202001,375
1208202002,2325
1208202003,1170
1208202004,1415
1208202005,1460
1208301001,130
1208401001,1085
1208401002,2425
1208401003,1820
1208401004,2305
1208402001,1930
1208402002,1580
1208402003,1730
1208402004,2250
1208402005,2335
1208402006,2340
1208402007,2285
1208403001,1460
1208403002,805
1208403003,675
1208501001,1895
1208501002,3215
1208501003,3630
1208501004,995
1208701001,30
1208801001,60
1208901001,1050
1208902002,2320
1208902003,4400
1209001001,140
1209101001,230
1209201001,165
1209301001,275
1209401001,1140
1209501001,1320
1209601001,1135
1209701001,75
1209801001,845
1209901001,1005
1210001001,1405
1210002001,640
1210101001,525
1210201001,845
1210301001,100
1210401001,910
1210401002,775
1210401003,1455
1210401004,2495
1210401005,1165
1210402001,1215
1210403001,1115
1210501001,1050
1210601001,1515
1210701001,440
1210801001,635
1210901001,895
1211001001,275
1211101001,520
1211201001,140
1211301001,140
1211401001,260
1211501001,285
1211601001,60
1211701001,1105
1211701002,1445
1211702001,2175
1211702002,985
1211801001,95
1211901001,175
1212001001,240
1212101001,1585
1212201001,980
1212301001,70
1212401001,2180
1212402001,760
1212501001,265
1212601001,2895
1212601002,675
1212601003,1155
1212601004,820
1212601005,810
1212601006,1765
1212602001,1210
1212602002,1415
1212602003,700
1212602004,1490
1212602005,1040
1212602006,1795
1212602007,830
1212602008,1290
1212602009,2395
1212602010,945
1212602011,2405
1212602012,980
1212603001,1935
1212603002,1675
1212603003,1155
1212603004,975
1212603005,2300
1212701001,100
1212801001,1930
1212901001,1145
1212901002,1335
1213001001,445
1213101001,95
1213201001,670
1213301001,75
1213401001,185
1213501001,700
1213501002,2230
1213501003,1650
1213501004,1905
1213502001,1560
1213502002,955
1213502003,625
1213502004,1555
1213502005,800
1213502006,1275
1213502007,1860
1213502008,1590
1213502009,1300
1213502010,1625
1213502011,2045
1213502012,1680
1213502013,1255
1213502014,1605
1213502015,1995
1213502016,2110
1213503001,940
1213503002,820
1213503003,1665
1213503004,1925
1213503005,875
1213503006,1005
1213503007,1475
1213503008,1060
1213504001,2425
1213504002,1775
1213504003,1120
1213504004,985
1213504006,1020
1213504007,1635
1213504008,1410
1213601001,1665
1213602001,1615
1213701001,50
1213801001,3435
1213801002,2030
1213801003,1275
1213801004,1820
1213801005,925
1213801006,1250
1213801007,1675
1213801008,1880
1213801009,1600
1213801010,1940
1213801011,1765
1213801012,2545
1213801013,1900
1213801014,2195
1213801015,1925
1213901001,405
1214001001,1620
1214101001,145
1214201001,185
1290101001,1275
1290101002,1870
1290101003,1285
1290201001,1385
1290201002,1590
1300101001,750
1300101002,840
1300201001,1070
1300201002,785
1300301001,515
1300401001,670
1300401002,750
1300501001,1875
1300501002,1300
1300501003,1180
1300501004,2180
1300501005,1985
1300501006,705
1300501007,2095
1300502001,885
1300502002,2510
1300502003,1725
1300502004,1110
1300503001,485
1300503002,1230
1300503003,1500
1300503004,565
1300503005,1745
1300504001,1260
1300504002,2010
1300504003,1010
1300504004,1190
1300504005,1230
1300504006,1170
1300505001,560
1300601001,700
1300701001,750
1300701002,850
1300801001,560
1300901001,1245
1300902001,675
1301001001,1100
1301101001,690
1301101002,770
1301101004,720
1301102001,1080
1301103001,800
1301103002,535
1301104001,680
1301104002,610
1301201001,510
1301301001,735
1301301002,1490
1301301003,1885
1301301004,1005
1301302001,700
1301302002,1865
1301302003,1445
1301401001,645
1301501001,860
1301502001,950
1301503001,910
1301503002,1300
1301504001,1010
1301504002,1045
1301505001,600
1301601001,840
1301701001,325
1301801001,1095
1301901001,655
1301901002,1665
1301902001,1240
1301902002,2080
1301903001,1605
1302001001,1185
1302001002,1595
1302002001,1870
1302002002,1330
1302101001,505
1302201001,460
1302301001,2020
1302301002,2080
1302301003,2280
1302301004,1235
1302301005,1095
1302301006,1020
1302301007,2375
1302401001,1100
1302501001,360
1302601001,550
1302701001,1110
1302701002,955
1302701003,485
1302701004,890
1302701005,940
1302801001,1540
1302801002,3430
1302801003,1795
1302802001,1280
1302802002,1080
1302803001,790
1302803002,1140
1302803003,1225
1302804001,990
1302804002,1260
1302901001,115
1303001001,170
1303101001,810
1303101002,575
1303101003,1625
1303201001,615
1303201002,815
1303301001,850
1303301002,1330
1303401001,950
1303401002,725
1303401003,1190
1303401004,1715
1303401005,1935
1303401006,2200
1303401007,1950
1303401008,1280
1303401009,5155
1303402001,1360
1303402002,1280
1303402003,1385
1303402004,350
1303402005,1140
1303402006,595
1303402007,560
1303402008,1790
1303402009,1805
1303402010,1810
1303402011,1580
1303402012,2140
1303402013,1190
1303402014,950
1303402015,945
1303402016,1215
1303402017,745
1303402018,1300
1303402019,2065
1303402020,780
1303402021,1015
1303402022,3035
1303403001,820
1303403002,1495
1303403003,750
1303403004,1650
1303403005,2380
1303403006,2105
1303404001,1510
1303404002,1140
1303404003,1685
1303404004,1155
1303404005,1235
1303404006,2045
1303404007,810
1303404008,840
1303404009,750
1303404010,2090
1303404011,1425
1303404012,920
1303404013,2490
1303405001,1450
1303501001,1170
1303601001,970
1303701001,1140
1303801001,1020
1303801002,940
1303901001,1335
1303901002,1165
1303901003,1765
1303902001,1895
1303902002,975
1303902003,990
1303903001,1490
1303903002,1490
1303903003,2935
1303904001,1660
1303904002,1475
1303904003,1275
1304001001,1115
1304101001,310
1304201001,1105
1304301001,275
1304401001,1610
1304401002,1275
1304401003,700
1304501001,860
1304601001,900
1304701001,1370
1304701002,1520
1304702001,805
1304702002,775
1304703001,1410
1304703002,2995
1304801001,535
1304901001,1015
1305001001,650
1305101001,410
1305201001,1195
1305201002,690
1305201003,2210
1305202001,1260
1305202002,1375
1305202003,1450
1305203001,375
1305301001,635
1305301002,1415
1305301003,880
1305302001,1165
1305302002,560
1305302003,620
1305302004,1525
1305302005,945
1305303001,2105
1305303002,1995
1305303003,995
1305303004,785
1305303005,1545
1305304001,1245
1305304003,1175
1305304004,1500
1305401001,705
1305401002,775
1305401003,1255
1305401004,1020
1305401005,1135
1305401006,1395
1305501001,815
1305601001,1805
1305601002,1640
1305601003,1900
1305601004,1755
1305601005,1640
1305602001,1735
1305602002,1895
1305602003,2170
1305701001,620
1305701002,880
1305801001,1610
1305801002,1135
1305802001,1160
1305802002,760
1305802003,950
1305901001,260
1306001001,320
1306101001,1650
1306101002,1190
1306101003,1080
1306102001,2645
1306102002,1765
1306201001,705
1306301001,1635
1306301002,1045
1306302001,1260
1306302002,805
1306401001,2035
1306501001,585
1306501002,1170
1306501003,985
1306501004,1220
1306601001,1415
1306601002,1890
1306701001,445
1306801001,1220
1306901001,785
1307001001,1010
1307101001,1720
1307101002,1875
1307101003,1040
1307101004,670
1307101005,490
1307101006,975
1307101007,1680
1307102001,2150
1307102002,1550
1307102003,1410
1307102004,585
1307102006,1435
1307102007,445
1307102008,875
1307102009,1320
1307102010,1485
1307103001,1000
1307103002,2590
1307103003,1700
1307103004,1280
1307103005,1125
1307103006,1600
1307103007,1165
1307103008,1105
1307103009,1350
1307103010,560
1307103011,685
1307103012,1160
1307103013,1315
1307103014,2300
1307104001,980
1307104002,710
1307104003,745
1307104004,1665
1307104005,1665
1307104006,1580
1307104007,1125
1307104008,615
1307104009,1435
1307104010,735
1307104011,1395
1307105001,435
1307201001,1085
1307301001,630
1307401001,1205
1307501001,235
1307601001,595
1307701001,1380
1307702001,895
1307703001,1285
1307703002,1010
1307801001,1515
1307801002,1225
1307801003,1065
1307802001,2515
1307802002,1365
1307803001,1845
1307803002,935
1307804001,1400
1307804002,1485
1307901001,805
1307901002,720
1307901003,1200
1307901004,1350
1307901005,1445
1307901006,980
1307902001,1415
1307902002,1305
1307902003,945
1307902005,1535
1307903001,1560
1307903002,1365
1307903003,1395
1308001001,415
1308101001,845
1308201001,2020
1308201002,1980
1308201003,1600
1308201004,1720
1308201005,1080
1308201006,1260
1308201007,2230
1308202001,1390
1308202002,1495
1308202003,2085
1308202004,1215
1308202005,1940
1308202006,1035
1308202007,650
1308203001,2120
1308203002,1690
1308203003,2210
1308203004,2515
1308203005,560
1308204001,1125
1308204002,1520
1308204003,1925
1308204004,730
1308204005,1800
1308301001,1080
1308301002,685
1308302001,1335
1308401001,1195
1308501001,1055
1308501002,855
1308501003,525
1308501004,555
1308601001,225
1308701001,2005
1308701002,950
1308701003,820
1308701004,1250
1308701005,1710
1308701006,2000
1308702001,1840
1308702002,1715
1308702003,1440
1308702004,1340
1308703001,1795
1308703002,1750
1308703003,920
1308704001,1620
1308704002,745
1308704003,1130
1308704004,2065
1308705001,1180
1308705002,1245
1308705003,1810
1308705004,1510
1308801001,760
1308901001,805
1308901002,585
1308901003,745
1309001001,635
1309001002,745
1309101001,650
1309201001,790
1309201002,790
1309201003,825
1309301001,830
1309302001,1340
1309303001,885
1309303002,1325
1309304001,1220
1309401001,360
1309501001,95
1309601001,2015
1309601002,1940
1309601003,1435
1309601004,1855
1309601005,1140
1309601006,1105
1309601007,1400
1309701001,1025
1309701002,2025
1309801001,715
1309801002,980
1309802001,1020
1390101001,1230
1390201001,595
1390301001,705
1390401001,715
1400101001,1840
1400101002,1320
1400101003,1255
1400201001,1295
1400201002,930
1400201003,1675
1400202001,995
1400202002,770
1400202003,1055
1400202004,1355
1400203001,1930
1400203002,1950
1400203003,1710
1400301001,1470
1400401001,1705
1400402001,795
1400501001,780
1400501002,1185
1400501003,1265
1400501004,760
1400501005,1105
1400501006,955
1400501007,1920
1400601001,895
1400601002,670
1400701001,1560
1400701002,1705
1400701003,570
1400702001,1380
1400703001,880
1400703002,1765
1400703003,720
1400703004,1265
1400703005,3395
1400703006,1710
1400703007,1580
1400704001,710
1400704002,1050
1400705001,1460
1400801001,765
1400802001,1030
1400803001,605
1400804001,1065
1400901001,910
1400901002,460
1400902001,880
1400903001,955
1401001001,1255
1401002001,990
1401002002,1570
1401003001,1255
1401101001,725
1401201001,1005
1401201002,1505
1401202001,755
1401202002,615
1401203001,1945
1401204001,820
1401204002,1140
1401301001,1295
1401301002,2775
1401301003,1440
1401301004,1930
1401301005,1095
1401301006,1330
1401301007,830
1401302001,1930
1401302002,1345
1401302003,1205
1401303001,1140
1401303002,1210
1401303003,615
1401303004,1970
1401304001,755
1401401001,1360
1401402001,1775
1401501001,1625
1401501002,1020
1401601001,1055
1401601002,605
1401701001,1710
1401701002,1135
1401701003,2015
1401701004,2090
1401701005,1760
1401701006,900
1401702001,980
1401702002,1795
1401703001,1325
1401801001,1470
1401802001,1440
1401802002,1645
1401901001,705
1401901002,590
1401902001,535
1401902002,1465
1401903001,1330
1401904001,885
1401904002,1210
1401905001,1290
1402001001,435
1402101001,1235
1402101002,1035
1402101003,2115
1402101004,1170
1402101005,720
1402101006,1275
1402101007,1600
1402101008,1100
1402101009,1945
1402101010,1120
1402101011,1430
1402101012,2155
1402101013,845
1402101014,905
1402101015,1150
1402101016,650
1402101017,2325
1402101018,1570
1402101019,860
1402101020,2440
1402101021,2055
1402101022,1705
1402101023,1355
1402101024,1975
1402101025,925
1402101026,1100
1402101027,1790
1402101028,950
1402101029,1300
1402101030,2100
1402101031,1550
1402102001,1305
1402102002,1100
1402102003,1685
1402102004,2495
1402102005,1225
1402102006,2240
1402102007,820
1402102008,1190
1402102009,1600
1402102010,1195
1402102011,830
1402102012,1245
1402102013,1270
1402102014,1690
1402102015,1145
1402102016,1975
1402102017,1845
1402102018,2105
1402102019,2015
1402102020,1520
1402102021,2170
1402102022,940
1402102023,1505
1402102024,1560
1402102025,1625
1402102026,1760
1402102027,820
1402102028,1565
1402102029,1090
1402102030,1380
1402102031,1040
1402102032,960
1402102033,2745
1402102034,1250
1402102035,905
1402102036,1215
1402102037,1170
1402102038,1120
1402102039,970
1402102040,1490
1402102041,1390
1402102042,920
1402102043,1800
1402103001,1845
1402103002,1965
1402104001,1640
1402104002,1370
1402104003,2060
1402104004,1305
1402105001,1200
1402105002,1045
1402105003,895
1402105004,1005
1402105005,1005
1402105006,1290
1402105007,815
1402105008,655
1402105009,995
1402105010,1115
1402105011,985
1402105012,755
1402105013,860
1402105014,1315
1402105015,900
1402105016,1735
1402105017,1180
1402105018,1110
1402105019,975
1402105020,825
1402105021,1215
1402105022,980
1402105024,1585
1402105025,1405
1402105026,1520
1402105027,835
1402105028,1450
1402105029,995
1402105030,1205
1402105031,1285
1402105032,1625
1402106001,840
1402106002,1015
1402106003,1595
1402106004,930
1402106005,1235
1402106006,1410
1402106007,1675
1402106008,1635
1402106009,2105
1402106010,2445
1402106011,1295
1402106012,780
1402106013,605
1402106014,1290
1402106015,565
1402106016,455
1402106017,2255
1402106018,1830
1402106019,1070
1402106020,1795
1402106021,1165
1402106022,1205
1402106023,935
1402106024,2205
1402106025,1715
1402106026,695
1402106027,1350
1402106028,1180
1402106029,1035
1402106030,1110
1402106031,1200
1402106032,1230
1402106033,835
1402106034,1970
1402106035,865
1402106036,700
1402106037,515
1402106038,2845
1402106039,1950
1402106040,2910
1402106041,1655
1402106042,795
1402106043,2565
1402106044,2045
1402106045,3335
1402106046,2505
1402106047,1190
1402107001,645
1402107002,1030
1402107003,1275
1402107004,1355
1402107005,920
1402108001,1150
1402108002,750
1402108003,1275
1402108004,815
1402109001,1630
1402109002,1220
1402109003,940
1402109004,925
1402109005,1505
1402109006,855
1402109007,1045
1402109008,1625
1402109009,1325
1402109010,2690
1402109011,2475
1402109012,685
1402109013,1590
1402109014,700
1402109015,895
1402109016,1285
1402109017,1420
1402109018,1365
1402109021,1150
1402109022,755
1402109023,1805
1402109024,2055
1402109025,1350
1402109028,625
1402109029,1065
1402109030,945
1402109031,800
1402109032,1020
1402109033,1800
1402109034,1380
1402109035,415
1402109036,1655
1402110001,1480
1402110002,1435
1402110003,905
1402110004,800
1402110005,1180
1402110006,1750
1402110007,840
1402110008,1020
1402110009,2315
1402110010,1575
1402110011,855
1402110012,800
1402110013,710
1402110014,940
1402110015,1095
1402110016,1380
1402110017,1170
1402110018,845
1402110019,2510
1402110020,2170
1402110021,820
1402110022,1105
1402110023,2630
1402110024,1785
1402110025,1955
1402110026,1435
1402110027,1625
1402110028,720
1402110029,805
1402110030,2305
1402110031,855
1402110032,1055
1402110033,1365
1402110034,1210
1402110035,845
1402110036,1275
1402110037,1485
1402110038,1430
1402110039,1180
1402110040,1125
1402110041,485
1402110042,1770
1402110043,680
1402110044,515
1402110045,140
1402110046,845
1402201001,1940
1402201002,1310
1402202001,915
1402202002,800
1402301001,535
1402302001,1175
1402303001,795
1402401001,1475
1402402001,895
1402501001,1255
1402502001,965
1402503001,1350
1402601001,1060
1402602001,490
1402603001,805
1402701001,1110
1402701002,1155
1402701003,1000
1402701004,1205
1402702001,1750
1402702002,1590
1402703001,1015
1402703002,975
1402801001,370
1402901001,1525
1402902001,1245
1402903001,1155
1402904001,1170
1403001001,2790
1403001002,1640
1403001003,570
1403001004,1230
1403001005,1775
1403002001,1570
1403002002,1400
1403101001,750
1403201001,510
1403301001,1605
1403401001,400
1403501001,915
1403502001,565
1403503001,1485
1403503002,845
1403503003,1345
1403504001,545
1403504002,1480
1403601001,920
1403601002,1360
1403602001,815
1403602002,1570
1403701001,835
1403701002,1490
1403702001,1010
1403703001,1250
1403801001,1290
1403801002,1145
1403801003,2615
1403801004,1940
1403801005,1115
1403801006,850
1403802001,1025
1403802002,1630
1403802003,1570
1403802004,1605
1403802005,1485
1403802006,1270
1403802007,2335
1403802008,1330
1403802009,1500
1403802010,1660
1403803001,2995
1403803002,2475
1403803003,1025
1403803004,1990
1403803005,1690
1403803006,1150
1403803007,1960
1403803008,1620
1403804001,1610
1403805001,640
1403805002,645
1403901001,1095
1403901002,1000
1403901003,1175
1404001001,1750
1404002001,1235
1404002002,1595
1404101001,1870
1404102001,1225
1404102002,1020
1404201001,825
1404201002,1080
1404201003,830
1404202001,960
1404202002,850
1404202003,1460
1404202004,1360
1404203001,1675
1404203002,1205
1404203003,1645
1404203004,2180
1404203005,1305
1404204001,2110
1404204002,840
1404204003,810
1404204004,2130
1404204005,670
1404205001,1685
1404301001,1055
1404301002,1165
1404302001,670
1404303001,1530
1404303002,695
1404304001,1345
1404304002,2320
1404304003,965
1404401001,1985
1404501001,2410
1404501002,735
1404501003,760
1404601001,1825
1404601002,1205
1404602001,1000
1404602002,1610
1404701001,2010
1404801001,695
1404801002,935
1404901001,1975
1404901002,1275
1404901003,1870
1404901004,1780
1404902001,785
1404902002,675
1404902003,1200
1404902004,450
1404903001,2300
1404903002,1280
1404903003,1695
1404903004,1285
1404903005,2230
1404903006,1065
1404903007,1485
1405001001,1910
1405002001,1030
1405101001,870
1405102001,705
1405201001,730
1405201002,620
1405201003,445
1405201004,975
1405201005,1525
1405201006,1025
1405202001,770
1405202002,560
1405202003,635
1405202004,740
1405203001,1060
1405203002,565
1405203003,1080
1405204001,750
1405301001,2390
1405301002,1555
1405302001,705
1405302002,780
1405302003,995
1405302004,1085
1405401001,1840
1405401002,2605
1405402001,2225
1405402002,2330
1405402003,1515
1405402004,1015
1405403001,1215
1405403002,780
1405404001,980
1405404002,1640
1405404003,1260
1405501001,1700
1405501002,1070
1405501003,1105
1405501004,1485
1405502001,1695
1405502002,1205
1405502003,1735
1405502004,1230
1405502005,1720
1405502006,1615
1405502007,2455
1405502008,1410
1405502009,1560
1405503001,485
1405503002,765
1405504001,570
1405504002,865
1405504003,655
1405601001,990
1405601002,1155
1405601003,435
1405602001,1315
1405602002,1225
1405602003,1195
1405603001,1795
1405603002,1735
1405603003,1815
1405603004,1480
1405603005,1065
1405604001,1000
1405604002,1135
1405604003,1200
1405604004,1255
1405604005,2100
1405604006,1970
1405605001,2475
1405605002,980
1405605003,1615
1405605004,920
1405605005,1260
1405701001,1385
1405701002,765
1405701003,1220
1405701004,1480
1405701005,1280
1405701006,1415
1405801001,1555
1405801002,1885
1405802001,825
1405803001,1825
1405803002,1605
1405804001,1505
1405805001,1295
1405901001,840
1406001001,1635
1406001002,1170
1406002001,1865
1406002002,1450
1406101001,905
1406201001,585
1406202001,640
1406301001,1315
1406401001,400
1406501001,2370
1406601001,1485
1406601002,1425
1406601003,1200
1406602001,610
1406602002,2080
1406602003,630
1406701001,1255
1406701002,1660
1406702001,1895
1406801001,725
1406901001,465
1406901002,840
1406901003,1025
1406902001,1440
1406902002,770
1406902003,660
1406903001,670
1406903002,1010
1406903003,665
1406904001,655
1406904002,1085
1407001001,695
1407002001,885
1407101001,1140
1407201001,715
1407201002,525
1407301001,1060
1407301002,885
1407302001,1590
1407401001,540
1407401002,805
1407402001,890
1407402002,485
1407501001,735
1500101001,925
1500101002,810
1500102001,525
1500102002,700
1500103001,1915
1500103002,825
1500201001,1115
1500201003,395
1500202001,555
1500202002,1540
1500203001,1635
1500203002,1870
1500203003,710
1500203004,1655
1500203005,2285
1500203006,845
1500203007,1675
1500203008,2905
1500203009,1905
1500203010,855
1500203011,1460
1500203012,1690
1500203013,2310
1500203014,920
1500203015,1290
1500203016,1485
1500301001,1025
1500301002,1045
1500401001,1195
1500401002,1910
1500401003,1235
1500402001,860
1500402002,575
1500501001,2340
1500501002,1235
1500501003,1270
1500501004,1675
1500501005,1980
1500501006,1705
1500501007,2085
1500501008,1900
1500501009,2370
1500501010,1320
1500501011,1045
1500502001,1110
1500502002,1220
1500503001,1420
1500504001,1835
1500504002,2145
1500504003,2155
1500504004,1800
1500601001,2255
1500601002,745
1500601003,775
1500601004,500
1500601005,680
1500601006,45
1500601007,1255
1500701001,760
1500701002,1390
1500702001,1220
1500703001,600
1500801001,1270
1500801002,865
1500802001,1545
1500803001,1930
1500803002,1020
1500901001,1120
1500901003,570
1500901004,1250
1500901005,1925
1500901006,1885
1500901007,1495
1500901008,1675
1500901009,850
1500901010,930
1500901012,1605
1501001001,1525
1501002001,645
1501101001,2285
1501101002,2500
1501101003,2210
1501101005,720
1501101006,895
1501101007,1895
1501101008,1670
1501101009,945
1501102001,25
1501102002,1070
1501102003,990
1501103001,1535
1501103002,2015
1501103003,330
1501201001,410
1501201002,1500
1501201004,1210
1501201005,1285
1501301001,1675
1501302001,1360
1501302002,1935
1501303001,1280
1501304001,480
1501304002,645
1501401001,1540
1501401002,1370
1501402001,730
1501402002,755
1501402003,350
1501501001,1235
1501501002,1210
1501501003,810
1501601001,1300
1501601002,1910
1501601003,785
1501601004,880
1501601005,1200
1501701001,1200
1501701002,1670
1501701003,2090
1501701004,2735
1501701005,2495
1501701006,1270
1501701007,1350
1501701008,1420
1501701009,1460
1501701010,470
1501701011,1825
1501702001,1280
1501702002,1210
1501702003,2020
1501702004,1325
1501801001,1375
1501901001,1090
1501901002,2040
1501901003,2020
1501901004,2180
1501901005,1500
1501901006,875
1501901007,1060
1501901008,380
1501901009,1400
1501901010,1320
1501901011,65
1501901012,1070
1501901013,395
1501901014,0
1501901015,665
1501901016,505
1501901017,830
1501901019,620
1501901020,615
1501901021,1085
1501901022,515
1501901023,1270
1501901024,1360
1501901025,860
1501901026,1270
1501901027,2050
1501901029,2925
1501901030,1280
1502001001,1240
1502001002,1365
1502002001,795
1502002002,575
1502002003,630
1502101001,1300
1502101002,1245
1502101003,1990
1502102001,885
1502102002,685
1502201001,915
1502201002,2735
1502201003,2255
1502201004,625
1502201006,715
1502301001,1305
1502301002,2080
1502301003,1850
1502302001,1710
1502302002,915
1502401001,2180
1502401002,940
1502401003,1030
1502401004,1190
1502501001,295
1502501002,1010
1502601001,0
1502601002,2185
1502701001,1755
1502801001,1720
1502901001,1475
1502901002,910
1502902001,1865
1502902002,1715
1502902003,1015
1503001001,745
1503001002,990
1503001003,1490
1503001004,1590
1503001005,1085
1503001006,820
1503001007,1695
1503001008,1300
1503001009,850
1503001012,975
1503002001,1470
1503002002,940
1503002003,1900
1503002004,905
1503002005,1310
1503002006,1690
1503002007,1690
1503002008,2280
1503002009,2305
1503002010,1825
1503002011,995
1503002012,1070
1503002013,1360
1503002014,1125
1503002015,1600
1503002016,1180
1503002017,1755
1503002018,2465
1503002019,1065
1503002020,1605
1503002021,2600
1503002022,2000
1503002023,1090
1503003001,780
1503003002,985
1503003003,1340
1503003004,1055
1503003005,680
1503003006,1135
1503003007,1350
1503003008,355
1503003009,1115
1503003010,1235
1503003011,785
1503003012,1180
1503003013,1290
1503003014,765
1503003015,1130
1503003016,1965
1503003017,1215
1503003018,580
1503003019,665
1503003020,1815
1503003021,890
1503003022,1195
1503003023,760
1503004001,1015
1503004002,1070
1503004003,1595
1503004004,1315
1503004005,1220
1503004006,1285
1503004007,2220
1503004008,1040
1503004009,1400
1503004010,1105
1503004011,1445
1503004012,1615
1503004013,1435
1503004014,700
1503004015,915
1503004016,515
1503004017,625
1503004018,1110
1503004019,975
1503004020,1150
1503004021,510
1503004022,555
1503004023,1870
1503004024,870
1503004025,675
1503004026,765
1503004028,1155
1503004029,1085
1503005001,1605
1503005002,870
1503005003,1400
1503005004,1765
1503005005,1320
1503005006,1500
1503005007,1890
1503005008,1200
1503005009,1235
1503005010,825
1503005011,930
1503005012,1505
1503005013,1130
1503005014,1820
1503005015,1295
1503005016,1245
1503005017,1920
1503005018,1900
1503005019,1590
1503005020,895
1503005021,1700
1503005022,2080
1503006001,1345
1503006002,1635
1503006003,1290
1503006004,795
1503006005,785
1503006006,710
1503006007,850
1503006008,950
1503006009,1575
1503006010,765
1503006011,830
1503006012,1085
1503006013,780
1503006014,1220
1503006015,1425
1503006016,1470
1503006017,1055
1503006018,1295
1503006019,1080
1503006020,565
1503006021,885
1503006022,585
1503006023,860
1503007001,1155
1503007002,1530
1503007003,765
1503007004,1510
1503007005,1060
1503007006,1710
1503007007,1930
1503007008,1820
1503007009,1565
1503007010,1050
1503007011,1570
1503007012,1560
1503007013,1760
1503007014,1485
1503007015,1820
1503007016,1020
1503007017,1025
1503007018,1315
1503007019,900
1503007020,1380
1503007021,1225
1503007022,1885
1503007023,1625
1503007025,675
1503007026,640
1503007027,1120
1503007028,1130
1503007029,1050
1503007030,435
1503007031,1650
1503007032,450
1503007033,1030
1503007034,680
1503007035,1550
1503007036,2900
1503007037,795
1503007038,1235
1503007039,1395
1503007040,955
1503007041,1135
1503007042,1595
1503007043,1505
1503008001,1205
1503008002,1735
1503008003,1145
1503008004,2650
1503008005,2265
1503008006,945
1503009001,2745
1503009002,1785
1503009003,3430
1503009004,3885
1503009005,1505
1503010001,575
1503010002,1355
1503010003,1180
1503010004,1120
1503010005,3485
1503101001,1260
1503101002,1210
1503101003,1880
1503101004,1605
1503101005,1810
1503101006,1230
1503101007,1600
1503102001,1355
1503102002,1810
1503102003,1010
1503102004,1850
1503102005,1990
1503102006,1180
1503102007,1760
1503102008,825
1503102009,1385
1503103001,1345
1503103002,3230
1503103003,1015
1503201001,995
1503201002,1150
1503202001,1895
1503301001,485
1503301002,855
1503301003,1215
1503301004,430
1503401001,610
1503401002,1780
1503402001,305
1503402002,625
1503501001,570
1503501002,1685
1503501003,1310
1503501004,1665
1503501005,1175
1503501006,1530
1503501007,1565
1503501008,945
1503502001,1675
1503502002,1050
1503502003,585
1503601001,690
1503601002,1360
1503601003,2155
1503601004,975
1503601005,1040
1503601006,1995
1503601007,495
1503602001,490
1503602002,765
1503602003,825
1503602004,1200
1503602005,1780
1503602006,880
1503602008,1045
1503602009,1065
1503602010,1800
1503602011,1235
1503602012,1545
1503602013,1300
1503602014,1370
1503602015,1300
1503602016,1230
1503603001,540
1503603002,470
1503603003,995
1503603004,1145
1503604001,465
1503604002,870
1503604003,630
1503605001,1115
1503605002,1100
1503605003,1290
1503605004,925
1503605005,550
1503606001,1610
1503606002,660
1503606003,1140
1503606004,795
1503606005,735
1503606006,1495
1503606008,730
1503606009,895
1503606011,570
1503606012,855
1503606013,970
1503606014,1335
1503606015,1090
1503606016,535
1503606017,1470
1503607001,2165
1503607002,1680
1503607003,1820
1503607004,1320
1503607005,650
1503607006,650
1503607007,1085
1503607008,1320
1503607009,750
1503608001,1450
1503608002,1085
1503608003,1130
1503608004,860
1503608005,880
1503608006,565
1503608007,880
1503608008,475
1503608009,920
1503701001,1455
1503701002,790
1503701003,890
1503701004,965
1503701005,845
1503801001,590
1503801002,615
1503802001,740
1503802002,635
1503901001,545
1503901002,955
1504001001,2200
1504002001,790
1504003001,330
1504101001,850
1504101002,750
1504101003,660
1504101004,670
1504101005,625
1504101006,1365
1504101007,645
1504101008,630
1504101009,1060
1504101010,910
1504101011,3155
1504201001,1135
1504201002,950
1504202001,1550
1504301001,860
1504301002,1220
1504301003,1280
1504301005,630
1504302001,635
1504302002,895
1504302003,525
1504401001,1540
1504501001,1090
1504501002,685
1504501003,735
1504501004,665
1504501005,805
1504501006,585
1504601001,1475
1504601002,1665
1504601003,650
1504601004,645
1504601005,865
1504601006,485
1504601007,1645
1504701001,640
1504701002,500
1504701003,1090
1504701004,650
1504801001,1400
1504801002,715
1504801003,1765
1504802001,670
1504802002,1135
1504901001,655
1504901002,705
1505001001,715
1505001002,755
1505001003,665
1505101001,1540
1505101002,1560
1505102001,1310
1505102002,1060
1505201001,1580
1505201002,670
1505201003,1145
1505201004,1345
1505201005,525
1505301001,1580
1505301002,815
1505301003,1300
1505301004,765
1505301005,1550
1505301006,785
1505301007,1410
1505301008,1235
1505401001,1965
1505401002,690
1505402001,710
1505402002,435
1505402003,1210
1505403001,730
1505403002,825
1505404001,1720
1505404002,2115
1505404003,1150
1505404004,2450
1505404005,2140
1505404006,1450
1505404007,3430
1505404008,1330
1505404009,1145
1505404010,1395
1505404011,2420
1505404012,1320
1505404013,1590
1505404014,985
1505404015,1375
1505404016,3085
1505404017,1945
1505404018,1320
1505501001,1770
1505501002,1000
1505501003,1180
1505501004,455
1505501005,575
1505501006,450
1505601001,2490
1505601002,540
1505601003,2070
1505602001,605
1505602002,465
1505602003,45
1505603001,855
1505701001,2135
1505701002,1155
1505702001,1950
1505702002,955
1505702003,650
1505702004,2340
1505702006,2235
1505703001,1290
1505703002,875
1505703003,1000
1505801001,1125
1505801002,1515
1505801003,1425
1505801004,1435
1505801005,1670
1505801006,1350
1505802001,2455
1505802002,2375
1505802003,1955
1505802004,1730
1505802005,2445
1505802006,2400
1505802007,1375
1505802008,1795
1505802009,1475
1505802010,1220
1505802011,1440
1505802012,1250
1505803001,1505
1505803002,985
1505803003,1190
1505901001,2195
1505901002,1840
1505901003,1940
1505901004,675
1505901005,960
1505901006,785
1505902001,2285
1505902002,505
1505903001,465
1505903002,715
1505903003,525
1506001001,2490
1506001002,670
1506001003,1150
1506001004,585
1506001005,1350
1506002001,1005
1506101001,2040
1506101002,640
1506101003,605
1506102001,540
1506102002,855
1506102003,360
1506103001,960
1506103002,645
1506201001,0
1506201002,700
1506201003,875
1506201004,960
1506201005,745
1506201006,2055
1506201008,520
1506201009,1320
1506301001,790
1506301002,960
1506302001,1465
1506401001,835
1506401003,650
1506401004,1105
1506501001,1265
1506501002,2160
1506501003,1390
1506502001,825
1506502002,695
1506503001,665
1506503002,655
1506504001,1245
1506601001,1620
1506601002,995
1506602001,1075
1506603001,595
1506603002,425
1506701001,1900
1506702001,1890
1506702002,1495
1506703001,1245
1506704001,1200
1506705001,680
1506705002,1190
1506801001,1005
1506801002,565
1506802001,1955
1506802002,1030
1506803001,20
1506803002,1490
1506901001,2145
1506901002,1190
1506901003,1755
1506902001,1420
1506902002,520
1506902003,1225
1507001001,930
1507001002,2155
1507001003,2060
1507001004,1850
1507001005,1185
1507001006,1160
1507001007,975
1507001008,705
1507101001,1275
1507101002,1950
1507102001,135
1507102002,600
1507102003,815
1507103001,1050
1507103002,980
1507104001,2195
1507104002,700
1507201001,2650
1507201002,1530
1507201003,1230
1507201004,790
1507201005,1075
1507202001,555
1507202002,1570
1507203001,1240
1507203002,1065
1507301001,2215
1507301002,1295
1507301003,2640
1507301004,1720
1507301005,1435
1507301006,1185
1507301007,565
1507301008,190
1507301009,1130
1507301010,1660
1507302001,2100
1507302002,1355
1507302003,755
1507303001,1620
1507303002,1240
1507303003,865
1507303004,665
1507304001,805
1507304002,665
1507304003,650
1507304004,805
1507305001,1455
1507305002,660
1507401001,1245
1507401002,1150
1507401003,1480
1507401004,1000
1507501001,2135
1507501002,2295
1507501003,1015
1507501004,1770
1507501005,835
1507501006,1690
1507502001,2745
1507502002,1720
1507503001,640
1507601001,0
1507601003,760
1507601004,1270
1507601005,1050
1507701001,2525
1507701002,1480
1507701003,1255
1507701004,795
1507702001,820
1507703001,1105
1507703002,1725
1507704001,370
1507801001,720
1507801002,1630
1507801003,1040
1507801004,535
1507801005,1320
1507801006,1415
1507801007,1300
1507802001,870
1507802002,1405
1507802003,720
1507802004,865
1507802005,705
1507802006,2435
1507802007,1695
1507802008,1530
1507802009,770
1507802010,630
1507802011,785
1507802012,1000
1507802013,960
1507803001,565
1507803002,1105
1507803003,1210
1507803004,965
1507803005,1650
1507803006,630
1507803007,1235
1507803008,1740
1507803009,2205
1507804001,1275
1507804002,1415
1507804003,600
1507804004,2420
1507804005,2135
1507804006,1355
1507804007,2460
1507804008,915
1507804009,1100
1507804010,975
1507804011,510
1507804012,2175
1507804013,735
1507804014,2050
1507804015,2390
1507804016,1430
1507804017,1675
1507804018,1900
1507804019,1535
1507805001,650
1507805002,1690
1507805003,965
1507805004,905
1507805005,700
1507805006,1065
1507805007,1620
1507805008,1065
1507805010,1085
1507805011,1125
1507805012,2095
1507805013,1420
1507805014,3685
1507805015,1050
1507805016,2005
1507805017,820
1507805018,1185
1507805019,1075
1507805020,2025
1507805021,750
1507805022,575
1507806001,865
1507806002,945
1507806003,1125
1507806004,835
1507806005,605
1507901001,735
1507902001,1115
1508001001,1110
1508002001,920
1508101001,1280
1508201001,3280
1508201002,1795
1508201003,1450
1508201004,1480
1508201005,1095
1508201006,2485
1508201007,1175
1508201008,740
1508201009,350
1508202001,715
1508202002,1220
1508203001,830
1508203002,1730
1508301001,1310
1508401001,1300
1508401002,950
1508402001,975
1508402002,725
1508501001,775
1508501002,900
1508502001,1025
1508503001,1305
1508601001,795
1508601002,1140
1508601004,595
1508601005,875
1508701001,2360
1508701002,1065
1508701003,1265
1508701004,680
1508702001,1510
1508801001,1680
1508801002,1070
1508801003,865
1508801004,605
1508901001,2375
1508901002,1220
1508902001,1440
1509001001,635
1509001002,720
1509101001,445
1509101002,815
1509201001,2170
1509201002,1040
1509201003,1315
1509202001,1345
1509203001,895
1509203003,1205
1509301001,1520
1509301003,1270
1509302001,435
1509302002,680
1509303001,1210
1590101001,1530
1590101002,1630
1590101003,1210
1600101001,75
1600201001,250
1600301001,180
1600401001,335
1600501001,290
1600601001,145
1600701001,895
1600701002,945
1600801001,115
1600901001,85
1601001001,190
1601101001,40
1601201001,130
1601301001,20
1601401001,755
1601501001,515
1601601001,285
1601701001,445
1601801001,465
1601901001,240
1602001001,20
1602201001,110
1602301001,605
1602401001,150
1602501001,30
1602601001,140
1602701001,1040
1602901001,90
1603001001,25
1603101001,55
1603201001,330
1603301001,1060
1603302002,1015
1603401001,225
1603501001,335
1603601001,140
1603801001,50
1603901001,590
1604001001,110
1604101001,445
1604201001,845
1604202001,770
1604301001,125
1604401001,55
1604501001,285
1604601001,285
1604701001,295
1604801001,530
1604901001,160
1605001001,365
1605101001,175
1605201001,925
1605301001,525
1605501001,800
1605601001,565
1605701001,115
1605801001,130
1606001001,960
1606101001,1420
1606201001,30
1606301001,130
1606401001,885
1606501001,570
1606601001,1150
1606601002,1110
1606602001,995
1606701001,170
1606801001,185
1607001001,35
1607101001,25
1607201001,175
1607301001,265
1607401001,55
1607801001,470
1607802001,1360
1607802003,1045
1607803001,1550
1607803002,735
1607803003,1925
1607803004,1330
1607803005,1840
1607803006,1195
1607803007,1490
1607803008,600
1607804001,1190
1607804003,1280
1607804004,1770
1607804005,1630
1607804006,1030
1607804007,1175
1607804008,1200
1607804009,1275
1607804010,1600
1607804011,2090
1607804012,2305
1607804013,835
1607804014,1120
1607804015,1975
1607804016,1455
1607804017,1715
1607804018,2040
1607804019,2125
1607804020,1440
1607804021,2000
1607804022,2555
1607804023,1925
1607804024,3775
1607804025,2735
1607804026,0
1607901001,40
1608101001,70
1608201001,370
1608301001,60
1608401001,55
1608501001,190
1608601001,1320
1608701001,265
1608801001,140
1608901001,485
1609101001,80
1609201001,205
1609301001,100
1609401001,200
1609501001,110
1609601001,395
1609701001,190
1609801001,770
1609901001,245
1610001001,960
1610101001,180
1610201001,1740
1610301001,355
1610401001,70
1610601001,2705
1610602001,1275
1610701001,150
1610801001,80
1610901001,55
1611001001,120
1611101001,230
1611201001,1185
1611202001,780
1611301001,1665
1611302001,2870
1611501001,60
1611601001,95
1611701001,1335
1611801001,1035
1611801002,810
1611901001,215
1612101001,310
1612201001,285
1612301001,105
1612401001,1335
1612401002,1165
1612501001,1255
1612501002,1295
1612601001,1010
1612801001,80
1612901001,130
1613001001,760
1613101001,150
1613201001,40
1613301001,1605
1613301002,1060
1613302001,1395
1613302002,2165
1613401001,2615
1613401002,1420
1613402001,2180
1613501001,195
1613701001,60
1613901001,385
1614001001,35
1614101001,150
1614201001,155
1614301001,20
1614501001,595
1614601001,95
1614701001,80
1614801001,740
1614901001,195
1615001001,135
1615101001,80
1615201001,45
1615301001,1250
1615401001,2010
1615401002,1205
1615401003,1205
1615402001,800
1615402002,1830
1615501001,795
1615601001,135
1615701001,250
1615801001,735
1615901001,290
1616001001,75
1616101001,70
1616201001,55
1616301001,80
1616501001,85
1616601001,365
1616701001,345
1616901001,75
1617001001,1085
1617101001,1580
1617102001,1070
1617201001,455
1617301001,285
1617401001,240
1617501001,1355
1617501002,2230
1617502001,2855
1617502002,1275
1617601001,70
1617701001,125
1618101001,80
1618501001,65
1618601001,605
1618701001,95
1618801001,135
1618901001,320
1619001001,1710
1619001002,1885
1619002001,2255
1619002002,1540
1619101001,1260
1619201001,50
1619301001,80
1619401001,285
1619501001,655
1619601001,750
1619701001,70
1619801001,800
1619802001,1055
1619901001,25
1620201001,1040
1620301001,1465
1620301002,2595
1620302001,2245
1620302002,2980
1620302003,2370
1620302004,2595
1620303001,1275
1620401001,380
1620501001,140
1620601001,275
1620901001,155
1621101001,490
1621201001,310
1621301001,40
1621501001,325
1621601001,375
1621701001,120
1621801001,240
1621901001,105
1622401001,95
1622501001,90
1622701001,135
1622801001,215
1623101001,40
1623401001,45
1623601001,1150
1623701001,110
1623801001,620
1623901001,175
1624001001,140
1624201001,440
1624301001,550
1624401001,840
1624501001,540
1624601001,575
1624701001,100
1624801001,1145
1624901001,1610
1624902001,1275
1625001001,105
1625101001,1420
1625101002,1065
1625301001,425
1625401001,225
1625501001,170
1625801001,285
1625901001,40
1626301001,1240
1626401001,630
1626501001,25
1626601001,415
1626901001,610
1627001001,235
1627101001,920
1627201001,300
1627301001,370
1627401001,165
1627501001,15
1627601001,45
1627701001,145
1627801001,90
1627901001,320
1628001001,225
1690101001,885
1690201001,170
1690301001,1665
1690401001,595
1690501001,1405
1690601001,105
1690801001,280
1690901001,830
1691001001,100
1700101001,840
1700201001,775
1700301001,140
1700401001,705
1700501001,555
1700601001,1710
1700701001,2255
1700801001,1630
1700801002,2350
1700801003,1700
1700901001,2665
1700901002,2975
1700902001,975
1701001001,415
1701101001,850
1701201001,1505
1701301001,1970
1701301002,860
1701301003,1280
1701401001,85
1701501001,1440
1701501002,990
1701501003,1265
1701501004,1605
1701501005,2215
1701502001,1405
1701502002,980
1701502003,2255
1701502004,1090
1701502005,1040
1701503001,2370
1701503002,2230
1701601001,960
1701801001,650
1701901001,2405
1702001001,1545
1702001002,1245
1702001003,1870
1702101001,165
1702201002,1530
1702201003,1935
1702201004,1850
1702202001,2275
1702202002,1330
1702202003,1605
1702301001,970
1702301002,1880
1702301004,2035
1702301006,1865
1702301007,995
1702302001,3195
1702302002,1580
1702302003,1910
1702302004,2330
1702302005,2260
1702302006,2460
1702302007,2475
1702302008,1150
1702302009,1185
1702302010,2810
1702302011,2750
1702302012,1085
1702303001,1405
1702303002,1015
1702303003,1840
1702303004,1985
1702401001,405
1702501001,1715
1702601001,710
1702701001,2085
1702701002,1675
1702801001,400
1702901001,255
1703001001,925
1703101001,235
1703201001,2810
1703301001,2190
1703301002,2185
1703301003,1605
1703301004,995
1703401001,3185
1703401002,2005
1703401003,1655
1703401004,2720
1703401005,1110
1703501001,680
1703601001,1215
1703601002,1230
1703601003,950
1703701001,135
1703801001,520
1703901001,1575
1703901002,785
1704001001,620
1704101001,325
1704201001,620
1704301001,180
1704401001,2455
1704401002,1845
1704402001,2565
1704402002,2140
1704402003,750
1704601001,990
1704701001,2095
1704701002,1610
1704701003,4515
1704701004,3090
1704801001,1185
1704801002,3525
1704801003,2705
1704801004,1920
1704801005,1080
1704901001,2145
1704901002,2690
1705001001,900
1705101001,270
1705201001,170
1705401001,535
1705501001,200
1705601001,2220
1705701001,1285
1705801001,260
1706001001,530
1706101001,225
1706201001,1225
1706201002,2910
1706201003,2715
1706201004,1160
1706201005,2080
1706301001,200
1706401001,410
1706501001,440
1706601001,945
1706601002,1270
1706601003,2160
1706601004,1415
1706601005,560
1706601006,1925
1706601007,1535
1706601008,1310
1706602001,860
1706602002,2055
1706602003,1255
1706602004,2675
1706602005,930
1706603001,750
1706603002,2165
1706603003,2815
1706603004,2575
1706603005,2185
1706604001,1810
1706604002,2385
1706604003,2530
1706604004,2615
1706604005,3480
1706604007,820
1706604008,1180
1706701001,1050
1706801001,310
1706901001,470
1707001001,160
1707101001,1335
1707301001,2440
1707401001,660
1707501001,380
1707601001,160
1707701001,850
1707801001,470
1707901001,995
1707901002,550
1707901003,1500
1707901004,1555
1707901005,475
1707901006,1345
1707902001,730
1707902002,935
1707902003,1015
1707902004,1535
1707902005,680
1707902006,1950
1707902007,1835
1707902008,1975
1707902009,1630
1707902010,2525
1707902011,2175
1707902012,1240
1707902013,1160
1707902014,705
1707902015,1900
1707902016,1060
1707902017,1365
1707902018,1290
1707902019,2650
1707902020,1045
1707902021,1590
1707902022,1365
1707903001,1100
1707903002,900
1707903003,2030
1707903004,2470
1707903005,3030
1707903006,1120
1707903007,2645
1707903008,3560
1707903009,1440
1707903010,2050
1707903011,3790
1707903012,2580
1707903013,1275
1707903014,2950
1707903015,2260
1707903016,1490
1707903017,2360
1707903018,1850
1707904001,720
1707904002,910
1707905001,1500
1707905002,750
1707905003,1855
1707905004,965
1707905005,915
1707905006,1085
1707906001,1935
1707906002,2715
1707906003,1875
1707906004,1910
1707906005,865
1708001001,205
1708101001,395
1708201001,545
1708301001,1115
1708301002,1825
1708301003,1055
1708401001,315
1708501001,410
1708601001,1625
1708601002,1525
1708701001,325
1708801001,720
1708901001,2315
1708901002,1980
1708901003,1745
1708901004,1960
1709001001,710
1709101001,545
1709201001,1470
1709201002,2340
1709201003,1250
1709301001,1175
1709401001,1640
1709501001,3135
1709501002,2675
1709501003,5070
1709502001,3585
1709502002,1800
1709502003,2445
1709503001,2540
1709503002,2890
1709503003,2550
1709503004,3080
1709504001,2685
1709504002,3750
1709504003,1495
1709504004,1415
1709601001,220
1709701001,260
1709801001,435
1709901001,90
1710001001,280
1710101001,710
1710201001,740
1710301001,1790
1710301002,2340
1710301003,1655
1710301004,1295
1710501001,330
1710601001,175
1710701001,340
1710901001,955
1711001001,1810
1711101001,1215
1711201001,250
1711401001,1455
1711401002,1410
1711401003,1250
1711401004,935
1711401005,870
1711401006,775
1711401007,1545
1711402001,2440
1711402002,2375
1711402003,1715
1711402004,1410
1711402005,1305
1711403001,995
1711403002,1830
1711403003,2265
1711404001,1375
1711404002,2590
1711405001,870
1711405002,1390
1711405003,2380
1711405004,1865
1711501001,385
1711601001,450
1711701001,2115
1711701002,2060
1711701003,2705
1711701004,1850
1711701005,2055
1711702001,2270
1711702002,2705
1711702003,1795
1711703001,1450
1711703002,1770
1711703003,1785
1711801001,1925
1711801002,2130
1711801003,1810
1711801004,980
1711802001,1665
1711802002,1370
1711803001,2170
1711803002,1085
1711803003,1735
1711804001,1775
1711804002,1100
1711901001,105
1712001001,1450
1712101001,295
1712301001,475
1712401001,2670
1712501001,155
1712601001,385
1712801001,565
1712901001,180
1713001001,425
1713201001,1860
1713301001,1685
1713401001,310
1713501001,535
1713601001,235
1713701001,575
1713701002,2300
1713701003,1595
1713801001,1265
1713901001,1750
1714001001,990
1714101001,985
1714101002,2000
1714101003,1780
1714101004,2860
1714101005,1210
1714201001,1355
1714201002,1905
1714301001,195
1714401001,295
1714501001,880
1714501002,955
1714601001,1935
1714601002,2035
1714701001,1665
1714702001,800
1714702002,670
1714703001,1285
1714703002,745
1714703003,2140
1714703004,2015
1714704001,1505
1714801001,2150
1714901001,440
1715001001,2010
1715101001,245
1715201001,2480
1715201002,1540
1715201003,1600
1715201004,1455
1715201005,1245
1715201006,3500
1715202001,1655
1715202002,2170
1715202003,1180
1715202004,1090
1715202005,1755
1715301001,245
1715401001,140
1715501001,1590
1715501002,1130
1715501003,1050
1715501004,1970
1715501005,2535
1715501006,3015
1715501007,2895
1715501008,1875
1715501009,565
1715502001,2585
1715502002,2365
1715502003,1680
1715502004,2335
1715502005,960
1715502006,1620
1715502007,1040
1715701001,160
1715801001,460
1715901001,790
1716001001,1350
1716001002,2195
1716002001,1375
1716002002,1720
1716002003,2770
1716002004,1325
1716002005,1980
1716003001,2425
1716003002,1710
1716003003,2060
1716004001,2260
1716004002,565
1716101001,1325
1716201001,225
1716301001,2265
1716301002,970
1716401001,2045
1716401002,1455
1716401003,2215
1716501001,755
1716601001,700
1716701001,395
1716701002,1825
1716701003,1190
1716801001,520
1716901001,2735
1716901002,705
1717001001,220
1717101001,235
1717201001,600
1717301001,260
1717401001,225
1717501001,785
1717601001,200
1717701001,675
1717801001,2095
1718001001,2835
1718001002,1935
1718001003,1960
1718001004,2345
1718001005,1680
1718001006,1455
1718101001,2495
1718101002,2520
1718201001,350
1718301001,345
1718401001,1595
1718501001,1150
1718501002,650
1718501003,1040
1718601001,1705
1718601002,1820
1718601003,1290
1718701001,785
1718801001,200
1718901001,965
1718901002,1080
1719001001,1115
1719101001,210
1719201001,185
1719301001,2100
1719301002,1740
1719301003,1755
1719401001,105
1719501001,450
1719601001,290
1719701001,190
1719801001,690
1719901001,1580
1719901002,1880
1719901003,2975
1719901004,2215
1719901005,1135
1719901006,1495
1720001001,780
1720101001,155
1720201001,1735
1720201002,1465
1720201003,2590
1720301001,205
1720401001,1035
1720501001,275
1720601001,205
1720701001,1745
1720701002,1190
1720801001,1315
1720901001,895
1721001001,805
1721101001,1190
1721201001,165
1721301001,2385
1721301002,1170
1721301003,1755
1721301004,2325
1721401001,905
1721501001,2430
1721601001,210
1721701001,445
1721801001,745
1722001001,1065
1722101001,1375
1722101002,1040
1722101003,1655
1722101004,1420
1722201001,140
1722301001,1150
1722401001,450
1722501001,285
1722601001,1090
1722701001,165
1722801001,375
1723001001,670
1723201001,210
1723301001,760
1723301002,2265
1723401001,250
1790101001,1235
1790201001,1100
1790201002,620
1790301001,1250
1800101001,340
1800201001,695
1800301001,1710
1800301002,720
1800301003,2235
1800301004,2800
1800301005,1865
1800301006,1320
1800301007,1795
1800301008,1620
1800301009,2070
1800301010,1260
1800401001,910
1800501001,430
1800601001,1740
1800601002,2075
1800602001,2770
1800701001,950
1801001001,665
1801101001,1390
1801101002,3020
1801101003,1115
1801201001,900
1801201002,480
1801201003,1125
1801201004,520
1801301001,670
1801301002,1175
1801301003,890
1801301004,2345
1801301005,1095
1801401001,1500
1801401002,1870
1801401003,2220
1801401004,1990
1801501001,510
1801601001,415
1801701001,1200
1801701002,1530
1801701003,2320
1801701004,2520
1801701005,3050
1801701006,960
1801701007,1970
1801701008,1340
1801701009,2040
1801701010,1890
1801701011,2100
1801701012,1335
1801702001,1600
1801702002,2300
1801703001,710
1801801001,730
1802001001,1370
1802001002,640
1802101001,2655
1802101002,1250
1802101003,1470
1802101004,2200
1802101005,2005
1802101006,2855
1802101007,880
1802101008,1570
1802101009,1535
1802101010,1420
1802101011,985
1802101012,2050
1802101013,1410
1802201001,1175
1802201002,2235
1802201003,1215
1802201004,1235
1802201005,2510
1802201006,3300
1802201007,1320
1802202001,1750
1802202002,725
1802202003,1290
1802301001,1460
1802301002,1020
1802301003,1260
1802301004,1715
1802301005,1820
1802301006,665
1802301007,570
1802302001,2060
1802302002,995
1802302003,730
1802302004,1440
1802302005,2550
1802302006,1210
1802302007,1420
1802303001,1180
1802303002,1135
1802401001,1035
1802501001,380
1802701001,1210
1802701002,2140
1802801001,1355
1802901001,1255
1802902001,1170
1803001001,810
1803201001,345
1803301001,330
1803401001,605
1803501001,1610
1803601001,2550
1803601002,2100
1803701001,595
1803801001,1355
1803901001,855
1803901002,1070
1803901003,1275
1803901004,1485
1804001001,425
1804201001,550
1804301001,185
1804401001,275
1804501001,1495
1804601001,840
1804602001,760
1804602002,785
1804701001,2150
1804701002,3240
1804701003,1570
1804701004,885
1804801001,1565
1804801002,1545
1804901001,730
1805001001,490
1805001002,1535
1805101001,755
1805101002,730
1805301001,1375
1805301002,830
1805401001,1055
1805601001,1535
1805601002,1160
1805601003,1840
1805701001,2190
1805701002,2085
1805701003,2720
1805901001,1365
1805901002,2635
1805901003,1120
1806101001,1445
1806201001,2650
1806201002,1795
1806201003,2485
1806201004,1460
1806201005,2765
1806201006,705
1806201007,1205
1806301001,1505
1806401001,485
1806601001,1790
1806601002,790
1806701001,810
1806801001,1820
1806901001,620
1807001001,325
1807101001,1615
1807101002,1380
1807101003,895
1807101004,2010
1807101005,1360
1807201001,805
1807401001,350
1807601001,1100
1807801001,1045
1807901001,2185
1807901002,1175
1807901003,1075
1808201001,1190
1808301001,325
1808401001,2185
1808401002,2270
1808401003,790
1808501001,880
1808601001,470
1808701001,1245
1808701003,460
1808701004,1070
1808701005,1410
1808701006,1525
1808701007,1130
1808701008,790
1808701009,795
1808701010,630
1808701011,1445
1808701012,1150
1808701013,2050
1808701014,665
1808701015,775
1808701016,705
1808701017,350
1808701018,685
1808701019,1290
1808701020,860
1808701021,1340
1808701022,835
1808701023,945
1808702001,805
1808702002,1515
1808702003,1295
1808702004,590
1808702005,1845
1808702006,1435
1808702007,1030
1808702008,640
1808702009,1525
1808702010,1265
1808702011,1125
1808702012,1355
1808702013,1515
1808702014,1605
1808702015,2135
1808702016,400
1808702017,1570
1808702018,990
1808702019,995
1808702020,1180
1808702021,475
1808702022,615
1808702023,1155
1808702024,800
1808702025,915
1808702026,575
1808702027,930
1808702028,1120
1808702029,2785
1808702030,1440
1808702031,1730
1808702032,1885
1808702033,1090
1808702034,775
1808702035,1700
1808702036,985
1808702037,2595
1808702038,805
1808702039,1230
1808702040,1765
1808702041,985
1808702042,690
1808702043,2265
1808702044,1280
1808702045,2155
1808702046,3225
1808702047,1005
1808702048,695
1808702049,1095
1808703002,1280
1808703003,1335
1808703004,2215
1808703005,1240
1808703006,1295
1808703007,945
1808703008,1350
1808703009,1445
1808703010,2130
1808703011,265
1808703012,910
1808703013,1855
1808703014,700
1808703015,1060
1808703016,295
1808703017,235
1808703018,465
1808703020,2275
1808703021,1265
1808703023,1390
1808703024,195
1808703025,1235
1808703026,1315
1808703027,1615
1808703028,870
1808703029,1230
1808703030,975
1808703031,600
1808703032,2505
1808703033,1595
1808703034,3455
1808703035,2735
1808703036,2480
1808703037,2030
1808703038,2685
1808703039,840
1808703040,1670
1808703041,7075
1808703042,1325
1808703043,2105
1808704001,1110
1808704002,1155
1808704003,1430
1808705002,905
1808706001,1170
1808706003,1040
1808706004,710
1808706005,1550
1808706006,1450
1808706007,1170
1808706008,650
1808706009,1285
1808706010,940
1808706011,910
1808706012,1125
1808706013,890
1808706014,640
1808706015,1085
1808706016,730
1808706017,825
1808706018,935
1808706019,805
1808706020,2255
1808706021,1055
1808706022,970
1808706023,1640
1808706024,665
1808706025,1350
1808707001,1165
1808707004,205
1808707005,1585
1808707006,910
1808707008,1345
1808707009,1265
1808707010,1135
1808707011,1200
1808707012,1410
1808707013,2445
1808707014,1080
1808707015,395
1808707016,675
1808707017,1125
1808707018,1290
1808707019,1135
1808707020,785
1808707021,900
1808707022,955
1808707023,920
1808707024,2060
1808707025,2400
1808707026,1005
1808707027,2160
1808707028,1190
1808707029,680
1808707030,1645
1808707031,1145
1808707032,2015
1808707033,1060
1808708001,1160
1808708002,1105
1808708003,1230
1808708004,2880
1808708006,1540
1808709001,920
1808709002,880
1808709003,2100
1808709004,3610
1808709005,1820
1808709006,1595
1808709007,2140
1808709008,1595
1808709009,1420
1808801001,1215
1808801002,825
1808901001,620
1808901002,780
1808901003,1380
1808901004,1155
1808901005,1085
1808901007,1715
1808901008,855
1808901009,1320
1808901010,1205
1808901011,2980
1808902001,990
1808902002,1865
1808902003,1055
1808902004,450
1808903001,1130
1809301001,1555
1809301002,2970
1809401001,790
1809401002,1375
1809401003,795
1809501001,2545
1809601001,355
1809701001,1235
1809801001,1525
1809801002,2150
1809801003,565
1809801004,1330
1809801005,965
1809801006,1270
1809901001,1855
1810001001,1760
1810001002,1700
1810001003,1735
1810001004,695
1810001005,2645
1810001006,1550
1810101001,2305
1810101002,2195
1810101003,2205
1810101004,1710
1810101005,1700
1810101006,1725
1810201001,1495
1810201002,2025
1810201003,1810
1810202001,620
1810202002,1420
1810202003,1520
1810202004,1650
1810301001,1060
1810501001,1505
1810501002,2040
1810501003,1610
1810502001,805
1810503001,1000
1810701001,1175
1810801001,1050
1810901001,875
1811101001,2045
1811101002,1505
1811201001,160
1811401001,765
1811501001,2380
1811501002,785
1811601001,1495
1811601002,780
1811601003,850
1811601004,670
1811701001,595
1811901001,1310
1811901002,940
1812001001,340
1812101001,150
1812201001,860
1812201002,1565
1812201003,820
1812202001,2315
1812202002,1475
1812202003,1610
1812202004,2535
1812203001,1615
1812203002,340
1812203003,1375
1812203004,2190
1812204001,935
1812204002,805
1812204003,845
1812205001,1080
1812205002,1025
1812301001,345
1812401001,475
1812601001,1845
1812701001,1670
1812701002,1385
1812701003,1770
1812701004,2240
1812701005,2135
1812701006,1100
1812701007,1420
1812702001,2520
1812702002,3210
1812702003,1330
1812702004,1380
1812702005,1390
1812801001,440
1813201001,1245
1813202001,1430
1813202002,885
1813203001,590
1813301001,2100
1813301002,1075
1813401001,980
1813402001,1615
1813402002,2375
1813402003,2440
1813501001,755
1813501002,385
1813501003,980
1813502001,375
1813503001,3485
1813601001,1680
1813601002,700
1813701001,1360
1813801001,2435
1813801002,815
1814001001,1730
1814001002,1000
1814001003,1760
1814001004,2050
1814002001,1995
1814002002,2245
1814002003,1520
1814002004,3260
1814002005,1100
1814002006,2035
1814003001,1015
1814003002,1360
1814003003,3265
1814003004,1450
1814004001,2350
1814004002,1280
1814004003,1395
1814004004,2140
1814004005,1595
1814004006,1560
1814004007,3085
1814004008,2260
1814004009,1465
1814004010,1405
1814004011,1845
1814004012,2155
1814004013,1945
1814005001,2075
1814005002,1940
1814005003,1105
1814005004,1565
1814005005,2720
1814005006,540
1814101001,615
1814301001,1180
1814401001,970
1814501001,1905
1814501002,1580
1814501003,1980
1814501004,1540
1814501005,1065
1814501006,2125
1814501007,1120
1814501008,980
1814501009,1095
1814601001,1285
1814701001,2955
1814702001,2515
1814801001,1195
1814901001,1480
1814901002,2705
1814901003,2740
1815001001,2030
1815001002,1420
1815002001,2185
1815002002,2795
1815101001,360
1815201001,1165
1815301001,2075
1815301002,1655
1815301003,1430
1815301004,2510
1815301005,2645
1815301006,820
1815401001,1290
1815701001,1385
1815801001,2090
1815801002,860
1815801003,1520
1815802001,805
1815802002,1570
1815803001,1695
1815803002,1565
1815803003,1410
1815803004,1590
1815901001,1270
1816101001,230
1816201001,1790
1816301001,385
1816401001,1355
1816401002,1020
1816501001,1640
1816501002,1595
1816501003,1950
1816701001,2315
1816801001,1015
1817001001,430
1817101001,780
1817101002,2000
1817301001,870
1817301002,1700
1817301003,1825
1817301004,955
1817301005,1870
1817301006,2585
1817301007,1300
1817302001,1475
1817401001,580
1817501001,1285
1817501002,1380
1817501003,1790
1817501004,1975
1817501005,2535
1817501006,1140
1817501007,700
1817501008,2155
1817501009,970
1817502001,1220
1817601001,280
1817701001,555
1817801001,940
1817901001,735
1818001001,800
1818101001,290
1818201001,780
1818201002,1835
1818301001,720
1818401001,1465
1818401002,1400
1818501001,705
1818701001,685
1818801001,1210
1818801002,895
1818901001,945
1819201001,2195
1819301001,1000
1819301002,995
1819301003,2155
1819301004,1660
1819301005,2880
1819301006,2005
1819301007,2255
1819301008,1945
1819301009,905
1819301010,2435
1819401001,2170
1819401002,840
1890101001,750
1890201001,1135
1890301001,1165
1890401001,1140
1890501001,2840
1890501002,1545
1890501003,1300
1890501004,1290
1890501005,2225
1890501006,3120
1890501007,1900
1890501008,695
1890501009,985
1890501010,2325
1890601001,1150
1890701001,1320
1890701002,995
1890801001,1045
1890901001,740
1891001001,1010
1891101001,1740
1891101002,1065
1891101003,3040
1891101004,2005
1891101005,1765
1891201001,1110
1891201002,865
1891301001,955
1900101001,70
1900201001,105
1900301001,50
1900401001,70
1900501001,115
1900601001,1060
1900701001,480
1900801001,45
1900901001,325
1901001001,15
1901101001,375
1901301001,145
1901501001,100
1901601001,70
1901701001,100
1901801001,205
1901901001,25
1902001001,95
1902101001,1465
1902201001,690
1902301001,150
1902401001,2100
1902401002,2695
1902401003,2435
1902401004,2215
1902401005,2655
1902701001,220
1903101001,15
1903201001,215
1903301001,85
1903401001,25
1903601001,465
1903701001,160
1903801001,45
1903901001,75
1904001001,75
1904101001,250
1904201001,40
1904301001,100
1904401001,485
1904501001,200
1904601001,1100
1904601002,1870
1904601003,1455
1904601004,3405
1904601005,3180
1904601006,1860
1904601007,1455
1904601008,1845
1904601009,2750
1904601010,2245
1904601011,1620
1904601012,3190
1904601013,2060
1904601014,2320
1904601015,2630
1904601016,1540
1904701001,90
1904801001,20
1904901001,25
1905001001,25
1905101001,80
1905201001,35
1905301001,1165
1905301002,1465
1905401001,210
1905501001,65
1905701001,80
1905801001,2435
1905801002,2225
1905801003,1845
1905801004,1675
1905801005,1505
1905901001,90
1906001001,190
1906101001,85
1906401001,105
1906501001,145
1906601001,80
1906701001,75
1907001001,125
1907101001,3010
1907101002,3025
1907101003,2950
1907101004,1495
1907101005,970
1907301001,25
1907401001,115
1907501001,90
1907601001,40
1907801001,65
1907901001,5
1908001001,95
1908101001,40
1908201001,105
1908601001,1790
1908601002,200
1908701001,25
1908801001,120
1908901001,35
1909001001,130
1909101001,35
1909201001,655
1909501001,25
1909601001,145
1909701001,35
1909801001,35
1909901001,400
1910201001,175
1910301001,330
1910401001,15
1910501001,1725
1910501002,1415
1910601001,115
1910701001,415
1910801001,120
1910901001,55
1911001001,80
1911101001,205
1911201001,70
1911301001,785
1911401001,40
1911501001,45
1911601001,20
1911701001,2310
1911801001,15
1911901001,125
1912001001,125
1912101001,310
1912201001,110
1912301001,50
1912401001,625
1912501001,55
1912601001,2260
1912701001,120
1912901001,60
1913001001,1310
1913001002,1305
1913001003,1405
1913001004,1105
1913001005,1705
1913001006,1420
1913001007,1030
1913001008,1385
1913001009,980
1913001010,1240
1913001011,650
1913001012,1420
1913001013,1080
1913001014,2415
1913001015,1920
1913001016,1375
1913002001,2015
1913002002,2010
1913002003,1795
1913002004,1605
1913002005,1415
1913002006,715
1913002007,1300
1913002008,2440
1913002009,2755
1913002010,1855
1913002011,1710
1913002012,1930
1913002013,1170
1913002014,1660
1913003001,1340
1913003002,1230
1913003003,1760
1913003004,1135
1913003005,1600
1913003006,570
1913003007,1685
1913003008,1835
1913003009,1490
1913003010,2390
1913004001,1520
1913004002,1475
1913004003,1430
1913004004,1090
1913004005,940
1913004006,1535
1913004007,1585
1913004008,1900
1913004009,1030
1913004010,1200
1913004011,1800
1913005001,1840
1913005002,1460
1913005003,1810
1913005004,1015
1913005005,925
1913201001,95
1913301001,230
1913401001,25
1913501001,150
1913601001,30
1913801001,400
1913901001,40
1914201001,315
1914301001,2440
1914501001,65
1914601001,55
1914701001,55
1914801001,60
1915001001,140
1915101001,1520
1915201001,880
1915301001,20
1915401001,80
1915501001,60
1915601001,1635
1915701001,70
1915901001,95
1916001001,1370
1916101001,270
1916201001,90
1916301001,80
1916501001,60
1916601001,200
1916701001,140
1916801001,345
1916901001,60
1917001001,225
1917101001,1445
1917101002,2135
1917101003,1705
1917101004,1115
1917201001,85
1917301001,60
1917401001,160
1917501001,50
1917601001,325
1917701001,95
1917801001,50
1917901001,110
1918101001,75
1918201001,35
1918301001,110
1918401001,145
1918501001,40
1918601001,100
1918701001,90
1918801001,60
1918901001,205
1919001001,970
1919001002,1435
1919001003,1175
1919101001,20
1919201001,1280
1919201002,1440
1919301001,30
1919401001,135
1919501001,45
1919601001,115
1919701001,30
1919801001,25
1919901001,25
1920001001,140
1920101001,50
1920201001,15
1920301001,35
1920401001,235
1920801001,60
1920901001,55
1921001001,35
1921101001,520
1921201001,1030
1921301001,90
1921401001,100
1921501001,220
1921601001,155
1921701001,90
1921801001,65
1921901001,20
1922001001,2215
1922001002,1295
1922101001,60
1922201001,140
1922301001,145
1922401001,120
1922501001,1310
1922601001,45
1922701001,95
1922801001,55
1922901001,80
1923001001,680
1923101001,15
1923201001,85
1923301001,125
1923401001,55
1923501001,125
1923701001,60
1923801001,45
1923901001,130
1924001001,70
1924101001,50
1924201001,125
1924301001,60
1924401001,105
1924501001,610
1924501002,1160
1924601001,55
1924701001,190
1924801001,95
1924901001,40
1925001001,25
1925101001,50
1925201001,110
1925401001,65
1925501001,95
1925601001,65
1925701001,1685
1925701002,575
1925701003,2225
1925801001,105
1925901001,35
1926001001,50
1926101001,45
1926201001,155
1926301001,40
1926401001,45
1926501001,175
1926601001,385
1926701001,20
1926801001,40
1926901001,100
1927001001,15
1927101001,60
1927201001,120
1927401001,1600
1927701001,25
1927801001,35
1927901001,175
1928001001,2735
1928001002,2380
1928101001,30
1928201001,240
1928301001,50
1928401001,10
1928501001,25
1928601001,935
1928701001,220
1928801001,20
1928901001,35
1929001001,1375
1929101001,1435
1929301001,2600
1929401001,30
1929601001,45
1929701001,35
1929801001,85
1929901001,95
1930001001,1075
1930101001,40
1930201001,70
1930301001,70
1930401001,275
1930501001,190
1930601001,40
1930701001,25
1930801001,65
1930901001,40
1931001001,15
1931101001,90
1931401001,50
1931701001,190
1931801001,40
1931901001,1265
1931901002,1460
1931901003,1895
1931901004,1665
1932101001,60
1932201001,35
1932301001,55
1932401001,220
1932501001,95
1932601001,2045
1932701001,635
1932901001,70
1933001001,110
1933101001,1405
1933101002,2300
1933201001,115
1933301001,155
1933401001,45
1933501001,100
1990101001,40
2000101001,320
2000201001,450
2000301001,760
2000401001,315
2000501001,1765
2000601001,365
2000701001,405
2000801001,970
2000901001,1400
2000901002,1860
2000901003,2050
2000901004,895
2000901005,1085
2000901006,1035
2000901007,1200
2000901008,1000
2000901009,1110
2000901010,1175
2000901011,1755
2001001001,1835
2001101001,2155
2001201001,200
2001301001,1650
2001301002,1845
2001301003,2195
2001301004,1095
2001401001,1500
2001501001,1680
2001601001,1055
2001601002,970
2001701001,1910
2001701002,1085
2001702001,910
2001702002,2180
2001703001,990
2001703002,1425
2001703003,880
2001703004,1965
2001801001,1450
2001801002,1400
2001801003,1645
2001801004,2175
2001801005,1615
2001801006,1885
2001801007,1615
2001801008,855
2001801009,1675
2001901001,1025
2001901002,2090
2001901003,1555
2001901004,1805
2001901005,2805
2001901007,2455
2001901008,720
2001901009,1265
2002001001,175
2002101001,285
2002201001,1055
2002301001,570
2002401001,535
2002501001,1535
2002601001,265
2002701001,2255
2002701002,1330
2002801001,1905
2002801002,935
2002901001,1895
2002901002,1860
2002901003,865
2002902001,785
2003001001,1675
2003001002,1355
2003001003,1165
2003001004,1605
2003001005,1385
2003002001,1075
2003002002,1015
2003002003,1175
2003002004,1295
2003002005,900
2003003001,1090
2003003002,455
2003003003,965
2003003004,780
2003004001,925
2003004002,840
2003004003,1100
2003004004,640
2003004005,865
2003004006,1135
2003005001,1145
2003005002,1375
2003005003,1595
2003005004,1615
2003101001,230
2003201001,1490
2003201002,1250
2003201003,1440
2003201004,660
2003201005,1405
2003201006,725
2003201007,1425
2003201008,1305
2003201009,505
2003201010,1090
2003301001,1110
2003401001,2260
2003401002,1735
2003501001,625
2003601001,2040
2003601002,1625
2003601003,1450
2003601004,890
2003601005,1785
2003601006,1550
2003601007,1575
2003601008,1250
2003601009,1140
2003601010,785
2003601011,1375
2003601012,825
2003701001,125
2003801001,485
2003901001,885
2003901002,1735
2004001001,715
2004001002,1325
2004001003,910
2004001004,1710
2004001005,1470
2004001006,950
2004001007,1355
2004001008,1310
2004001009,590
2004001010,1905
2004001011,725
2004001012,1060
2004001013,1505
2004001014,905
2004001015,1120
2004001016,1665
2004101001,360
2004201001,1715
2004201002,1415
2004201003,1120
2004301001,2230
2004401001,470
2004501001,2000
2004501002,1650
2004501003,1850
2004501004,1920
2004502001,1810
2004502002,2235
2004502003,1240
2004502004,2750
2004502005,2120
2004502006,1355
2004502007,1475
2004502008,2190
2004502009,850
2004502010,2075
2004503001,1735
2004503002,1150
2004503003,1225
2004503004,940
2004503005,1755
2004503006,1275
2004503007,1070
2004503008,1235
2004503009,1445
2004503010,1775
2004503011,805
2004503012,1485
2004503013,1635
2004503014,1275
2004503015,2105
2004503016,570
2004503017,2115
2004503018,955
2004503019,1220
2004504001,805
2004504002,840
2004504003,1780
2004504004,740
2004504005,865
2004504006,1620
2004504007,750
2004504008,865
2004504009,970
2004601001,1625
2004701001,675
2004801001,245
2004901001,2335
2004901002,1720
2004901003,1330
2005001001,390
2005101001,1215
2005101002,2145
2005101003,1165
2005101004,1200
2005101005,1375
2005101006,870
2005101007,625
2005201001,1480
2005301001,1800
2005301002,955
2005301003,1485
2005301004,1770
2005401001,650
2005501001,1480
2005501002,1250
2005501003,900
2005501004,1640
2005501005,2165
2005501006,1455
2005502001,1580
2005502002,1050
2005502003,1015
2005502004,1185
2005503001,680
2005503002,935
2005503003,940
2005504001,1210
2005504002,1255
2005504003,1355
2005504004,855
2005505001,365
2005601001,2410
2005601002,1685
2005602001,905
2005701001,255
2005801001,935
2005901001,1155
2005901002,1020
2005901003,1595
2005901004,1055
2005901005,1350
2005901006,1965
2005901007,1685
2005902001,420
2005902002,640
2006001001,125
2006101001,1605
2006101002,1490
2006101003,2225
2006201001,1320
2006301001,1970
2006301002,885
2006301003,1270
2006301004,1965
2006301005,845
2006301006,1455
2006301007,1620
2006401001,740
2006401002,1345
2006402001,840
2006402002,865
2006402003,730
2006402009,725
2006403001,1770
2006403002,1630
2006403003,965
2006404001,1105
2006404002,1270
2006404003,670
2006404004,1730
2006404005,1300
2006501001,1485
2006501002,1060
2006502001,1425
2006601001,610
2006701001,525
2006701002,1545
2006701003,855
2006701004,2295
2006701005,1540
2006701006,2205
2006701007,945
2006701008,625
2006701009,1360
2006701010,655
2006701011,555
2006701013,890
2006701014,1030
2006701015,955
2006701016,705
2006701017,620
2006701018,1070
2006701019,1890
2006701020,1185
2006701022,1935
2006701023,1365
2006701024,1015
2006701025,1240
2006701026,1715
2006701027,1005
2006701028,1385
2006701029,1820
2006701030,1285
2006701032,660
2006701033,760
2006701034,725
2006701035,1130
2006701036,1655
2006801001,255
2006901001,585
2006901002,925
2006901003,1410
2006901005,1165
2006901006,1195
2006901007,825
2006902001,1115
2006902002,1675
2006902004,1280
2006902005,665
2006902006,995
2006902007,985
2006902008,1405
2006902009,870
2006903001,915
2006903002,1185
2006903003,840
2006903004,875
2006903005,1615
2006903006,815
2006903007,785
2006903008,735
2006903009,945
2006903010,800
2006903011,1315
2006903012,1655
2006903013,1165
2006903014,925
2006903015,1005
2006903016,1150
2006903017,1405
2006903018,1400
2006903019,1985
2006903020,1925
2006903021,1840
2006903022,735
2006903023,590
2006903024,1440
2006903025,2075
2006903026,990
2006903027,1530
2006903028,775
2006903029,700
2006903030,1165
2006903031,3295
2006903032,2230
2006904001,1470
2006904002,1325
2006904003,975
2006904004,985
2006904005,870
2006904006,1050
2006904007,1505
2006904008,1840
2006904009,920
2006904010,1820
2006904011,940
2006904012,1245
2006904013,1190
2006904014,1395
2006904015,1250
2006904016,855
2006904017,1210
2006904018,1250
2006904019,540
2006904020,965
2006905001,860
2006905002,1470
2006905003,985
2006905004,965
2006905005,865
2006905006,990
2006905007,845
2006905008,1845
2006905009,995
2006905010,945
2006905011,705
2006905012,1375
2006905013,1130
2006905014,1645
2006906001,1185
2006906002,1300
2006906003,1520
2006906004,2220
2006906005,1905
2006906006,1290
2006906007,1730
2006906008,2650
2006906009,625
2006906010,1390
2006906011,1005
2006906012,1700
2006906013,810
2006906014,1795
2006906015,945
2006906016,2305
2006906017,2905
2006906018,1890
2006906019,1870
2006906020,2345
2006906021,1815
2006906022,1645
2006906023,1650
2006906024,1760
2006906025,1890
2006906026,1570
2006906027,1080
2006907001,1420
2006907002,1670
2006907003,1330
2006907004,790
2006907005,1370
2006907006,1080
2006907007,1440
2006907008,865
2006907009,770
2006907010,1265
2006907011,1110
2006907012,695
2006907013,715
2006907014,1155
2006907015,1710
2006907016,960
2006907017,1350
2006907018,3210
2006907019,1160
2006907020,1960
2006907021,630
2006907022,980
2006907023,1155
2006907024,1970
2006907025,625
2006907026,945
2006907027,2690
2006907028,1035
2006907029,660
2006907030,1575
2006907031,1925
2006907032,865
2006907033,2280
2006907034,1150
2007001001,1425
2007101001,675
2007101002,575
2007101003,1120
2007101004,1495
2007102001,1075
2007102002,1740
2007102003,955
2007102004,1190
2007102005,930
2007103001,2805
2007103002,1395
2007103003,1605
2007104001,2680
2007201001,1225
2007201002,1500
2007201003,2215
2007201004,1250
2007301001,2310
2007301002,1290
2007301003,1850
2007301004,615
2007401001,1820
2007401002,1980
2007401003,725
2007401004,1210
2007401005,1835
2007402001,815
2007402002,685
2007402003,2115
2007402004,500
2007403001,1180
2007403002,895
2007403003,795
2007501001,2135
2007501002,1965
2007501003,1745
2007601001,1310
2007601002,1095
2007601003,1170
2007601004,2510
2007601005,855
2007601006,2020
2007601007,670
2007701001,1105
2007701002,1325
2007701003,1220
2007701004,905
2007701005,1070
2007701006,1300
2007801001,1125
2007801002,380
2007901001,2205
2007901002,1150
2007901003,1190
2007902001,1125
2007902002,2055
2007902003,1685
2007902004,1695
2007902005,1230
2007902006,1295
2007902007,1615
2007902008,2360
2007902009,2010
2007902010,1435
2007902011,1390
2008001001,1020
2008001002,1825
2008001003,630
2008001004,890
2008001005,2685
2008001006,1395
2008001007,520
2008001008,1020
2008101001,2225
2008101002,2100
2008101003,800
2008101004,1260
2008101005,890
2008101006,2220
2090101001,1960
2090201001,995
2090201002,1260
2090201003,1560
2090201004,1805
2090201005,800
2090201006,1790
2090201007,375
2090201008,1105
2090201009,2230
2090201010,825
2090201011,2380
2090201012,1000
2090201013,1655
2090301001,1550
2090301002,1715
2090301003,1635
2090401001,125
2090501001,180
2090601001,160
2090701001,165
2100101001,795
2100201001,1470
2100201002,2700
2100201003,1095
2100201004,2135
2100201005,2655
2100201006,1210
2100202001,1945
2100202002,1870
2100202003,1495
2100202004,1380
2100202005,1515
2100301001,855
2100401001,1075
2100402001,755
2100501001,3030
2100501002,1320
2100501003,2025
2100501004,2250
2100502001,880
2100502002,1665
2100502003,1960
2100503001,3110
2100503002,1630
2100503003,1210
2100503004,1095
2100503005,1940
2100601001,1220
2100601002,1240
2100602001,1015
2100602002,720
2100701001,1425
2100701002,715
2100702001,685
2100703001,1280
2100703002,1000
2100703003,2640
2100801001,1455
2100802001,950
2100803001,850
2100901001,1040
2101001001,970
2101001002,1505
2101001003,2710
2101001004,1475
2101001005,1685
2101002001,1160
2101002002,1065
2101002003,1765
2101002004,785
2101002005,1690
2101003001,1625
2101003002,2590
2101003003,1395
2101101001,1995
2101101002,1080
2101101003,1245
2101201001,345
2101301001,2005
2101301002,710
2101302001,1245
2101302002,1955
2101303001,1585
2101303002,2460
2101304001,2350
2101305001,1815
2101401001,2395
2101401002,2085
2101401003,1685
2101501001,825
2101601001,1300
2101701001,1120
2101701002,1390
2101702001,940
2101702002,685
2101801001,1075
2101802001,1100
2101901001,800
2102001001,460
2102101001,1430
2102101002,1550
2102101003,355
2102101004,3130
2102101005,880
2102102001,3025
2102102002,1435
2102102003,1265
2102102004,2270
2102102005,1985
2102102006,1450
2102201001,215
2102301001,1355
2102301002,1055
2102401001,585
2102501001,750
2102501002,1380
2102501003,1375
2102502001,785
2102502002,550
2102601001,295
2102701001,70
2102801001,440
2102901001,1090
2102902001,810
2103001001,2140
2103101001,1480
2103201001,2165
2103301001,575
2103401001,1565
2103501001,1900
2103501002,2525
2103501003,2545
2103502001,3130
2103502002,1215
2103502003,1005
2103502004,150
2103601001,240
2103701001,570
2103801001,1355
2103901001,355
2104001001,1720
2104002001,2195
2104101001,2465
2104101002,2665
2104101003,1635
2104101004,1455
2104101005,1615
2104101006,730
2104101007,1090
2104101008,955
2104101009,2065
2104101010,1345
2104101011,1045
2104101012,850
2104101013,2175
2104102001,2500
2104102002,2245
2104102003,2200
2104102004,1875
2104102005,2350
2104102006,1335
2104102007,855
2104102008,1530
2104102009,1920
2104102010,1880
2104103001,1470
2104103002,1750
2104103003,1815
2104103004,555
2104103005,690
2104103006,1170
2104103007,1255
2104103008,1295
2104103009,1275
2104103010,3070
2104104001,1035
2104104002,780
2104104003,655
2104104004,1245
2104104005,1425
2104104006,1155
2104104007,1070
2104104008,2195
2104104009,1530
2104104010,1210
2104104011,1495
2104104012,1510
2104104013,1110
2104104014,1340
2104105001,735
2104105002,1535
2104105003,975
2104105004,935
2104105005,1420
2104105006,875
2104105007,1010
2104105008,1720
2104105009,1010
2104105010,2300
2104105011,920
2104105012,1000
2104105013,1320
2104105014,845
2104106001,775
2104106002,1725
2104106003,1035
2104106004,610
2104106005,1245
2104106006,1195
2104106007,2400
2104106008,1455
2104106009,820
2104107001,1520
2104107002,1070
2104107003,1165
2104107004,2530
2104107005,1035
2104107006,845
2104107007,1050
2104107008,1125
2104107009,1510
2104107010,870
2104107011,1270
2104107012,910
2104107013,1490
2104107014,1335
2104107015,1340
2104107016,1340
2104107017,1565
2104107018,2910
2104107019,1350
2104107020,1760
2104108001,1995
2104108002,1835
2104108003,1265
2104108004,680
2104108005,1355
2104108006,1335
2104108007,1465
2104108008,1010
2104108009,1350
2104108010,1340
2104108011,1285
2104108012,940
2104108013,950
2104108014,1290
2104108015,1585
2104108016,865
2104201001,2230
2104202001,700
2104202002,1305
2104202003,2190
2104202004,2605
2104202005,1130
2104203001,2410
2104203002,1770
2104203003,3525
2104203004,555
2104203005,1625
2104204001,1695
2104301001,1245
2104301002,1085
2104401001,1515
2104401002,1300
2104401003,2030
2104401004,2190
2104401005,1415
2104401006,1360
2104401007,1330
2104402001,1940
2104402002,2645
2104402003,3030
2104402004,1890
2104403001,1420
2104403002,1405
2104403003,2345
2104403004,720
2104501001,295
2104601001,3125
2104701001,895
2104702001,1465
2104801001,360
2104901001,985
2104901002,1005
2104901003,1355
2104902001,785
2105001001,1935
2105001002,1485
2105001003,1745
2105002001,2490
2105002002,980
2105002003,825
2105003001,1945
2105003002,5400
2105003003,1415
2105003004,2405
2105101001,315
2105201001,960
2105201002,1030
2105202001,660
2105202002,1100
2105203001,630
2105203002,1315
2105301001,1000
2105302001,1660
2105303001,1505
2105401001,2415
2105401002,1945
2105401003,1765
2105401004,1870
2105401005,2515
2105501001,1280
2105501002,2220
2105501003,1730
2105501004,1820
2105501005,2555
2105601001,1405
2105601002,530
2105602001,1695
2105701001,1295
2105801001,995
2105802001,2085
2105901001,275
2106001001,1255
2106001002,1305
2106001003,1455
2106001004,2265
2106001005,3885
2106001006,765
2106001007,665
2106001008,290
2106001009,3130
2106101001,1125
2106101002,2595
2106102001,1585
2106102002,2215
2106201001,1865
2106301001,1305
2106301002,2265
2106401001,2195
2106401002,1290
2106402001,1575
2106402002,1350
2106402003,2085
2106501001,400
2106601001,705
2106701001,540
2106801001,1170
2106901001,780
2106901002,1390
2107001001,1020
2107001002,2755
2107001003,1250
2107002001,860
2107002002,1885
2107101001,240
2107201001,1305
2107201002,960
2107201003,1145
2107201004,980
2107202001,915
2107202002,2360
2107203001,1090
2107203002,1295
2107203003,1595
2107203004,1120
2107301001,2880
2107401001,755
2107401002,865
2107401003,1790
2107501001,410
2107601001,1285
2107602001,1465
2107701001,900
2107702001,1290
2107801001,980
2107801002,1105
2107802001,565
2107802002,680
2107901001,925
2200101001,275
2200201001,135
2200301001,180
2200401001,135
2200601001,370
2200701001,1245
2200801001,220
2200901001,810
2201101001,130
2201201001,115
2201301001,345
2201401001,290
2201501001,370
2201601001,745
2201701001,1130
2201801001,425
2201901001,215
2202001001,140
2202101001,845
2202101002,1645
2202201001,665
2202301001,560
2202401001,280
2202501001,1475
2202701001,355
2202801001,460
2202901001,145
2203201001,130
2203501001,340
2203601001,115
2203701001,125
2203901001,1115
2204001001,175
2204101001,200
2204201001,130
2204301001,115
2204401001,315
2204501001,110
2204601001,945
2204701001,285
2204801002,2010
2204801003,1360
2204801004,1100
2204801005,2365
2204801006,1485
2204801007,1830
2204801008,1130
2204801009,700
2204801010,2510
2204801011,1370
2204801012,1080
2204901001,100
2205001001,105
2205101001,115
2205201001,1340
2205301001,1125
2205401001,2170
2205501001,415
2205701001,500
2205801001,245
2205901001,1495
2206001001,1510
2206101001,2200
2206101002,2260
2206101003,2570
2206101004,2390
2206201001,200
2206301001,225
2206401001,215
2206601001,1050
2206701001,100
2206801001,85
2206901001,515
2207201001,235
2207401001,330
2207501001,160
2207601001,375
2207701001,400
2207801001,590
2207901001,180
2208001001,370
2208101001,300
2208201001,355
2208301001,610
2208401001,745
2208501001,130
2208601001,250
2208701001,105
2208801001,190
2208901001,360
2209001001,125
2209401001,120
2209501001,95
2209601001,370
2209901001,585
2210201001,230
2210301001,850
2210501001,160
2210601001,30
2210701001,120
2210901001,320
2211001001,980
2211101001,210
2211201001,605
2211201002,1155
2211201003,905
2211201004,1335
2211201005,3270
2211201006,1130
2211201007,435
2211201008,2500
2211201009,1410
2211201010,1720
2211301001,625
2211401001,145
2211501001,465
2211601001,1315
2211601002,605
2211701001,1220
2211701002,1620
2211701003,620
2211901001,1090
2211901002,520
2212201001,70
2212401001,265
2212501001,1420
2212501002,1205
2212501003,1030
2212502001,2125
2212502002,2445
2212502003,660
2212502004,1690
2212502005,2885
2212503001,1520
2212503002,1075
2212503003,1660
2212503004,1880
2212503005,1790
2212503006,3120
2212503007,1065
2212504001,1900
2212504002,1115
2212504003,1245
2212504004,1145
2212505001,1935
2212505002,1830
2212506001,2030
2212506002,965
2212506003,1170
2212506004,900
2212507001,1720
2212507002,2895
2212507003,1265
2212507004,1130
2212508001,560
2212508002,1515
2212508003,885
2212508004,1395
2212601001,115
2212701001,630
2212801001,225
2212901001,290
2213001001,1580
2213001002,1545
2213001003,1345
2213001004,1675
2213001005,1250
2213001006,1695
2213001007,1365
2213001008,2135
2213101001,110
2213301001,155
2213501001,225
2213601001,1065
2213701001,1355
2213901001,105
2214101001,145
2214201001,150
2214301001,315
2214401001,290
2214901001,365
2215001001,555
2215101001,110
2215501001,95
2215601001,305
2215701001,265
2215801001,1340
2215801002,1115
2215801003,1295
2215801004,1790
2215801005,1135
2215801006,1515
2215801007,1110
2215801008,1215
2215801009,2050
2215801010,2005
2215801011,2460
2216001001,250
2216201001,165
2216301001,555
2216401001,55
2216501001,595
2216701001,780
2216801001,30
2217001001,780
2217201001,750
2217301001,270
2217401001,600
2217501001,245
2217601001,200
2217701001,100
2217801001,120
2218101001,100
2218201001,315
2218401001,220
2218601001,240
2218701001,420
2218801001,130
2218901001,230
2219001001,150
2219301001,370
2219501001,280
2219701001,605
2219901001,1805
2219901002,1520
2219901003,1455
2219901004,2665
2219901005,835
2219901006,910
2219901007,855
2220001001,325
2220101001,315
2220201001,145
2220301001,105
2220401001,1470
2220501001,500
2220601001,225
2220701001,150
2220801001,200
2220901001,195
2221201001,95
2221301001,1895
2221301002,2030
2221301003,445
2221401001,115
2221501001,150
2221701001,535
2221801001,60
2222001001,210
2222101001,120
2222201001,650
2222301001,110
2222501001,1440
2222501002,1540
2222501003,625
2222601001,985
2222701001,260
2222801001,710
2222901001,155
2223001001,325
2223201001,105
2223301001,100
2223401001,1225
2223501001,105
2223601001,295
2223901001,95
2224201001,75
2224301001,50
2224401001,65
2224501001,440
2224601001,100
2224701001,45
2224801001,115
2224901001,145
2225001001,495
2225101001,425
2225201001,150
2225301001,70
2225401001,845
2225401002,875
2290101001,935
2290201001,285
2290301001,845
2290401001,1030
2290501001,380
2290601001,220
2290701001,2130
2290801001,205
2290901001,460
2300101001,1230
2300201001,1160
2300201002,1440
2300201003,1570
2300202001,675
2300202002,1155
2300202004,1285
2300203001,930
2300203002,2265
2300203003,750
2300204001,1390
2300204002,2325
2300204003,940
2300204005,1305
2300205001,1795
2300205002,1900
2300205003,1185
2300205004,585
2300301001,870
2300301002,680
2300301003,860
2300301004,1515
2300301005,1365
2300301006,1425
2300301007,2455
2300302001,780
2300303001,1120
2300401001,545
2300501001,1670
2300501002,1105
2300501003,1635
2300501004,1480
2300501005,880
2300501006,1715
2300502001,1240
2300502002,1395
2300502003,760
2300502004,2030
2300502005,1505
2300502006,1540
2300502007,2060
2300502008,1250
2300502009,1670
2300503001,2355
2300503002,840
2300503003,1690
2300503004,1175
2300503005,2050
2300503006,1365
2300503007,1255
2300503008,1965
2300503009,2075
2300504001,1670
2300504002,185
2300601001,1035
2300601002,1915
2300601003,1125
2300602001,940
2300602002,700
2300701001,1485
2300701002,670
2300702001,825
2300702002,810
2300801001,1960
2300901001,2180
2300901002,1505
2300901003,1755
2300902001,890
2300902002,710
2300902003,1795
2300902004,1450
2300902005,1250
2300903001,1735
2300903002,1040
2300904001,1520
2300905001,500
2301001001,2525
2301001002,2650
2301002001,1410
2301002002,1025
2301002003,1910
2301003001,1020
2301003002,1675
2301003003,920
2301003004,1280
2301003005,1680
2301003006,1540
2301003007,1030
2301101001,1945
2301101002,760
2301201001,1405
2301201002,980
2301201003,1250
2301201004,675
2301201005,1420
2301401001,1445
2301401002,1685
2301501001,1045
2301501002,705
2301601001,550
2301701001,1400
2301702001,630
2301801001,645
2301801002,815
2301802001,625
2301803001,720
2301901001,1370
2301901002,655
2302001001,1420
2302001002,670
2302101001,665
2302401001,785
2302401002,1445
2302401003,1225
2302401004,1275
2302401005,2545
2302402001,1060
2302402002,695
2302402003,1360
2302403001,1440
2302403002,2050
2302403004,1915
2302501001,635
2302501002,1590
2302501003,1300
2302601001,945
2302601002,375
2302601003,1120
2302601004,1720
2302602001,465
2302701001,810
2302801001,880
2302801002,2450
2302801003,1205
2302802001,800
2302802002,1270
2302803001,615
2302803002,690
2302901001,660
2302901002,445
2303001001,1630
2303101001,980
2303201001,735
2303301001,1170
2303301002,540
2303401001,915
2303402001,2305
2303501001,1395
2303701001,630
2303801001,1440
2303801002,855
2303801003,1405
2303801004,765
2303901001,1995
2303901002,920
2304001001,1220
2304001002,630
2304101001,640
2304201001,435
2304301001,680
2304401001,1845
2304402001,1670
2304402002,2590
2304501001,1530
2304501002,1120
2304601001,1325
2304601002,1725
2304701001,1180
2304701002,910
2304801001,1080
2304901001,1025
2304902001,1305
2305001001,765
2305001002,700
2305001003,1245
2305001004,1015
2305001005,1195
2305001006,845
2305001007,1615
2305001008,1375
2305002001,1770
2305002002,900
2305002003,1165
2305002004,1410
2305002005,630
2305002006,1985
2305002007,1825
2305003001,1620
2305003002,2275
2305003003,2310
2305003004,810
2305003005,980
2305003006,780
2305003007,670
2305003008,1805
2305003009,1515
2305003010,1005
2305003011,970
2305003012,1195
2305003013,1485
2305003014,865
2305003015,670
2305004001,970
2305004002,740
2305004003,990
2305004004,770
2305004005,525
2305004006,1560
2305004007,2515
2305004008,1740
2305004009,1775
2305004010,1395
2305004011,1980
2305004012,3025
2305004013,1220
2305004014,3115
2305004015,1330
2305005001,1145
2305005002,1235
2305005003,1115
2305005004,1820
2305005005,1655
2305005006,1200
2305005007,1350
2305005008,1445
2305005009,1580
2305005010,1995
2305005011,1835
2305005012,1450
2305005013,1720
2305005014,1260
2305005015,1345
2305005016,1910
2305005017,2285
2305005018,2010
2305005019,695
2305005020,1005
2305005021,1250
2305006001,910
2305006002,1280
2305006003,1465
2305006004,585
2305006005,660
2305006006,1020
2305007001,940
2305007002,1030
2305007003,1320
2305007004,1835
2305008001,725
2305008002,710
2305008003,1770
2305008004,1345
2305009001,1135
2305009002,1395
2305009003,1545
2305009004,1260
2305009005,1310
2305009006,1530
2305101001,1115
2305101002,2365
2305201001,635
2305201002,745
2305301001,1775
2305301002,1840
2305301003,1730
2305301004,1460
2305301005,2360
2305301006,1235
2305301007,1680
2305401001,490
2305501001,1440
2305501002,1920
2305501003,1410
2305501004,1160
2305501005,535
2305501006,1490
2305501007,1020
2305501008,2240
2305501009,1660
2305502001,1845
2305502002,1910
2305502003,1000
2305503001,1290
2305503002,1020
2305503003,1695
2305503004,2360
2305503005,1525
2305503006,1230
2305504001,965
2305504002,1780
2305504003,1880
2305504004,2610
2305504005,1230
2305504006,1055
2305504007,1815
2305504008,2125
2305505001,1065
2305505002,2065
2305505003,2170
2305505004,845
2305506001,1720
2305506002,2290
2305506003,1020
2305506004,970
2305506005,550
2305507001,3195
2305507002,1890
2305507004,1355
2305508001,1165
2305601001,640
2305601002,1020
2305601003,1365
2305601004,845
2305701001,960
2305801001,2360
2305801002,1555
2305801003,1590
2305801004,1270
2305802001,1525
2305802002,1435
2305803001,1520
2305901001,1410
2305901002,910
2305901003,1020
2305902001,1695
2305902002,2255
2306001001,425
2306001002,525
2306001003,600
2306002001,1055
2306002002,620
2306002003,1380
2306002004,1530
2306003001,2270
2306003002,2235
2306003003,1330
2306003004,2515
2306003005,2140
2306003006,1820
2306003007,1620
2306003008,1615
2306003009,1300
2306004001,525
2306004003,915
2306101001,1950
2306101002,1540
2306101003,2110
2306102001,2745
2306102002,1480
2306201001,1300
2306201002,590
2306301001,970
2306301002,815
2306301003,1865
2306301004,575
2306301005,735
2306401001,1015
2306402001,1060
2306501001,740
2306502001,1220
2306601001,1450
2306601002,1400
2306602001,1790
2306603001,910
2306701001,730
2306702001,1555
2306702002,795
2306901001,1035
2306901002,960
2306901003,1615
2306902001,1200
2306902002,575
2306903001,795
2306903002,620
2307001001,1120
2307001002,595
2307002001,1555
2307002002,1910
2307101001,2280
2307201001,875
2307201002,1725
2307301001,815
2307302001,530
2307302002,1690
2307303001,1365
2307303002,880
2307304001,560
2307401001,2240
2307402001,1520
2307501001,435
2307501002,1900
2307502001,1875
2307601001,980
2307701001,820
2307901001,1515
2307901002,1195
2307902001,1025
2307903001,1030
2308001001,685
2308002001,1845
2308101001,420
2308101002,1160
2308101003,370
2308201001,1305
2308201002,1065
2308401001,1250
2308501001,1370
2308501002,945
2308501003,485
2308601001,1850
2308601002,1920
2308601003,1485
2308601004,1210
2308601005,895
2308601006,845
2308601007,1250
2308601008,1435
2308601009,2175
2308601010,1590
2308701001,795
2308701002,1010
2308702001,900
2308702002,740
2308702003,845
2308703001,1290
2308703002,985
2308703003,2550
2308704001,1525
2308704002,1465
2308704003,1975
2308801001,865
2308801002,1415
2308802001,885
2308802002,745
2308803001,1315
2308803002,1305
2308803003,1040
2309001001,825
2309002001,795
2309101001,950
2309201001,1115
2309201002,1080
2309201003,1150
2309201004,1120
2309201005,1750
2309201006,970
2309201007,1620
2309201008,1605
2309201009,2035
2309201010,2730
2309202001,705
2309202002,755
2309202003,805
2309202004,790
2309203001,1170
2309203002,1745
2309203003,1855
2309203004,705
2309203005,1175
2309203006,1180
2309203007,830
2309203008,820
2309204001,1775
2309204002,1445
2309204003,1095
2309204004,795
2309204005,2045
2309205001,625
2309301001,705
2309301002,710
2309302001,1240
2309303001,570
2309303002,865
2309401001,1040
2309401002,880
2309401003,1150
2309401004,1735
2309501001,540
2309501002,1420
2309502001,1135
2309502002,2055
2309502003,2190
2309503001,1255
2309503002,1480
2309504001,875
2309504002,290
2309601001,1500
2309601002,975
2309601003,855
2309701001,1680
2309701002,990
2309701003,1895
2309702001,1050
2309702002,1170
2309702003,1110
2309702004,915
2309801001,500
2309802001,595
2309901001,1110
2309901002,1005
2309901003,1555
2309901004,2175
2310101001,455
2390101001,745
2390102001,745
2390201001,910
2390201002,730
2390202001,1385
2390301001,1490
2390301002,1100
2390302001,1100
2390302002,810
2390401001,1340
2390401002,425
2390402001,585
2390402002,680
2390403001,535
2390501001,1335
2390501002,1160
2400101001,255
2400201001,300
2400301001,765
2400401001,610
2400501001,455
2400601001,610
2400701001,850
2400801001,1410
2400801002,1350
2400802001,1640
2400802002,1500
2400802003,1400
2400803001,2085
2400803002,1900
2400901001,365
2401001001,1980
2401001002,1585
2401001003,2370
2401001004,2050
2401001005,1345
2401001006,1225
2401101001,230
2401201001,315
2401401001,985
2401401002,2135
2401401003,2025
2401401004,1090
2401401005,895
2401401006,855
2401401007,1775
2401501001,1880
2401501002,830
2401601001,555
2401701001,665
2401801001,195
2401901001,405
2402001001,520
2402101001,1580
2402101002,480
2402201001,385
2402301001,325
2402401001,800
2402501001,355
2402601001,1415
2402701001,1315
2402801001,470
2402901001,900
2403001001,1715
2403001002,2095
2403001003,840
2403001004,735
2403101001,255
2403201001,145
2403301001,215
2403401001,1875
2403401002,1035
2403401003,1290
2403601001,325
2403701001,435
2403801001,1830
2403801002,1840
2403901001,1410
2403901002,1065
2404001001,550
2404101001,660
2404201001,80
2404301001,135
2404401001,180
2404601001,1070
2404701001,870
2404901001,1780
2405001001,100
2405101001,520
2405201001,190
2405301001,545
2405401001,545
2405501001,805
2405601001,1800
2405601002,1815
2405701001,1650
2405801001,230
2405901001,1065
2406001001,640
2406101001,1975
2406201001,155
2406301001,500
2406401001,1850
2406501001,1720
2406501002,630
2406601001,595
2406701001,800
2406801001,535
2406901001,55
2407001001,1930
2407001002,1145
2407001003,1070
2407001004,960
2407101001,1230
2407301001,615
2407401001,110
2407601001,1355
2407701001,285
2407801001,490
2407901001,1055
2408001001,245
2408101001,140
2408201001,995
2408301001,1365
2408401001,200
2408601001,355
2408701001,725
2408801001,1140
2408901001,1280
2408901002,615
2408901003,1040
2408901004,500
2408901005,480
2408901006,645
2408901007,685
2408902001,1110
2408902002,1240
2408902003,1090
2408902004,895
2408902005,1020
2408902006,975
2408902007,895
2408902008,1035
2408902009,570
2408902010,645
2408903001,1800
2408903002,1530
2408903003,1225
2408903004,1280
2408903005,1260
2408903006,1470
2408903007,525
2408903008,1015
2408903009,590
2408903010,745
2408903011,1230
2408903012,1305
2408903013,1430
2408903014,820
2408903015,1670
2408903016,1760
2408903017,800
2408903018,1305
2408903019,905
2408903020,1340
2408903021,1720
2408903022,1510
2408903023,1085
2408904001,1640
2408904002,1265
2408904003,995
2408904004,1080
2408904005,2235
2408904006,1345
2408904007,895
2408904008,800
2408904009,755
2408904010,2155
2408904011,645
2408904012,635
2408904013,1415
2408904014,1245
2408904015,770
2408904016,1675
2408905001,610
2408905002,1035
2408905003,1090
2408905004,1145
2408905005,1320
2408905006,1295
2408905007,1165
2408905008,620
2408905009,675
2408905010,1350
2408905011,1450
2408905012,1180
2408906001,965
2408906002,1400
2408906003,1145
2408906004,1160
2408906005,840
2408906006,885
2408906007,2260
2408906008,925
2408906009,575
2408906010,2540
2408906011,565
2408906012,530
2408906013,675
2408906014,945
2408906015,1250
2408906016,975
2408906017,465
2408907001,1355
2408907002,1060
2408907003,1605
2408907004,1115
2408907005,925
2408907006,1650
2408907007,1060
2408907008,1190
2408907009,1165
2408907010,1010
2408907011,690
2408907012,1615
2408907013,1035
2408907014,995
2408907015,2280
2408907016,1710
2408908001,1005
2408908002,1265
2408909001,2625
2408909002,1150
2408909003,975
2408910001,1710
2408910002,870
2408910003,585
2408910004,890
2408910005,935
2408910006,1410
2408910007,670
2408910008,1635
2408910009,970
2409001001,410
2409101001,750
2409201001,975
2409301001,395
2409401001,1780
2409501001,325
2409601001,160
2409701001,255
2409801001,1395
2409901001,230
2410001001,870
2410101001,480
2410201001,755
2410301001,355
2410401001,315
2410501001,1745
2410601001,320
2410701001,365
2410801001,435
2410901001,1175
2411001001,1415
2411201001,330
2411301001,420
2411401001,1275
2411401002,745
2411401003,1050
2411401004,730
2411501001,1685
2411501002,1725
2411501003,2200
2411501004,1195
2411501005,1770
2411501006,2175
2411501007,1985
2411501008,1355
2411501009,1175
2411501010,1450
2411501011,680
2411501012,2295
2411502001,1120
2411502002,1335
2411502003,1760
2411502004,1725
2411502005,2460
2411502006,1030
2411502007,1535
2411502008,1585
2411502009,1065
2411502010,1665
2411502011,790
2411502012,1820
2411502013,2510
2411502014,625
2411502015,1440
2411502016,1875
2411503001,1570
2411503002,1215
2411503003,2780
2411503004,1160
2411503005,1375
2411503006,1925
2411503007,1335
2411504001,1565
2411504002,595
2411505001,1675
2411505002,1290
2411505003,1010
2411505004,1940
2411505005,775
2411505006,1540
2411505007,1580
2411506001,640
2411601001,480
2411701001,505
2411801001,140
2411901001,825
2412001001,405
2412101001,710
2412201001,1620
2412301001,875
2412401001,440
2412501001,500
2412701001,335
2412901001,130
2413001001,520
2413101001,890
2413201001,695
2413301001,405
2413401001,2225
2413401002,885
2413401003,1475
2413601001,635
2413701001,1365
2413901001,1295
2413901002,1400
2414101001,120
2414201001,1970
2414201002,2000
2414201003,2125
2414202001,2340
2414202002,2055
2414202003,1465
2414202004,1290
2414202005,2435
2414202006,1350
2414202007,1440
2414202008,1855
2414202009,1995
2414202010,1520
2414202011,2050
2414202012,1830
2414203001,1330
2414203002,495
2414203003,815
2414203004,1110
2414301001,575
2414401001,830
2414501001,710
2414601001,290
2414801001,1135
2414801002,880
2414901001,185
2415001001,275
2415101001,555
2415201001,505
2415301001,300
2415401001,1220
2415501001,565
2415601001,270
2415701001,1650
2415701002,1525
2415801001,355
2415901001,1430
2415901002,660
2416001001,850
2416101001,345
2416201001,1955
2416301001,2390
2416301002,2260
2416401001,410
2416501001,370
2416601001,1705
2416701001,900
2416801001,560
2416901001,1820
2416901002,680
2416901003,980
2417001001,1205
2417001002,1250
2417101001,425
2417201001,505
2417301001,1115
2417401001,545
2417501001,2025
2417601001,360
2417701001,510
2417801001,85
2417901001,360
2418001001,1330
2418101001,985
2418101002,925
2418201001,485
2418301001,975
2418401001,220
2418501001,580
2418701001,1020
2418801001,1625
2418801002,1630
2418801003,1810
2418901001,1835
2418901002,2375
2418901003,2675
2419001001,190
2419101001,135
2419301001,415
2419401001,320
2419601001,1345
2419601002,1075
2419701001,920
2419801001,710
2419901001,450
2420101001,1165
2420201001,1155
2420201002,1125
2420201003,745
2420201004,1135
2420201005,675
2420201006,1575
2420202001,845
2420202002,1745
2420203001,660
2420203002,525
2420301001,115
2420501001,1125
2420601001,780
2420601002,1325
2420701001,390
2420901001,1265
2420901002,1620
2420901003,480
2421001001,610
2421101001,320
2421201001,1265
2421301001,160
2421401001,775
2421501001,180
2421601001,860
2421701001,155
2421801001,525
2421901001,650
2422101001,975
2422201001,2065
2422201002,1925
2422201003,1735
2422201004,2250
2422201005,1585
2422201006,1030
2422202001,1745
2422202002,2320
2422202003,1710
2422202004,1630
2422301001,1015
2422301002,2140
2422401001,705
2422501001,1250
2422601001,225
2422701001,1950
2422801001,780
2422901001,525
2423001001,485
2490101001,1105
2490201001,400
2500101001,170
2500201001,530
2500301001,725
2500301002,735
2500301003,2145
2500301004,1990
2500401001,740
2500501001,375
2500601001,430
2500701001,2075
2500801001,1660
2500901001,860
2501001001,235
2501101001,2490
2501101002,2725
2501101003,1500
2501101004,1900
2501201001,2035
2501201002,1035
2501301001,1480
2501301002,1565
2501401001,340
2501501001,440
2501601001,1410
2501601002,1685
2501701001,300
2501901001,1015
2501901002,1785
2501902001,1595
2501902002,1990
2502001001,355
2502101001,975
2502102001,1545
2502102002,1100
2502201001,135
2502301001,2135
2502301002,2245
2502301003,1745
2502401001,430
2502501001,1710
2502701001,1365
2502901001,1200
2502901002,1240
2503001001,180
2503101001,65
2503201001,85
2503301001,1510
2503401001,2510
2503401002,770
2503402001,420
2503501001,475
2503601001,220
2503701001,450
2503801001,855
2503801002,1365
2503901001,360
2504001001,2455
2504001002,1285
2504002001,650
2504003001,3185
2504003002,1355
2504004001,1920
2504004002,1570
2504004003,1480
2504004004,2805
2504101001,835
2504201001,255
2504301001,1025
2504401001,245
2504501001,60
2504601001,560
2504701001,1335
2504801001,1000
2504801002,1395
2504901001,195
2505001001,2635
2505001002,1590
2505001003,670
2505101001,2240
2505201001,2405
2505301001,1525
2505501001,215
2505601001,315
2505701001,235
2505801001,740
2505801002,1945
2505802001,1890
2505802002,1420
2505901001,1100
2506001001,75
2506101001,95
2506201001,930
2506301001,110
2506401001,160
2506701001,1010
2506801001,765
2506901001,545
2507001001,1090
2507101001,60
2507201001,1050
2507202001,1320
2507202002,2115
2507202003,1130
2507203001,3750
2507301001,760
2507401001,205
2507501001,140
2507601001,195
2507701001,595
2507801001,1400
2507901001,400
2508101001,425
2508201001,345
2508501001,165
2508601001,860
2508701001,75
2508801001,120
2508901001,140
2509201001,170
2509301001,820
2509401001,185
2509601001,1310
2509701001,100
2509801001,310
2509901001,1740
2510001001,225
2510101001,740
2510201001,975
2510301001,150
2510401001,135
2510501001,175
2510901001,310
2511001001,2235
2511001002,1610
2511001003,2785
2511101001,130
2511201001,360
2511301001,790
2511301002,840
2511401001,115
2511501001,1080
2511801001,455
2511901001,1985
2511901002,1415
2512001001,1705
2512001003,2220
2512001004,3255
2512001005,1975
2512001006,2185
2512001007,2770
2512001008,2445
2512001009,1040
2512001010,2190
2512001011,1075
2512001012,1780
2512001013,1690
2512001014,1745
2512002002,2590
2512002003,1610
2512002004,2700
2512002005,2520
2512002006,1310
2512002007,2725
2512002008,1350
2512002009,1630
2512003001,1135
2512003003,2275
2512003004,1335
2512003005,385
2512003006,1100
2512003007,765
2512003008,925
2512004001,1285
2512004003,1960
2512004004,675
2512004005,690
2512004006,1330
2512004007,745
2512004008,750
2512004010,1440
2512004011,1375
2512004012,310
2512004013,1315
2512004014,1720
2512004015,1775
2512004016,1980
2512004017,1205
2512005002,1065
2512005003,955
2512005004,875
2512005005,1185
2512005006,2155
2512005007,1470
2512005008,1165
2512005009,1040
2512005010,1100
2512005011,1930
2512005012,825
2512006001,2355
2512006002,3135
2512006003,1705
2512006004,1895
2512006005,700
2512006006,1885
2512006007,2790
2512006009,1300
2512006010,1610
2512006011,1505
2512006012,1295
2512006013,995
2512006014,3485
2512006016,985
2512006017,2665
2512007001,3295
2512007002,1130
2512007003,2380
2512007004,2495
2512007005,2865
2512007006,3490
2512007007,2815
2512008001,995
2512008002,2335
2512008003,1240
2512009001,1430
2512009002,1135
2512101001,1005
2512201001,1265
2512201002,1380
2512301001,240
2512401001,185
2512501001,505
2512601001,360
2512701001,260
2512801001,180
2512901001,205
2513001001,235
2513101001,565
2513201001,200
2513301001,975
2513401001,875
2513501001,1440
2513601001,115
2513701001,2930
2513701002,3525
2513701003,1855
2513701004,1915
2513701005,2330
2513701006,2015
2513801001,700
2513901001,675
2514001001,995
2514101001,190
2514201001,510
2514301001,95
2514501001,90
2514601001,275
2514801001,255
2514901001,1850
2515001001,220
2515101001,880
2515201001,165
2515301001,250
2515401001,150
2515501001,890
2515601001,975
2515701001,215
2515801001,2165
2516101001,425
2516301001,270
2516401001,470
2516501001,365
2516601001,210
2516701001,305
2516801001,645
2516901001,245
2517001001,335
2517101001,1440
2517101002,1680
2517201001,860
2517201002,1805
2517301001,1785
2517301002,680
2517401001,750
2517501001,280
2517601001,410
2517701001,470
2517901001,235
2518001001,310
2518101001,265
2518201001,1430
2518301001,655
2518501001,975
2518601001,285
2518901001,3015
2519001001,365
2519101001,450
2519201001,1095
2519301001,985
2519401001,530
2519601001,140
2519701001,200
2520001001,410
2520101001,130
2520201001,135
2520301001,535
2520301002,2025
2520301003,2345
2520301004,2755
2520301005,1750
2520301006,1260
2520301007,1705
2520401001,1150
2520401002,745
2520501001,710
2520601001,365
2520701001,1635
2520701002,1985
2520701003,985
2520702001,2540
2520702002,2005
2520801001,360
2520901001,2255
2521001001,1760
2521101001,800
2521201001,300
2521501001,170
2521601001,295
2521701001,2300
2521701002,435
2521702001,1980
2521702002,1815
2521702003,2150
2521703001,2190
2521703002,1055
2521703003,1400
2521704001,610
2521704002,2140
2521705001,580
2521801001,110
2521901001,170
2522001001,1570
2522101001,155
2522201001,80
2522301001,1290
2522401001,170
2522501001,915
2522601001,300
2522701001,750
2522801001,1715
2522801002,2575
2523001001,750
2523001002,1495
2523101001,710
2523201001,2160
2523301001,360
2523401001,1155
2523401002,1375
2523402001,1570
2523402002,1400
2523403001,645
2523801001,245
2523901001,885
2524001001,1850
2524201001,950
2524301001,1335
2524301002,2030
2524301003,2065
2524401001,490
2524501001,635
2524701001,185
2524801001,1190
2524901001,240
2525001001,420
2525101001,890
2525201001,700
2525301001,195
2525401001,1120
2525501001,560
2590101001,390
2590201001,690
2590301001,345
2590401001,170
2590501001,445
2590601001,290
2590701001,620
2590801001,275
2590901001,200
2591001001,140
2591101001,560
2591201001,1155
2591301001,120
2600101001,330
2600201001,1150
2600301001,545
2600401001,80
2600501001,1160
2600502001,2015
2600601001,2690
2600701001,740
2600801001,1390
2600802001,1400
2600901001,540
2601001001,115
2601101001,2220
2601101002,1830
2601101003,1190
2601102001,1460
2601102002,1335
2601102003,1760
2601201001,20
2601301001,470
2601401001,485
2601501001,260
2601601001,35
2601701001,480
2601801001,1220
2601801002,595
2601801003,820
2601801004,1420
2601802001,1370
2601802002,1855
2601802003,1165
2601802004,1245
2601802005,1600
2601802006,1385
2601802007,1725
2601901001,485
2602001001,945
2602101001,3175
2602102001,1180
2602201001,245
2602301001,590
2602401001,310
2602501001,90
2602601001,1665
2602701001,170
2602801001,145
2602901001,35
2603001001,20
2603101001,140
2603201001,60
2603301001,240
2603401001,860
2603501001,20
2603601001,790
2603602001,1440
2603602002,1440
2603602003,2025
2603602004,2620
2603603001,990
2603603002,2190
2603603003,2095
2603603004,2280
2603603005,1185
2603603006,2130
2603603007,2060
2603603008,1170
2603603009,1925
2603701001,175
2603801001,90
2603901001,45
2604001001,85
2604101001,175
2604201001,1295
2604301001,455
2604401001,65
2604501001,15
2604601001,1340
2604601002,720
2604701001,1560
2604703001,995
2604801001,30
2604901001,225
2605001001,130
2605101001,295
2605201001,185
2605301001,270
2605401001,410
2605501001,40
2605601001,510
2605701001,60
2605801001,165
2605901001,1510
2606001001,100
2606101001,2015
2606201001,100
2606301001,155
2606401001,1305
2606401002,1780
2606501001,65
2606601001,385
2606701001,25
2606801001,125
2606901001,295
2607001001,220
2607101001,945
2607102001,2060
2607102002,695
2607103001,1460
2607104001,2070
2607104002,950
2607104003,1625
2607104004,1885
2607201001,365
2607301001,115
2607401001,140
2607501001,445
2607601001,165
2607701001,15
2607801001,85
2607901001,890
2608001001,695
2608101001,25
2608201001,135
2608301001,325
2608401001,2200
2608401002,1995
2608401003,2505
2608401004,1900
2608601001,20
2608701001,290
2608801001,50
2608901001,685
2608901002,1035
2608901003,1715
2608901004,1220
2608902001,1440
2608902002,2430
2608902003,990
2608902004,1725
2608902005,1535
2608902006,1380
2608902007,2645
2608902008,1965
2608902009,1305
2608902010,2035
2608902011,1295
2608902012,1540
2608902013,1090
2608902014,1130
2608902015,1540
2608902016,1490
2608902017,1870
2608902018,1805
2608902019,2085
2608902020,2335
2608902021,3150
2608902022,1985
2608902023,1955
2608902024,1515
2608902025,1360
2608903001,980
2608903002,1095
2608903003,1050
2608903004,445
2608903005,1285
2608903006,1200
2608903007,1570
2608903008,1085
2608903009,1210
2608903010,1090
2608903011,1900
2608903012,885
2608903013,965
2608903014,770
2608903015,1370
2608903016,1140
2608903017,715
2608903018,770
2608903019,1720
2608903020,1690
2608903021,1015
2608903022,1495
2608903023,870
2608903024,1030
2608903025,1170
2608904001,1320
2608904002,1090
2608904003,1270
2608904004,985
2608904005,1735
2608904006,1145
2608904007,660
2608904008,1480
2608904009,2170
2608904010,1715
2608904011,1480
2608904012,860
2608904013,1095
2608904014,2145
2608904015,970
2608904016,900
2608904017,1075
2608904018,1115
2608904019,1305
2608904020,1275
2608904021,1390
2608904022,1665
2608904023,2005
2608904024,1275
2608904025,1395
2608904026,690
2608904027,2190
2608904028,1380
2608904029,2465
2608904030,2385
2608904031,1510
2608904032,2620
2608904033,2930
2608904034,2260
2608904035,1770
2608905001,1720
2608905002,1115
2608905003,1230
2608905004,2510
2608905005,1205
2608905006,720
2608905007,1190
2608905008,1270
2608905009,1825
2608905010,1260
2608905011,1455
2608905012,1390
2608905013,1830
2608906001,1050
2608906002,1815
2609101001,165
2609201001,130
2609301001,65
2609401001,100
2609501001,135
2609601001,295
2609801001,125
2609901001,750
2609901002,945
2610001001,65
2610101001,50
2610201001,635
2610201002,1000
2610202001,1010
2610202002,1720
2610202003,2255
2610202004,1730
2610301001,1000
2610401001,20
2610501001,1195
2610501002,1685
2610601001,75
2610701001,100
2610801001,325
2610901001,110
2611001001,190
2611101001,305
2611201001,280
2611301001,35
2611401001,85
2611501001,15
2611701001,2270
2611701002,1735
2611801001,65
2611901001,265
2612001001,1120
2612001002,925
2612101001,45
2612201001,145
2612301001,160
2612401001,1015
2612501001,2300
2612501002,1490
2612601001,25
2612701001,295
2612801001,130
2612901001,1210
2613001001,270
2613101001,45
2613201001,160
2613401001,120
2613501001,190
2613601001,120
2613801001,755
2613801002,1795
2613802001,1670
2613802002,2300
2613901001,80
2614001001,320
2614101001,150
2614201001,1055
2614301001,255
2614401001,240
2614501001,290
2614601001,145
2614701001,35
2614801001,225
2614901001,65
2615001001,150
2615101001,535
2615201001,35
2615301001,10
2615401001,15
2615501001,190
2615701001,365
2615801001,360
2616001001,960
2616101001,10
2616201001,125
2616301001,165
2616401001,70
2616501001,430
2616601001,145
2616701001,65
2616801001,2740
2616801002,1930
2616801003,2490
2616901001,90
2617001001,650
2617101001,245
2617201001,35
2617301001,10
2617401001,165
2617501001,50
2617601001,70
2617701001,360
2617801001,95
2617901001,50
2618001001,290
2618101001,15
2618301001,90
2700101001,770
2700101002,840
2700101003,1150
2700201001,1280
2700201002,290
2700201003,455
2700301001,790
2700301002,615
2700301003,805
2700401001,1465
2700501001,1355
2700501002,790
2700501003,990
2700601001,1400
2700601002,780
2700601003,895
2700701001,510
2700701002,875
2700701003,1190
2700701004,735
2700801001,730
2700801002,865
2700901001,1005
2700901002,770
2700901003,760
2701001001,960
2701001002,595
2701001003,2310
2701001004,670
2701001005,720
2701101001,1105
2701101002,1140
2701101003,635
2701201001,820
2701201002,775
2701301001,1865
2701301002,680
2701302001,1255
2701302002,700
2701401001,850
2701401002,1455
2701401003,705
2701401004,810
2701501001,2360
2701501002,735
2701501003,670
2701501004,1310
2701601001,1610
2701601002,950
2701601003,2535
2701601004,1385
2701602001,1165
2701603001,695
2701604001,295
2701701001,1170
2701801001,530
2701801002,1790
2701802001,1160
2701803001,700
2701901001,2010
2701901002,1605
2701901003,510
2701901004,1205
2701901005,1440
2701901006,1110
2701901007,2035
2702001001,1320
2702001002,560
2702001003,980
2702001004,1270
2702101001,645
2702101002,690
2702101003,770
2702201001,935
2702201002,580
2702202001,995
2702203001,635
2702204001,1990
2702204002,535
2702301001,665
2702301002,960
2702301003,1375
2702401001,1140
2702401002,675
2702501001,1815
2702501002,975
2702502001,685
2702601001,875
2702601002,1135
2702601003,775
2702701001,1445
2702701002,960
2702801001,1070
2702801002,720
2702801003,600
2702802001,895
2702802002,1065
2702802003,935
2702802004,760
2702802005,1490
2702802006,2170
2702802007,2205
2702802008,525
2702802009,1440
2702802010,1360
2702802011,725
2702802012,1720
2702802013,1420
2702802014,1275
2702802015,2200
2702802016,705
2702802017,2455
2702802018,1430
2702802019,2690
2702802020,1115
2702803001,1070
2702803002,2525
2702803003,1510
2702803004,1190
2702803005,1580
2702803006,885
2702803007,1800
2702803008,1350
2702803009,1595
2702803010,585
2702804001,730
2702804002,1195
2702804003,1950
2702804004,1230
2702804005,1320
2702804006,1910
2702804007,945
2702804008,1920
2702804009,1350
2702804010,1190
2702804011,1405
2702804012,2925
2702804013,1440
2702805001,1070
2702805002,1305
2702805003,1875
2702805004,1700
2702805005,2085
2702805006,1215
2702805007,970
2702805008,810
2702805009,840
2702805010,695
2702805011,1415
2702805013,2280
2702805014,965
2702805015,1670
2702805016,1185
2702805017,1530
2702805018,2050
2702805019,1815
2702806001,1540
2702807001,885
2702807002,1525
2702808001,800
2702808002,1195
2702809001,645
2702809002,835
2702901001,1785
2703001001,1385
2703001002,1570
2703001003,705
2703001004,425
2703101001,475
2703101002,1760
2703101003,1355
2703101004,2195
2703101005,1525
2703101006,1640
2703101007,1410
2703102001,975
2703102002,1875
2703102003,1580
2703102004,2430
2703103001,1100
2703103002,625
2703103003,260
2703201001,1810
2703201002,985
2703201003,555
2703202001,595
2703301001,755
2703401001,800
2703401002,540
2703501001,210
2703701001,555
2703701002,745
2703801001,1145
2703901001,1660
2703901002,1050
2703901003,760
2703901004,640
2703901005,835
2704001001,1655
2704001002,845
2704001003,665
2704001004,485
2704101001,1180
2704101002,540
2704101003,1135
2704201001,1155
2704201002,880
2704301001,860
2704302001,695
2704401001,1305
2704401002,1075
2704401003,1005
2704501001,1190
2704601001,720
2704601002,1075
2704701001,840
2704701002,1130
2704801001,1810
2704801002,870
2704901001,1690
2705001001,1735
2705001002,1770
2705101001,2105
2705101002,1655
2705101003,3065
2705101004,1550
2705101005,565
2705101006,950
2705201001,1060
2705301001,635
2705401001,1445
2705501001,1160
2705501002,390
2705601001,1675
2705701001,2560
2705701002,1740
2705701003,3340
2705701004,1380
2705701005,900
2705701006,1555
2705702002,885
2705703001,230
2705703002,495
2705704001,190
2705801001,2015
2705801002,1300
2705801003,1005
2705901001,855
2705901002,815
2705901003,745
2706001001,990
2706001002,865
2706001003,435
2706001004,915
2706101001,1270
2706201001,755
2706301001,1645
2706301002,445
2706401001,1190
2706401002,705
2706501001,2065
2706501002,1135
2706501003,1670
2706501004,540
2706501005,150
2706501006,2400
2706501007,1100
2706502001,85
2706502002,750
2706502003,960
2706503001,910
2706503002,535
2706503003,490
2706504001,1090
2706504002,1000
2706601001,1625
2706601002,845
2706601003,2550
2706601004,1935
2706601005,2100
2706601006,1220
2706601007,1050
2706602001,1435
2706602002,1000
2706603001,625
2706604001,885
2706604002,675
2790101001,1525
2790101002,570
2790101003,740
2790201001,1845
2790201002,1035
2790201003,1675
2790201004,2210
2790201005,890
2790201006,1815
2800101001,65
2800201001,2000
2800201002,2085
2800301001,245
2800401001,2125
2800401002,3485
2800401003,2595
2800501001,1655
2800501002,970
2800501003,2235
2800501004,1480
2800501005,885
2800501006,1420
2800501007,1125
2800501008,820
2800501009,1140
2800501010,1195
2800501011,2035
2800501012,1475
2800501013,1040
2800501014,1200
2800501015,2070
2800501016,1175
2800501017,1100
2800501018,1685
2800501019,700
2800501020,1810
2800501021,1760
2800501022,1900
2800501023,1730
2800501024,1300
2800502001,1405
2800502002,750
2800502003,1305
2800502004,1440
2800502005,1305
2800502006,2200
2800502007,1420
2800502008,3325
2800502009,500
2800502010,1695
2800502011,1425
2800502012,1245
2800502013,425
2800502014,1070
2800502015,1120
2800502016,1710
2800502017,1310
2800502018,1645
2800502019,2585
2800502020,2115
2800502021,1675
2800502022,1590
2800502023,875
2800502024,1965
2800502025,955
2800502026,2480
2800502027,1815
2800502028,2140
2800502029,1780
2800502030,935
2800502031,2870
2800502032,1800
2800502033,1400
2800502034,1855
2800502035,1820
2800502036,1655
2800502037,830
2800503001,1590
2800503002,1120
2800503003,1620
2800503004,1910
2800503005,1370
2800503006,1740
2800503007,580
2800503008,1165
2800503009,1375
2800503010,405
2800503011,1875
2800503012,3020
2800503013,3010
2800503014,3615
2800503015,2370
2800503016,1800
2800503017,2315
2800504001,2230
2800504002,1955
2800504003,1635
2800504004,1155
2800504005,2005
2800504006,1930
2800504007,2235
2800504008,2255
2800504009,1860
2800504010,3095
2800504011,2355
2800504012,1555
2800504013,2155
2800504014,1795
2800504015,2560
2800504016,1685
2800505001,970
2800505002,1740
2800505003,1310
2800505004,1540
2800505005,1025
2800505006,1015
2800505007,1875
2800505008,1080
2800505009,1240
2800505010,905
2800505011,1560
2800505012,3110
2800505013,850
2800505014,2540
2800505015,1355
2800505016,1025
2800505017,1435
2800505018,770
2800505019,1045
2800505020,1645
2800505021,1730
2800505022,1600
2800505023,1350
2800505024,1550
2800505025,1340
2800505026,1545
2800505027,630
2800505028,755
2800505029,1775
2800505030,645
2800505031,2320
2800601001,1585
2800601002,1995
2800601003,1225
2800601004,1895
2800601005,515
2800601006,885
2800601007,1950
2800601008,1440
2800601009,2035
2800601011,645
2800601012,1045
2800601013,1250
2800601014,1710
2800601015,2160
2800601016,1170
2800601017,1095
2800601018,1335
2800601019,525
2800601020,980
2800601021,1360
2800601022,1175
2800601023,1670
2800601024,1015
2800601025,1830
2800601026,1125
2800601027,2455
2800601028,1710
2800601029,1460
2800601030,2125
2800601031,1755
2800601032,1455
2800601033,2525
2800601034,2520
2800601035,430
2800601036,2200
2800601037,3515
2800601038,1435
2800601039,2570
2800601040,2365
2800601041,2825
2800601042,1430
2800601043,1035
2800601044,1955
2800601045,2675
2800601046,670
2800601047,1415
2800601048,1205
2800601049,2300
2800601050,1975
2800601051,2365
2800601052,2640
2800601053,1935
2800601054,1880
2800601055,2720
2800601056,2820
2800601057,2590
2800601058,1780
2800601059,4150
2800601060,620
2800601061,920
2800601062,3845
2800601063,2080
2800701001,1180
2800701002,2560
2800701003,1965
2800701004,1020
2800701005,1555
2800701006,1140
2800701007,1370
2800701008,935
2800701009,575
2800701010,1415
2800701011,1150
2800701012,1465
2800701013,655
2800701014,780
2800701015,1335
2800701016,2650
2800701017,3440
2800701018,4345
2800702001,850
2800702002,855
2800702003,1335
2800702004,1050
2800702005,965
2800702006,1525
2800702007,915
2800702008,610
2800702009,1535
2800702010,940
2800702011,1565
2800702012,975
2800702013,1210
2800702014,1395
2800702015,1540
2800702016,2065
2800702017,1440
2800702019,2035
2800702020,1335
2800702021,1690
2800702022,1575
2800702023,540
2800702024,1150
2800702025,800
2800702026,405
2800702027,1185
2800702028,1035
2800702029,1220
2800702030,1125
2800702031,1895
2800702032,2075
2800702033,1925
2800702034,2845
2800702035,1510
2800702036,920
2800702037,1640
2800702038,2240
2800703001,2135
2800703002,1055
2800703003,730
2800703004,1180
2800703005,1405
2800703006,725
2800703007,1075
2800703008,630
2800703009,1385
2800703010,1465
2800703011,900
2800703012,1605
2800703013,1240
2800703014,2140
2800703015,1260
2800703016,1375
2800703017,1485
2800703018,1130
2800703019,1290
2800703020,1000
2800703021,1220
2800703022,690
2800703023,780
2800703024,1135
2800703025,975
2800703026,1270
2800703027,890
2800703028,665
2800703029,860
2800704001,635
2800704002,930
2800704003,1335
2800704004,1315
2800704005,1485
2800704006,1025
2800704007,1885
2800704008,1685
2800704009,1275
2800704010,785
2800704011,1360
2800704012,1025
2800704013,1525
2800704014,1005
2800704015,1545
2800704016,1185
2800704017,1155
2800704018,1455
2800704019,865
2800704020,1385
2800704021,980
2800704022,1155
2800704023,1850
2800704024,1465
2800704025,2645
2800704026,2450
2800704027,2555
2800704028,3090
2800704029,1570
2800704030,4590
2800704031,6280
2800801001,2545
2800901001,3155
2800901002,2080
2800901003,1575
2800901004,1350
2800901005,2520
2800901006,1370
2800901007,2270
2800901008,2135
2800901009,3825
2801001001,2580
2801001002,2260
2801001003,2365
2801001004,1950
2801001005,2985
2801001006,1355
2801101001,570
2801201001,1165
2801301001,1460
2801301002,2000
2801301003,2315
2801301004,1355
2801301005,1175
2801301006,1040
2801301007,1475
2801301008,1795
2801301009,1800
2801302001,1050
2801302002,2035
2801302003,2305
2801302004,1195
2801302005,2705
2801302006,1715
2801302007,2355
2801302008,1535
2801303001,1300
2801303002,2260
2801303003,2890
2801303004,1300
2801303005,1535
2801303006,1595
2801303007,1765
2801303008,1600
2801303009,1295
2801303010,2910
2801304001,835
2801304002,1295
2801304003,1080
2801304004,1985
2801304005,1975
2801401001,1080
2801401002,1860
2801401003,1635
2801401004,1985
2801401005,1375
2801401006,1035
2801401007,1480
2801401008,1980
2801401009,2455
2801401010,3335
2801401011,1435
2801401012,2710
2801401013,2995
2801401014,1565
2801401015,1955
2801401016,1470
2801401017,3165
2801401018,1695
2801401019,2040
2801401020,1710
2801401021,1970
2801401022,2650
2801401023,1750
2801401024,2255
2801401025,2520
2801401026,3200
2801501001,900
2801501002,2560
2801501003,1450
2801501004,2245
2801501005,1755
2801501006,2255
2801501007,4290
2801501008,1635
2801501009,2180
2801501010,1560
2801501011,1310
2801601001,105
2801701001,1535
2801801001,2455
2801801002,2800
2801901001,1560
2802001001,200
2802101001,595
2802201001,2270
2802201002,870
2802201003,1735
2802201004,2150
2802201005,1210
2802201006,1220
2802201007,1625
2802201008,610
2802201009,1150
2802201010,1940
2802201011,3225
2802201012,1915
2802201013,2590
2802201014,1845
2802201015,2635
2802201016,1660
2802201017,2260
2802201018,2230
2802201019,1355
2802201020,2840
2802201021,1455
2802201022,1585
2802201023,1415
2802201024,1670
2802201025,2940
2802301001,2475
2802301002,2990
2802301003,1460
2802401001,200
2802501001,465
2802601001,1460
2802601002,1825
2802601003,1310
2802601004,2435
2802601005,2665
2802701001,1920
2802801001,2150
2802901001,740
2803001001,2510
2803101001,2825
2803201001,2770
2803201002,1900
2803201003,2095
2803301001,3735
2803301002,1825
2803401001,470
2803501001,1950
2803601001,2100
2803601002,1170
2803701001,1280
2803701002,785
2803801001,2625
2803801002,1610
2803801003,2535
2803901001,180
2804001001,445
2804001002,1350
2804001003,1290
2804002001,2065
2804002002,1060
2804002003,2620
2804002004,4315
2804002005,2180
2804002006,2395
2804003001,1780
2804003002,2235
2804101001,1905
2804101002,2100
2804101003,2615
2804201001,1450
2804301001,1055
2804301002,2420
2804302001,1300
2804302002,2075
2804302003,1390
2804401001,1475
2804401002,2810
2804401003,2575
2804401004,1745
2804501001,3450
2804501002,2130
2804501003,1605
2804501004,2035
2804501005,1280
2804501006,2550
2804501007,1850
2804501008,2435
2804501009,2410
2804501010,2325
2804501011,1200
2804501012,2590
2804501013,855
2804501014,2320
2804501015,1610
2804501016,1795
2804501017,1705
2804501018,1575
2804501019,1205
2804501020,1880
2804501021,2580
2804501022,1005
2804501023,3160
2804601001,1575
2804601002,3490
2804601003,1555
2804701001,1750
2804701002,885
2804701003,2755
2804701004,3440
2804701005,4100
2804701006,1475
2804701007,1500
2804701008,1800
2804701009,2330
2804701010,1170
2804701011,1255
2804701012,2055
2804701013,2190
2804701014,3080
2804701015,1385
2804701016,2975
2804701017,3855
2804701018,2155
2804701019,1885
2804701020,1885
2804701021,1910
2804701022,1735
2804701023,1765
2804701024,1390
2804701025,1185
2804701026,2155
2804701027,1540
2804701028,1710
2804701029,1290
2804701030,2130
2804801001,630
2804901001,1260
2804901002,1840
2804901003,865
2804901004,2020
2804901005,1375
2804901006,1890
2804901007,2205
2804901008,1555
2804901009,1665
2804901010,2480
2804901011,1610
2804901013,2170
2804901014,1275
2804901015,2175
2804901016,2040
2804901017,995
2804901018,1660
2804901019,1485
2804901020,1485
2804901021,2010
2804901022,1415
2804901023,1770
2804901024,2190
2804902001,1825
2804902002,1470
2804902003,1285
2804902004,1665
2804902005,1645
2804902006,2270
2804902007,500
2804902008,1335
2804902009,1060
2804902010,1310
2804902011,1315
2804902012,1415
2804902013,1780
2804902014,2485
2804902015,2050
2804902016,1630
2804902017,1250
2804902018,1135
2804902019,1460
2804902020,1315
2804902021,1645
2804903001,1810
2804903002,2005
2804903003,1360
2804903004,2535
2804903005,1740
2804903006,1780
2804903007,1830
2804903008,1235
2804903009,1390
2804904002,1635
2804904003,465
2805001001,2065
2805001002,3110
2805101001,2110
2805201001,1815
2805201002,2135
2805201003,1270
2805301001,1750
2805301002,2040
2805301003,3080
2805301004,2600
2805401001,1995
2805401002,2605
2805401003,1690
2805401004,2400
2805402001,2735
2805402002,1185
2805402003,895
2805402004,1255
2805501001,1335
2805601001,1585
2805701001,2050
2805801002,1545
2805801003,1210
2805801004,2535
2805801005,1205
2805801006,745
2805801007,1085
2805802001,1545
2805802002,1750
2805802003,1750
2805802004,1495
2805802005,935
2805802006,1190
2805802007,890
2805802008,1210
2805802009,2010
2805802010,1570
2805802011,2185
2805802012,1815
2805802013,945
2805802014,1150
2805802015,735
2805802016,505
2805802017,1265
2805803001,1235
2805803002,1150
2805803003,1570
2805803004,1480
2805803005,1035
2805803006,970
2805803007,1270
2805803008,2090
2805803009,1950
2805803010,1155
2805804001,1360
2805804002,1160
2805804003,2290
2805804004,1030
2805804005,1905
2805804006,1530
2805804007,2545
2805804008,2675
2805804009,1845
2805804010,1555
2805804011,1605
2805804012,1525
2805804013,2195
2805804014,1880
2805804015,2245
2805804016,1450
2805805001,2930
2805805002,2170
2805805003,1155
2805805004,1360
2805805005,2100
2805805006,2950
2805806001,795
2805806002,1670
2805806003,2225
2805806004,2350
2805806005,1835
2805806006,2135
2805806007,2180
2805806008,2355
2805806009,1865
2805806010,1760
2805806011,1280
2805806012,1260
2805806013,2455
2805806014,2970
2805806015,1800
2805806016,2230
2805806017,2115
2805806018,1340
2805806019,2050
2805807001,1010
2805807002,1440
2805807003,1985
2805807004,1970
2805807005,1455
2805807006,1940
2805807007,1660
2805807008,1075
2805807009,1385
2805807010,920
2805807011,1280
2805807012,1065
2805807013,910
2805807014,4030
2805808001,1335
2805808002,705
2805808003,880
2805808004,1480
2805808005,1315
2805808006,2660
2805808007,1635
2805808008,2100
2805808009,3215
2805808010,1870
2805808011,1275
2805808012,1645
2805808013,2275
2805808014,1125
2805808015,1695
2805809001,1470
2805809002,2135
2805809003,1715
2805809004,1910
2805809005,2490
2805809006,2285
2805809007,2315
2805809008,2220
2805809009,2850
2805809010,2340
2805809011,2550
2805809012,1960
2805901001,2785
2805901002,1645
2805901003,1815
2806001001,1950
2806101001,2595
2806101002,3560
2806101003,3635
2806101004,3380
2806101005,2190
2806101006,2150
2806101007,2030
2806101008,2150
2806101009,3525
2806101010,925
2806101011,3205
2806101012,2030
2806101013,975
2806201001,390
2806301001,365
2806401001,190
2806501002,2335
2806501003,785
2806501004,1675
2806501005,2175
2806501006,2245
2806501007,1080
2806501008,1640
2806501009,1085
2806501010,1815
2806501011,1330
2806501012,1625
2806501013,1225
2806501014,845
2806501015,1025
2806501016,1600
2806501017,1380
2806501018,1565
2806501019,1405
2806502001,1185
2806502002,1370
2806502003,1925
2806502004,1700
2806502005,1275
2806502006,1780
2806502007,2465
2806502009,1335
2806502010,2045
2806502011,1170
2806502012,1580
2806502013,2720
2806502014,1600
2806502015,945
2806502016,3595
2806502017,2705
2806502018,1775
2806502019,2730
2806502020,2495
2806502021,2935
2806503001,1225
2806503002,1160
2806503003,1520
2806503004,790
2806503005,1650
2806503006,2295
2806503007,2225
2806503008,1060
2806503009,2110
2806503010,1190
2806503011,1135
2806503012,1305
2806503013,1175
2806503014,1690
2806503015,1060
2806503016,1875
2806503017,805
2806503018,1035
2806503019,1420
2806503020,805
2806503021,1850
2806503022,1280
2806503023,790
2806503024,1055
2806503025,1065
2806503026,1045
2806503027,1225
2806503028,1325
2806503029,1605
2806503030,2180
2806503031,900
2806503032,830
2806503033,3160
2806503034,1920
2806503035,1675
2806503036,1265
2806503037,1845
2806503038,2030
2806503039,2420
2806503040,1515
2806504001,1545
2806504002,1435
2806504003,1850
2806504004,1895
2806504005,1400
2806504006,1365
2806504007,1330
2806504008,650
2806504009,1065
2806504010,1630
2806504011,1110
2806504012,960
2806504013,1235
2806504014,925
2806504015,1340
2806504016,1900
2806504017,1460
2806504018,1065
2806504021,500
2806504022,365
2806504023,675
2806504024,860
2806504025,1340
2806504026,1260
2806504027,1220
2806504028,1300
2806504029,1890
2806504030,3065
2806504031,1785
2806504032,2400
2806504033,2350
2806601001,2610
2806601002,1465
2806601003,2305
2806601004,1455
2806601005,1585
2806701001,2120
2806701002,2270
2806701003,1555
2806801001,600
2806801002,3015
2806801003,1295
2806801004,2520
2806801005,2075
2806801006,2015
2806801007,1675
2806801008,1925
2806901001,55
2807001001,165
2807101001,95
2807201001,2845
2807201002,2185
2807201003,2660
2807301001,2880
2807301002,2825
2807301003,1300
2807301004,1580
2807301005,2035
2807301006,3300
2807301007,3010
2807301008,1920
2807401001,830
2807401002,1390
2807401003,1315
2807401004,1080
2807401005,1140
2807401006,1495
2807401007,1605
2807401008,1245
2807401009,1850
2807401010,785
2807401011,1025
2807401012,1020
2807401013,775
2807401014,1125
2807401015,810
2807401016,1185
2807401017,830
2807401018,2125
2807401019,1670
2807401020,1245
2807401021,640
2807401022,560
2807401023,755
2807401024,1390
2807401025,1780
2807402001,1425
2807402002,835
2807402003,1605
2807402004,595
2807402005,920
2807402006,1005
2807402007,415
2807402008,1330
2807402009,860
2807402010,840
2807402011,915
2807402012,480
2807402013,1805
2807402014,695
2807402015,1190
2807402016,1050
2807402017,1095
2807402019,655
2807402020,1335
2807402021,660
2807402022,525
2807403001,1270
2807403002,1225
2807403003,1235
2807403004,1315
2807403005,780
2807403006,1385
2807403007,1400
2807403008,955
2807403009,560
2807403010,655
2807403012,1295
2807403013,1425
2807403014,2955
2807403015,2110
2807403016,2445
2807403017,1325
2807403018,1935
2807403019,1655
2807403020,1630
2807403021,1730
2807404001,1830
2807404002,1450
2807404003,1160
2807404004,1140
2807404005,1525
2807404006,1015
2807404007,1125
2807404008,1110
2807404009,1210
2807404010,1265
2807404011,1035
2807404012,1720
2807404013,1470
2807404014,980
2807404015,1035
2807404016,820
2807404017,1335
2807404018,975
2807404019,1830
2807404020,1080
2807404021,1190
2807404022,1230
2807404023,1060
2807404024,1140
2807404025,1020
2807404026,1070
2807404027,960
2807404028,820
2807404029,1215
2807404030,1100
2807404031,945
2807404032,1745
2807404033,1000
2807404034,1135
2807404035,1375
2807404036,1460
2807404037,1810
2807404038,1480
2807404039,685
2807404040,935
2807404041,905
2807405001,1610
2807405002,2370
2807405003,1490
2807405004,770
2807405005,1455
2807405006,1285
2807405007,1335
2807405008,955
2807405009,1370
2807405010,2860
2807405011,545
2807405012,3370
2807405013,1315
2807405014,1215
2807405015,1690
2807405016,2110
2807405017,2185
2807405018,1295
2807405019,2565
2807406001,1205
2807406002,805
2807406003,2120
2807406004,2140
2807406005,810
2807406006,1215
2807406008,2290
2807406010,1950
2807407001,1155
2807407002,2115
2807407003,1730
2807407004,2460
2807407005,2270
2807407006,2480
2807501001,1900
2807501002,2875
2807501003,3120
2807601001,605
2807801001,50
2807901001,1205
2807901002,855
2807901003,1795
2807901004,1070
2807901006,1950
2807901007,1120
2807901008,885
2807901009,1235
2807901011,1465
2807901012,1025
2807901013,1295
2807901014,1855
2807901015,1815
2807901016,1115
2807901018,1890
2807901019,1330
2807901020,1055
2807901021,1735
2807901022,1445
2807901023,1375
2807901024,1895
2807901025,680
2807901026,870
2807901027,795
2807901028,845
2807901029,1115
2807901030,420
2807901031,760
2807901032,1955
2807901033,1575
2807901034,1825
2807901035,1695
2807901036,1145
2807901037,1040
2807901038,1050
2807901039,760
2807901040,820
2807901041,740
2807901042,640
2807901043,1575
2807901045,1355
2807901046,1165
2807901047,1340
2807901048,1425
2807901049,1550
2807901050,1715
2807901051,1495
2807901053,1085
2807901054,1100
2807901055,1215
2807901056,945
2807901057,1365
2807901058,645
2807901059,1470
2807901061,620
2807901062,850
2807901063,450
2807901064,370
2807901065,440
2807901066,1960
2807901067,1265
2807901068,860
2807901069,755
2807901071,685
2807901072,1410
2807901073,1185
2807901074,1955
2807901075,1200
2807901076,1260
2807901077,1345
2807901079,1355
2807901081,1835
2807901082,1575
2807901084,985
2807901087,1155
2807901088,1290
2807901089,1420
2807901090,890
2807901091,920
2807901092,640
2807901093,2445
2807901094,1575
2807901095,1390
2807901096,1035
2807901097,1395
2807901098,1640
2807901099,1290
2807901100,1435
2807901101,1635
2807901102,1015
2807901103,945
2807901104,1060
2807901105,1490
2807901106,1260
2807901107,1260
2807901108,1620
2807901109,900
2807901110,1140
2807901111,1090
2807901112,895
2807901113,1200
2807901114,1435
2807901115,1755
2807901116,1065
2807901117,1660
2807901118,595
2807901119,700
2807901120,855
2807901121,1630
2807901123,955
2807901124,965
2807902001,1000
2807902002,1760
2807902003,1120
2807902004,1015
2807902005,720
2807902006,2350
2807902007,940
2807902008,1460
2807902009,2435
2807902010,1050
2807902011,2125
2807902013,1390
2807902014,1230
2807902015,1370
2807902016,1705
2807902017,1400
2807902018,1445
2807902019,2765
2807902020,2865
2807902021,1185
2807902022,870
2807902023,1260
2807902024,1520
2807902025,780
2807902026,1395
2807902027,985
2807902028,855
2807902029,615
2807902030,1175
2807902031,1090
2807902032,890
2807902033,1125
2807902034,770
2807902035,1410
2807902036,795
2807902037,1190
2807902038,1155
2807902039,620
2807902040,1680
2807902041,2155
2807902042,1875
2807902043,920
2807902044,1110
2807902045,1185
2807902046,1755
2807902047,1700
2807902048,1305
2807902049,1710
2807902050,1935
2807902051,1820
2807902052,1455
2807902053,2410
2807902054,1520
2807902055,1335
2807902056,1050
2807902057,1155
2807902058,1620
2807902059,945
2807902060,1085
2807902061,1245
2807902062,1160
2807902063,1540
2807902064,1195
2807902065,1380
2807902066,1855
2807902067,745
2807902068,1310
2807902069,600
2807902070,1270
2807902071,1255
2807902072,1525
2807902073,1675
2807902074,1670
2807902075,1690
2807902077,1400
2807902078,555
2807902079,1515
2807902080,920
2807902081,1205
2807902082,1180
2807902083,770
2807902085,1055
2807902086,1085
2807902087,2405
2807902088,575
2807902089,1170
2807902090,1980
2807902091,1045
2807902092,1870
2807902093,1645
2807902094,2235
2807902095,2120
2807902096,2310
2807902097,3390
2807902098,1460
2807902099,2440
2807902100,1580
2807902101,3085
2807902102,1700
2807902103,2140
2807902104,3045
2807902105,2240
2807902106,2445
2807903001,1790
2807903002,945
2807903003,1025
2807903004,1130
2807903005,1135
2807903006,2170
2807903007,1150
2807903008,1180
2807903009,790
2807903010,1150
2807903011,995
2807903012,1395
2807903013,860
2807903014,1440
2807903015,1015
2807903016,595
2807903017,1590
2807903018,1605
2807903019,2145
2807903020,1210
2807903021,1895
2807903022,1060
2807903023,860
2807903024,1235
2807903025,2580
2807903026,1905
2807903027,1190
2807903028,1660
2807903029,1615
2807903030,795
2807903031,1105
2807903032,960
2807903033,1700
2807903034,1375
2807903035,730
2807903036,760
2807903037,1285
2807903038,1025
2807903039,790
2807903040,665
2807903041,1235
2807903042,1040
2807903044,1055
2807903045,890
2807903046,925
2807903047,1385
2807903048,885
2807903049,1960
2807903050,1230
2807903051,1510
2807903052,865
2807903053,1605
2807903054,1550
2807903055,975
2807903056,865
2807903057,770
2807903058,1190
2807903059,1130
2807903060,780
2807903061,1105
2807903062,715
2807903063,725
2807903064,1025
2807903065,895
2807903066,960
2807903067,1545
2807903068,895
2807903069,635
2807903070,475
2807903071,1130
2807903073,765
2807903074,1185
2807903076,890
2807903077,1825
2807903078,1815
2807903079,1475
2807903080,1710
2807903081,1545
2807903082,1280
2807903084,1420
2807903085,785
2807903086,835
2807903087,1880
2807903088,410
2807903089,1680
2807903090,1135
2807903091,1600
2807903092,2020
2807903093,995
2807903094,730
2807903095,2105
2807903096,2855
2807903097,3310
2807903098,1820
2807903099,1215
2807904001,850
2807904002,750
2807904003,755
2807904004,1145
2807904005,910
2807904006,760
2807904007,1150
2807904008,1335
2807904009,2030
2807904010,570
2807904011,1050
2807904012,1425
2807904013,940
2807904014,2100
2807904015,1390
2807904016,1020
2807904017,1310
2807904018,1380
2807904019,580
2807904020,675
2807904021,1190
2807904023,830
2807904024,1490
2807904025,730
2807904026,930
2807904027,1380
2807904028,1730
2807904029,1245
2807904030,1270
2807904031,590
2807904032,1010
2807904033,1080
2807904034,1845
2807904035,1475
2807904036,715
2807904037,745
2807904038,945
2807904039,650
2807904040,975
2807904041,1020
2807904042,1400
2807904043,1415
2807904044,1570
2807904045,1305
2807904046,655
2807904047,1145
2807904048,920
2807904049,1355
2807904050,590
2807904051,1245
2807904052,1145
2807904053,1180
2807904054,1375
2807904055,1780
2807904056,1630
2807904057,1480
2807904058,1075
2807904060,1370
2807904061,1170
2807904062,1180
2807904063,1215
2807904064,1005
2807904065,2275
2807904067,1140
2807904068,1225
2807904069,1730
2807904070,1245
2807904071,1120
2807904072,480
2807904073,1385
2807904074,1270
2807904075,845
2807904076,990
2807904077,1090
2807904078,600
2807904079,1025
2807904080,690
2807904081,1210
2807904082,1170
2807904083,895
2807904084,770
2807904085,1985
2807904086,2215
2807904087,2590
2807904088,1930
2807904089,1030
2807904090,1465
2807904091,1845
2807904092,890
2807904093,1150
2807904094,1460
2807904095,815
2807904096,750
2807904097,920
2807904098,1280
2807904099,1055
2807904100,825
2807904101,750
2807904102,990
2807904103,845
2807904104,1095
2807904105,1185
2807904106,1160
2807904107,545
2807904108,735
2807904109,1500
2807904110,1055
2807904111,1835
2807904112,1445
2807904113,1195
2807904114,955
2807904115,1030
2807904116,650
2807904117,1025
2807904118,810
2807904119,1935
2807904120,890
2807904121,915
2807904123,1050
2807904124,1025
2807904126,1210
2807904127,885
2807904128,790
2807904129,535
2807904130,815
2807905001,1155
2807905002,1610
2807905003,1595
2807905004,1125
2807905005,1365
2807905006,645
2807905007,1585
2807905008,1350
2807905009,1205
2807905010,1200
2807905011,945
2807905012,1220
2807905013,745
2807905014,1405
2807905015,1305
2807905016,615
2807905017,1425
2807905018,1180
2807905019,790
2807905020,1410
2807905021,755
2807905022,1545
2807905023,1070
2807905024,905
2807905025,1070
2807905026,1620
2807905027,2010
2807905028,1810
2807905029,1910
2807905030,1305
2807905031,1185
2807905032,1210
2807905033,2005
2807905034,1745
2807905035,1230
2807905036,1540
2807905037,1670
2807905038,1820
2807905039,1660
2807905040,650
2807905041,805
2807905042,1680
2807905043,1210
2807905044,1850
2807905045,1800
2807905046,1615
2807905047,1680
2807905048,1080
2807905049,1210
2807905051,1530
2807905052,1440
2807905053,2700
2807905054,1740
2807905055,1545
2807905056,1315
2807905057,900
2807905058,1690
2807905059,805
2807905060,1420
2807905061,2285
2807905062,1390
2807905063,720
2807905064,2160
2807905065,1210
2807905066,1205
2807905067,1820
2807905068,1915
2807905069,1030
2807905070,1600
2807905072,1520
2807905073,2145
2807905074,1470
2807905075,1950
2807905076,1655
2807905077,1475
2807905078,1090
2807905079,1630
2807905080,1135
2807905081,1335
2807905082,2005
2807905083,1605
2807905084,1585
2807905085,1985
2807905086,1475
2807905087,1985
2807905088,815
2807905089,520
2807905090,970
2807905091,975
2807905092,585
2807905093,850
2807905094,2330
2807905095,2315
2807905096,1740
2807905097,1595
2807905098,1400
2807905099,1785
2807905100,2070
2807905101,2665
2807905102,1140
2807906001,1160
2807906002,895
2807906003,1740
2807906004,1395
2807906005,1180
2807906006,1140
2807906007,915
2807906008,660
2807906009,1065
2807906010,1645
2807906011,1115
2807906012,1050
2807906013,765
2807906014,675
2807906015,715
2807906016,1260
2807906017,650
2807906018,1740
2807906019,2330
2807906021,2075
2807906023,1470
2807906024,995
2807906025,1685
2807906026,1050
2807906027,1165
2807906028,1475
2807906029,1790
2807906031,1080
2807906032,1340
2807906033,1350
2807906034,815
2807906035,1025
2807906036,1130
2807906037,1200
2807906038,590
2807906039,770
2807906040,1030
2807906041,1655
2807906042,2375
2807906043,1400
2807906044,975
2807906045,680
2807906046,1210
2807906048,1135
2807906049,965
2807906050,635
2807906051,960
2807906052,805
2807906053,1100
2807906054,1010
2807906056,1940
2807906057,1300
2807906058,1070
2807906059,2095
2807906060,905
2807906061,925
2807906062,2165
2807906063,815
2807906064,650
2807906065,1045
2807906066,1215
2807906067,770
2807906068,1325
2807906069,1500
2807906070,1155
2807906071,1085
2807906072,2800
2807906073,1725
2807906074,1550
2807906075,595
2807906076,1280
2807906077,570
2807906078,620
2807906079,1195
2807906080,1195
2807906081,2185
2807906084,1295
2807906085,845
2807906089,1240
2807906090,2055
2807906091,1760
2807906092,1090
2807906093,1390
2807906094,1530
2807906095,1295
2807906096,1200
2807906097,1175
2807906098,750
2807906099,1120
2807906101,1445
2807906102,1540
2807906103,1405
2807906104,1280
2807906105,2685
2807906106,1055
2807906107,1835
2807906108,1780
2807906109,1480
2807906110,2020
2807906111,2225
2807906112,965
2807906113,1015
2807906114,2140
2807906115,700
2807906116,2300
2807906117,2130
2807906118,820
2807906119,1235
2807906120,1090
2807906121,1030
2807906122,1520
2807906123,1125
2807906124,790
2807906125,1660
2807906126,1390
2807906127,1270
2807906128,1240
2807906129,2135
2807907001,1350
2807907002,850
2807907003,1190
2807907004,1160
2807907005,515
2807907006,1715
2807907007,620
2807907008,1275
2807907009,860
2807907010,1040
2807907011,1240
2807907012,1760
2807907013,800
2807907014,1510
2807907015,880
2807907016,1335
2807907017,830
2807907018,1590
2807907019,1245
2807907021,2125
2807907023,1130
2807907024,860
2807907025,1030
2807907026,1745
2807907028,1010
2807907030,1125
2807907031,1145
2807907032,1410
2807907034,1770
2807907035,820
2807907036,1795
2807907038,970
2807907039,1145
2807907040,1610
2807907041,1015
2807907042,1070
2807907043,895
2807907044,955
2807907045,1120
2807907046,1135
2807907047,815
2807907048,1620
2807907049,930
2807907050,905
2807907051,825
2807907052,495
2807907053,1575
2807907055,575
2807907056,720
2807907057,995
2807907058,1410
2807907059,1200
2807907060,775
2807907061,1205
2807907062,600
2807907063,1225
2807907064,920
2807907065,1475
2807907066,1410
2807907067,1250
2807907068,885
2807907069,600
2807907070,1595
2807907071,770
2807907072,1475
2807907073,1230
2807907075,960
2807907076,700
2807907078,975
2807907079,765
2807907080,1370
2807907081,760
2807907082,830
2807907083,685
2807907084,840
2807907085,1470
2807907086,870
2807907087,1030
2807907088,1265
2807907089,1470
2807907090,755
2807907091,655
2807907092,660
2807907093,945
2807907094,1310
2807907095,1115
2807907096,1195
2807907097,1135
2807907098,1170
2807907099,1060
2807907100,1005
2807907101,1830
2807907102,1210
2807907103,1090
2807907104,455
2807907105,1160
2807907106,915
2807907107,965
2807907108,875
2807907109,760
2807907110,835
2807907111,1420
2807907112,875
2807907113,895
2807907114,2000
2807907115,1630
2807907116,1150
2807907117,1240
2807907118,1295
2807907119,1290
2807907120,980
2807907121,2275
2807907122,1475
2807907123,1215
2807907124,685
2807907125,980
2807907126,1075
2807907127,1095
2807907128,945
2807907129,835
2807907130,1140
2807907131,1385
2807907132,745
2807907133,1090
2807907134,665
2807907135,865
2807908001,870
2807908002,380
2807908003,1430
2807908004,620
2807908005,1040
2807908006,1290
2807908007,1120
2807908008,1760
2807908009,1765
2807908010,775
2807908011,795
2807908012,1125
2807908013,2135
2807908014,710
2807908015,875
2807908016,695
2807908017,1495
2807908018,850
2807908019,765
2807908020,905
2807908021,1115
2807908022,930
2807908023,1360
2807908024,2035
2807908025,835
2807908026,1580
2807908027,1210
2807908028,1005
2807908029,1290
2807908030,1380
2807908031,1270
2807908032,665
2807908033,875
2807908034,1580
2807908035,1215
2807908036,1360
2807908037,660
2807908038,1010
2807908039,1045
2807908040,855
2807908041,615
2807908042,1485
2807908043,1380
2807908044,1470
2807908045,865
2807908046,1045
2807908047,1330
2807908048,940
2807908049,2315
2807908050,1950
2807908051,1375
2807908052,1985
2807908053,1360
2807908054,1780
2807908055,1745
2807908056,1165
2807908057,1135
2807908058,1055
2807908059,965
2807908060,1410
2807908061,850
2807908062,785
2807908063,1290
2807908064,1045
2807908065,840
2807908066,920
2807908067,1400
2807908068,955
2807908069,750
2807908071,930
2807908072,1065
2807908073,925
2807908074,1120
2807908075,640
2807908076,705
2807908077,990
2807908078,935
2807908079,920
2807908080,1055
2807908081,765
2807908082,950
2807908083,1115
2807908084,930
2807908085,1115
2807908086,750
2807908087,625
2807908088,800
2807908089,685
2807908090,1030
2807908091,645
2807908092,995
2807908093,980
2807908094,985
2807908095,1805
2807908096,1295
2807908097,815
2807908098,1540
2807908099,1285
2807908100,1265
2807908102,1640
2807908103,1260
2807908104,1680
2807908105,705
2807908106,755
2807908107,570
2807908108,475
2807908109,1325
2807908110,1055
2807908111,1185
2807908112,800
2807908113,870
2807908114,705
2807908115,675
2807908116,840
2807908117,920
2807908119,1165
2807908120,700
2807908121,1015
2807908122,715
2807908123,960
2807908124,1630
2807908125,1270
2807908126,1095
2807908128,2520
2807908129,100
2807908130,230
2807908131,2900
2807908132,710
2807908133,980
2807908134,1465
2807908135,2495
2807908136,1100
2807908137,1325
2807908138,1260
2807908139,1115
2807908140,750
2807908141,915
2807908142,1165
2807908143,1290
2807908144,1200
2807908145,1725
2807908146,1160
2807908147,1690
2807908148,2220
2807908149,750
2807908150,1130
2807908151,1050
2807908152,1380
2807908153,1925
2807908154,2060
2807908155,2725
2807908156,2505
2807908157,750
2807908158,1845
2807908159,2525
2807908160,3235
2807908161,3820
2807908162,1590
2807908163,2005
2807908164,2985
2807908165,3595
2807908166,955
2807908167,3060
2807908168,2880
2807908169,2520
2807908170,2575
2807908171,3350
2807908172,3525
2807908173,3480
2807908174,3415
2807908175,860
2807908176,1625
2807909001,1310
2807909002,1105
2807909004,1565
2807909005,755
2807909006,645
2807909007,1375
2807909008,1240
2807909009,875
2807909010,2385
2807909011,1690
2807909012,710
2807909013,1285
2807909014,2025
2807909015,1340
2807909016,1255
2807909017,825
2807909018,1310
2807909019,1535
2807909020,905
2807909021,995
2807909022,1225
2807909023,1325
2807909024,640
2807909025,950
2807909026,1435
2807909028,2060
2807909029,960
2807909030,1050
2807909031,595
2807909033,1500
2807909034,2120
2807909035,1090
2807909036,1145
2807909037,2405
2807909038,995
2807909039,1055
2807909040,945
2807909041,1360
2807909043,1720
2807909044,955
2807909045,915
2807909046,1305
2807909047,1375
2807909049,1065
2807909050,980
2807909051,1290
2807909052,2045
2807909053,2895
2807909054,1440
2807909055,1795
2807909056,2800
2807909057,880
2807909058,835
2807909060,1785
2807909061,795
2807909063,1365
2807909064,1275
2807909065,1230
2807909066,740
2807909067,1185
2807909068,935
2807909069,905
2807909070,845
2807909071,1890
2807909072,2445
2807909073,2235
2807909074,1935
2807909075,2015
2807909076,840
2807909077,740
2807909078,1340
2807909079,2195
2807909080,3065
2807909081,855
2807909082,1070
2807909083,2915
2807909084,860
2807909085,1690
2807909086,2850
2807909087,2555
2807909088,2825
2807910001,1055
2807910002,710
2807910003,895
2807910004,550
2807910005,1130
2807910006,2955
2807910007,820
2807910008,1335
2807910009,955
2807910010,660
2807910011,795
2807910012,1245
2807910013,645
2807910014,980
2807910015,980
2807910016,1005
2807910017,1230
2807910018,745
2807910020,985
2807910021,1220
2807910022,875
2807910023,660
2807910024,1085
2807910025,1585
2807910026,1210
2807910027,1115
2807910028,705
2807910029,1340
2807910030,1530
2807910031,1515
2807910032,1605
2807910033,935
2807910034,1160
2807910035,820
2807910036,1450
2807910037,1505
2807910038,1120
2807910039,1270
2807910040,695
2807910041,1760
2807910042,1425
2807910043,2260
2807910044,600
2807910046,1415
2807910047,485
2807910048,1005
2807910049,1140
2807910050,1275
2807910051,1290
2807910052,1190
2807910053,1895
2807910054,1285
2807910055,950
2807910056,900
2807910057,1225
2807910058,895
2807910059,1515
2807910060,2250
2807910061,1905
2807910062,560
2807910063,860
2807910065,775
2807910067,985
2807910068,910
2807910069,805
2807910070,980
2807910071,445
2807910072,1645
2807910073,715
2807910074,720
2807910075,945
2807910076,595
2807910077,725
2807910078,1340
2807910081,685
2807910082,905
2807910083,495
2807910084,1285
2807910086,1270
2807910087,965
2807910088,1045
2807910089,985
2807910090,850
2807910091,840
2807910092,560
2807910093,655
2807910094,1000
2807910095,1535
2807910096,1740
2807910098,1070
2807910099,1115
2807910100,970
2807910101,1210
2807910102,680
2807910103,1310
2807910104,675
2807910105,495
2807910106,1140
2807910107,1060
2807910108,685
2807910109,1215
2807910110,605
2807910111,715
2807910112,1340
2807910113,970
2807910114,1895
2807910115,1295
2807910116,1745
2807910117,1460
2807910118,1385
2807910119,1785
2807910120,1190
2807910121,1575
2807910122,1270
2807910123,810
2807910124,2130
2807910125,900
2807910126,1610
2807910127,1300
2807910128,1675
2807910129,715
2807910130,1800
2807910131,1280
2807910132,705
2807910133,1550
2807910134,860
2807910135,1145
2807910136,1780
2807910137,1030
2807910138,820
2807910139,715
2807910140,835
2807910142,1300
2807910143,1230
2807910144,1445
2807910145,1800
2807910146,855
2807910147,975
2807910148,970
2807910149,835
2807910150,570
2807910151,1225
2807910152,560
2807910153,3260
2807910154,635
2807910156,840
2807910157,810
2807910158,1295
2807910159,1315
2807910161,1855
2807910162,1140
2807910163,1070
2807910164,1000
2807910165,1065
2807910167,2610
2807910168,1280
2807910169,845
2807910170,1345
2807910171,1250
2807910172,955
2807910173,1480
2807910174,1115
2807910175,945
2807910176,1565
2807910178,1030
2807910179,1140
2807910180,1315
2807910181,1520
2807910182,1170
2807910183,940
2807910184,1150
2807910185,940
2807910187,1420
2807910188,1370
2807910189,1730
2807910190,1200
2807910191,1800
2807910192,1185
2807910193,735
2807910194,995
2807910195,750
2807910196,675
2807910197,1450
2807910198,1695
2807910199,2070
2807910201,1140
2807910202,700
2807910203,1545
2807910204,1180
2807910205,1670
2807910206,1850
2807910207,1350
2807910209,1650
2807910210,1265
2807910211,1145
2807910212,960
2807910213,2560
2807910214,2355
2807910215,1080
2807910216,2465
2807910217,1000
2807910218,1295
2807910219,1635
2807910220,2310
2807911001,1305
2807911002,1715
2807911003,1815
2807911004,1870
2807911005,1110
2807911006,1260
2807911007,2105
2807911010,885
2807911011,655
2807911012,2245
2807911013,1455
2807911015,1630
2807911016,980
2807911017,1450
2807911018,805
2807911019,1070
2807911021,1370
2807911022,1395
2807911023,1055
2807911024,1315
2807911025,780
2807911026,1665
2807911028,795
2807911029,825
2807911030,1410
2807911031,1165
2807911032,1080
2807911033,1060
2807911034,610
2807911035,1020
2807911036,620
2807911037,1220
2807911038,775
2807911039,1245
2807911040,625
2807911041,1770
2807911042,1160
2807911043,910
2807911044,2775
2807911045,575
2807911046,620
2807911047,1195
2807911048,1075
2807911049,1900
2807911050,1470
2807911051,1020
2807911052,530
2807911054,1985
2807911055,1260
2807911056,1460
2807911057,980
2807911058,960
2807911059,1945
2807911060,1455
2807911061,835
2807911062,1410
2807911063,2050
2807911065,1595
2807911066,830
2807911067,3510
2807911068,1205
2807911069,2435
2807911070,1270
2807911071,2115
2807911072,1245
2807911073,1210
2807911074,905
2807911075,1025
2807911078,980
2807911079,935
2807911080,1205
2807911081,1570
2807911082,775
2807911083,1300
2807911084,495
2807911085,1095
2807911086,665
2807911087,1155
2807911088,2155
2807911089,1770
2807911091,2025
2807911092,1055
2807911093,1145
2807911094,1670
2807911095,1250
2807911096,920
2807911097,1035
2807911098,1600
2807911099,1210
2807911100,2075
2807911101,1460
2807911102,1690
2807911103,1215
2807911104,905
2807911105,440
2807911106,1090
2807911107,1205
2807911108,850
2807911109,1325
2807911110,600
2807911111,1055
2807911112,1110
2807911113,1860
2807911114,1985
2807911115,1470
2807911116,1215
2807911117,1495
2807911118,1175
2807911119,1170
2807911120,1340
2807911121,1300
2807911122,1055
2807911123,250
2807911124,1780
2807911125,1605
2807911126,2875
2807911128,1025
2807911129,405
2807911130,1470
2807911131,1325
2807911132,740
2807911133,1160
2807911134,1250
2807911135,1795
2807911136,1130
2807911137,2340
2807911138,940
2807911139,955
2807911140,1430
2807911141,1240
2807911142,630
2807911143,1400
2807911145,1260
2807911146,1905
2807911147,2100
2807911148,2045
2807911149,1075
2807911150,1480
2807911151,1175
2807911152,2480
2807911153,1570
2807911154,1360
2807911155,2675
2807911156,2645
2807911157,1250
2807911158,1005
2807911159,535
2807911160,1010
2807911161,645
2807911162,515
2807911163,1655
2807911165,1795
2807911167,970
2807911168,725
2807911169,2855
2807911170,1225
2807911171,835
2807911172,995
2807911173,1045
2807911174,830
2807911175,1415
2807911176,1275
2807911177,1715
2807911178,760
2807911179,965
2807911180,900
2807911181,1205
2807911182,3000
2807911183,2695
2807911184,1360
2807911185,1545
2807911186,1725
2807911187,2990
2807911188,2275
2807911189,2675
2807911190,3240
2807911191,2310
2807911192,2095
2807911193,1220
2807911194,1085
2807912001,850
2807912002,880
2807912003,905
2807912005,1180
2807912006,545
2807912007,1795
2807912008,1255
2807912009,840
2807912010,1170
2807912011,1010
2807912012,1165
2807912013,710
2807912014,1200
2807912015,1750
2807912016,1820
2807912018,1290
2807912019,505
2807912020,880
2807912021,585
2807912022,470
2807912023,1485
2807912024,1885
2807912027,1820
2807912028,945
2807912029,830
2807912030,1570
2807912031,1010
2807912032,2290
2807912033,1690
2807912034,1860
2807912036,735
2807912037,1890
2807912039,1140
2807912040,515
2807912041,685
2807912042,1105
2807912043,1625
2807912044,1180
2807912045,1100
2807912046,1245
2807912047,1745
2807912048,1215
2807912049,1195
2807912050,955
2807912051,1205
2807912052,1205
2807912053,2170
2807912054,925
2807912055,1010
2807912056,910
2807912057,1895
2807912059,1805
2807912061,2205
2807912062,1590
2807912064,1765
2807912065,780
2807912066,1005
2807912067,1525
2807912069,1645
2807912070,1090
2807912071,1830
2807912073,1545
2807912074,780
2807912075,1955
2807912077,1810
2807912078,1515
2807912079,1000
2807912080,1305
2807912081,1450
2807912082,1850
2807912083,2135
2807912084,650
2807912086,910
2807912087,1575
2807912088,3075
2807912089,980
2807912090,1180
2807912091,1840
2807912092,1600
2807912093,1400
2807912094,2715
2807912096,1270
2807912097,850
2807912098,2010
2807912099,1195
2807912100,1380
2807912101,2505
2807912102,2825
2807912103,1745
2807912104,4390
2807912105,1265
2807912106,2720
2807912107,2545
2807912108,2805
2807913002,945
2807913003,575
2807913004,575
2807913005,455
2807913006,770
2807913007,745
2807913008,1250
2807913010,850
2807913011,825
2807913012,900
2807913013,1300
2807913014,415
2807913015,475
2807913016,805
2807913017,1055
2807913018,1095
2807913019,535
2807913021,630
2807913022,740
2807913023,835
2807913024,685
2807913025,595
2807913026,680
2807913027,600
2807913028,505
2807913029,1190
2807913030,1025
2807913031,1420
2807913032,1245
2807913033,900
2807913034,1095
2807913035,2495
2807913036,1305
2807913037,925
2807913038,635
2807913039,785
2807913040,830
2807913041,1235
2807913042,2850
2807913043,1020
2807913044,1895
2807913045,1375
2807913046,1195
2807913047,1270
2807913048,720
2807913049,1840
2807913050,940
2807913052,1240
2807913053,1275
2807913054,2110
2807913055,1500
2807913056,1375
2807913057,1610
2807913058,1305
2807913059,1180
2807913060,1405
2807913061,1135
2807913062,1450
2807913063,705
2807913064,610
2807913065,890
2807913066,905
2807913069,640
2807913074,2895
2807913077,1280
2807913078,2425
2807913079,1715
2807913080,1070
2807913083,2205
2807913084,935
2807913086,1285
2807913087,645
2807913088,1050
2807913089,915
2807913090,980
2807913091,1170
2807913092,1755
2807913094,2325
2807913103,825
2807913104,1950
2807913108,2355
2807913109,2510
2807913110,1175
2807913111,885
2807913112,1710
2807913114,855
2807913115,1980
2807913116,775
2807913117,755
2807913118,575
2807913119,1525
2807913120,1130
2807913121,1005
2807913122,965
2807913123,1510
2807913124,1520
2807913125,1030
2807913126,1165
2807913127,2800
2807913128,1260
2807913129,705
2807913131,515
2807913132,825
2807913133,730
2807913134,945
2807913135,640
2807913136,1410
2807913137,2205
2807913138,1100
2807913139,1535
2807913140,2375
2807913142,1505
2807913143,605
2807913144,1925
2807913145,685
2807913146,1270
2807913147,925
2807913148,1070
2807913150,1275
2807913153,1695
2807913154,940
2807913155,1735
2807913156,615
2807913157,920
2807913158,1780
2807913160,1545
2807913161,685
2807913162,615
2807913163,895
2807913164,790
2807913166,1155
2807913168,2750
2807913169,1835
2807913170,720
2807913171,630
2807913172,1750
2807913173,1325
2807913174,1680
2807913175,1885
2807913176,1640
2807913177,1925
2807913178,975
2807913179,680
2807913180,815
2807913181,1175
2807913182,1345
2807913183,1605
2807913184,1585
2807913185,1185
2807913186,1680
2807913187,1185
2807913189,1060
2807913190,2270
2807913191,2555
2807913192,1305
2807913193,970
2807913194,1625
2807913195,1590
2807913196,1285
2807913197,2250
2807913198,855
2807913199,2770
2807913200,1245
2807913201,770
2807913202,1980
2807913203,2625
2807913204,2315
2807913205,1675
2807913206,2135
2807913207,3535
2807913208,2605
2807913209,2100
2807913210,2900
2807913211,1040
2807913212,1100
2807913213,1515
2807913214,990
2807913215,855
2807913216,2410
2807914001,640
2807914002,1645
2807914003,785
2807914004,1400
2807914005,790
2807914006,675
2807914010,1085
2807914011,975
2807914012,845
2807914013,790
2807914014,785
2807914015,785
2807914016,975
2807914017,795
2807914018,1525
2807914019,565
2807914020,895
2807914021,965
2807914022,1060
2807914023,705
2807914024,1040
2807914025,1335
2807914026,1050
2807914027,1785
2807914028,1020
2807914029,1140
2807914030,1530
2807914031,925
2807914032,1210
2807914033,705
2807914034,1220
2807914035,720
2807914036,1090
2807914037,740
2807914038,745
2807914039,1435
2807914040,2025
2807914041,1240
2807914042,960
2807914043,685
2807914044,605
2807914045,830
2807914046,925
2807914047,880
2807914048,1095
2807914049,1515
2807914050,1095
2807914051,1210
2807914052,1270
2807914053,1245
2807914054,1230
2807914055,925
2807914056,1035
2807914057,845
2807914058,985
2807914059,1540
2807914060,865
2807914061,1440
2807914062,1280
2807914063,920
2807914064,1405
2807914065,740
2807914066,785
2807914067,945
2807914068,380
2807914069,705
2807914070,590
2807914071,820
2807914072,735
2807914073,840
2807914074,470
2807914075,795
2807914076,1110
2807914077,820
2807914078,520
2807914079,1140
2807914080,1465
2807914081,2575
2807914082,795
2807914083,1365
2807914084,970
2807914085,2630
2807914086,1600
2807914087,1235
2807914088,1255
2807914089,2320
2807914090,3230
2807914091,2395
2807914092,1065
2807915001,1050
2807915002,1220
2807915003,1175
2807915004,390
2807915005,770
2807915006,1100
2807915007,465
2807915008,670
2807915009,1060
2807915010,770
2807915011,1165
2807915012,710
2807915013,1055
2807915014,880
2807915015,840
2807915016,1085
2807915017,640
2807915018,720
2807915019,1070
2807915020,910
2807915021,695
2807915022,1105
2807915023,1335
2807915024,980
2807915025,1020
2807915026,1255
2807915027,810
2807915028,1105
2807915029,1015
2807915030,1110
2807915031,860
2807915032,1240
2807915033,1265
2807915034,635
2807915035,1205
2807915036,540
2807915037,1335
2807915038,2145
2807915039,1980
2807915040,1805
2807915041,2100
2807915042,1490
2807915043,1310
2807915044,1210
2807915045,1255
2807915046,1305
2807915047,1180
2807915048,1200
2807915049,1415
2807915050,810
2807915051,1335
2807915052,585
2807915053,1295
2807915054,1025
2807915055,930
2807915056,860
2807915057,1120
2807915058,755
2807915059,1295
2807915060,1345
2807915061,1910
2807915062,2175
2807915065,1620
2807915066,585
2807915067,910
2807915068,1495
2807915069,2570
2807915070,1930
2807915071,1290
2807915073,1765
2807915074,1690
2807915075,2065
2807915076,905
2807915077,1180
2807915078,875
2807915079,735
2807915080,945
2807915081,1715
2807915082,1520
2807915083,1190
2807915084,965
2807915085,1895
2807915086,930
2807915087,1540
2807915088,1590
2807915089,1030
2807915090,1720
2807915092,1740
2807915093,1165
2807915094,1140
2807915095,740
2807915096,925
2807915097,520
2807915098,655
2807915099,985
2807915100,1305
2807915101,710
2807915102,835
2807915103,1135
2807915104,760
2807915105,575
2807915106,960
2807915107,555
2807915108,925
2807915109,1315
2807915110,810
2807915111,820
2807915112,1680
2807915113,1480
2807915114,625
2807915115,2135
2807915116,1230
2807915117,1720
2807915118,1170
2807915119,1155
2807915120,1110
2807915121,900
2807915122,1215
2807915123,1460
2807915124,1635
2807915125,1040
2807915126,1145
2807915127,1605
2807915128,3165
2807915129,795
2807915130,980
2807915131,1090
2807915132,1405
2807915133,1830
2807915134,1210
2807915135,1825
2807915136,815
2807915138,1850
2807915139,935
2807915140,900
2807915141,1190
2807915142,1310
2807915143,2035
2807915144,1545
2807915145,750
2807915146,1195
2807915147,1240
2807915148,1400
2807915149,1775
2807915150,1750
2807915151,1415
2807915153,745
2807915154,1475
2807915155,1425
2807915156,1560
2807915157,1295
2807915158,1090
2807915159,1575
2807915160,2085
2807915161,2150
2807915162,1705
2807915163,1685
2807915164,1090
2807915165,1000
2807915166,860
2807915167,1065
2807915168,1690
2807915170,2410
2807915171,870
2807915172,1465
2807915173,2005
2807915174,1555
2807915175,1445
2807915176,1720
2807915177,1135
2807915178,1680
2807915179,1765
2807915180,2930
2807915181,1090
2807915182,920
2807916001,1635
2807916002,4175
2807916003,2735
2807916004,2460
2807916005,2115
2807916006,1920
2807916007,2050
2807916008,865
2807916009,1005
2807916011,1290
2807916012,740
2807916013,1400
2807916014,830
2807916015,1235
2807916016,1175
2807916017,1035
2807916018,730
2807916019,1015
2807916020,1295
2807916021,1195
2807916022,1395
2807916024,2225
2807916025,2790
2807916026,725
2807916027,650
2807916028,1155
2807916029,1020
2807916030,1950
2807916031,1270
2807916032,1650
2807916033,1920
2807916034,1875
2807916035,1170
2807916036,2660
2807916037,945
2807916038,1335
2807916039,1130
2807916040,1400
2807916041,1240
2807916042,965
2807916043,860
2807916044,940
2807916045,1765
2807916046,1975
2807916047,580
2807916048,2155
2807916049,1485
2807916050,1890
2807916051,1205
2807916052,1930
2807916053,1225
2807916054,860
2807916055,850
2807916056,895
2807916057,1005
2807916058,1410
2807916059,1635
2807916060,1520
2807916061,1485
2807916062,595
2807916063,960
2807916064,1295
2807916065,1180
2807916066,1255
2807916067,1180
2807916069,1005
2807916070,1940
2807916071,1150
2807916072,850
2807916073,1200
2807916074,710
2807916075,1315
2807916076,895
2807916077,1260
2807916078,1115
2807916079,1890
2807916080,770
2807916081,1030
2807916082,790
2807916083,2170
2807916085,1505
2807916086,1795
2807916087,755
2807916088,1365
2807916089,820
2807916090,1285
2807916091,2135
2807916092,1185
2807916093,970
2807916096,1650
2807916097,1730
2807916098,1635
2807916099,1855
2807916100,1360
2807916101,1300
2807916102,3255
2807916103,1960
2807916104,2435
2807916105,995
2807916106,1640
2807916107,1140
2807916108,3090
2807916109,2060
2807916110,2475
2807916111,2330
2807916112,1630
2807916113,1845
2807916114,4325
2807916115,2300
2807916116,710
2807916117,2000
2807916118,2280
2807916119,2960
2807916120,1665
2807917002,1515
2807917003,920
2807917004,1155
2807917005,965
2807917006,1165
2807917007,790
2807917008,1005
2807917009,585
2807917010,1425
2807917011,870
2807917012,1090
2807917013,630
2807917014,830
2807917015,970
2807917016,910
2807917017,1000
2807917018,955
2807917019,865
2807917020,515
2807917021,955
2807917022,990
2807917023,1570
2807917024,1295
2807917025,910
2807917026,1050
2807917027,1545
2807917028,645
2807917029,3400
2807917031,2160
2807917032,3750
2807917033,1025
2807917035,725
2807917036,625
2807917037,985
2807917038,1355
2807917039,820
2807917041,1200
2807917042,695
2807917043,1445
2807917045,3695
2807917046,2240
2807917047,3580
2807917048,2215
2807917049,1745
2807917050,2045
2807917051,1010
2807917052,835
2807917053,1175
2807917054,1235
2807917055,2105
2807917057,1810
2807917058,1625
2807917059,1090
2807917060,645
2807917061,950
2807917062,940
2807917063,815
2807917064,685
2807917065,855
2807917066,2425
2807917068,1435
2807917069,1405
2807917070,1555
2807917071,1885
2807917072,1145
2807917073,1665
2807917074,1305
2807917075,1775
2807917076,1120
2807917078,1085
2807917079,1125
2807917080,1635
2807917082,1325
2807917083,1320
2807917084,700
2807917085,720
2807917086,710
2807917087,1380
2807917089,1315
2807917090,1680
2807917091,840
2807917092,615
2807917093,465
2807917094,925
2807917095,765
2807917096,2510
2807917097,1665
2807917098,830
2807917099,1060
2807917100,1400
2807917101,1920
2807917102,1710
2807917103,2755
2807917104,2305
2807917105,2145
2807917106,2870
2807917107,2905
2807917108,2300
2807917109,1275
2807917110,2375
2807917111,2630
2807917112,2595
2807918002,1385
2807918003,665
2807918004,925
2807918005,1225
2807918006,1095
2807918007,530
2807918008,920
2807918009,1335
2807918010,1065
2807918011,630
2807918012,1460
2807918013,1045
2807918014,925
2807918015,1050
2807918016,930
2807918017,565
2807918018,1560
2807918019,1385
2807918020,1160
2807918021,875
2807918022,1530
2807918023,950
2807918024,1085
2807918025,2005
2807918026,1985
2807918027,1750
2807918028,1965
2807918029,1940
2807918030,650
2807918031,955
2807918032,1440
2807918033,1370
2807918034,1245
2807918035,1035
2807918036,1370
2807918037,715
2807918038,865
2807918039,1270
2807918040,1690
2807918041,1355
2807918042,1545
2807918043,1865
2807918044,1335
2807918045,1525
2807918046,3370
2807918047,3645
2807918048,1185
2807918049,2535
2807918050,3845
2807918051,3305
2807918052,2110
2807918053,4510
2807918054,3815
2807918055,2370
2807918056,4380
2807918057,2335
2807918058,1845
2807919001,3090
2807919002,1910
2807919003,1375
2807919004,635
2807919005,1355
2807919006,750
2807919007,1345
2807919008,1280
2807919009,1575
2807919011,770
2807919012,990
2807919014,830
2807919015,975
2807919016,1465
2807919018,970
2807919019,1130
2807919020,1100
2807919021,990
2807919022,775
2807919023,1450
2807919024,960
2807919025,1250
2807919026,930
2807919027,1570
2807919028,2105
2807919029,810
2807919032,1655
2807919033,2870
2807919034,3370
2807919035,1850
2807919036,2565
2807919037,2280
2807919038,1850
2807919039,1520
2807919040,2065
2807919041,1305
2807919042,3025
2807919043,1595
2807919044,1640
2807919045,1550
2807919046,2020
2807919047,2470
2807919048,1940
2807919049,1895
2807920001,1695
2807920002,1600
2807920003,935
2807920005,650
2807920006,955
2807920007,1320
2807920008,1575
2807920009,665
2807920010,695
2807920011,745
2807920012,1405
2807920013,670
2807920014,585
2807920015,805
2807920016,765
2807920017,830
2807920018,1020
2807920019,900
2807920020,1205
2807920021,880
2807920022,1095
2807920023,1055
2807920024,985
2807920025,785
2807920026,1190
2807920027,810
2807920028,830
2807920029,1100
2807920031,1210
2807920032,715
2807920033,1045
2807920034,660
2807920035,410
2807920036,770
2807920037,550
2807920038,365
2807920039,600
2807920040,970
2807920041,805
2807920042,480
2807920043,820
2807920044,935
2807920045,660
2807920046,900
2807920047,875
2807920048,905
2807920049,970
2807920050,685
2807920051,745
2807920053,1950
2807920055,1645
2807920056,1055
2807920058,880
2807920059,465
2807920062,2110
2807920063,1375
2807920064,1400
2807920065,2010
2807920066,1880
2807920067,2515
2807920068,2805
2807920069,720
2807920070,1025
2807920071,2860
2807920072,1855
2807920073,900
2807920074,775
2807920075,870
2807920076,1145
2807920077,2390
2807920078,1165
2807920079,1385
2807920080,1005
2807920082,1610
2807920083,960
2807920084,800
2807920085,925
2807920086,1400
2807920087,1150
2807920088,1240
2807920089,665
2807920090,1420
2807920091,1365
2807920092,2130
2807920093,1105
2807920095,1255
2807920096,2570
2807920097,1125
2807920098,1010
2807920099,1720
2807920100,1295
2807920101,1150
2807920102,2385
2807920103,2560
2807920104,2370
2807920105,2205
2807920106,2320
2807920107,1950
2807920108,2060
2807920109,2205
2807920110,2610
2807920111,2055
2807920112,2685
2807920113,2205
2807920114,1605
2807920115,2075
2807920116,2360
2807920117,2085
2807920118,3980
2807920119,3045
2807920120,3265
2807920121,3380
2807921001,1585
2807921002,1785
2807921003,970
2807921004,1535
2807921005,2065
2807921006,1585
2807921007,2105
2807921008,650
2807921009,540
2807921010,1300
2807921011,2145
2807921012,965
2807921013,1300
2807921014,2275
2807921015,1895
2807921017,1425
2807921018,1240
2807921019,940
2807921020,1560
2807921021,875
2807921022,2070
2807921023,1270
2807921025,3105
2807921026,1780
2807921027,2845
2807921028,3040
2807921029,1575
2807921030,1200
2808001001,1500
2808001002,845
2808001003,1850
2808001004,1260
2808001005,1955
2808001006,920
2808001007,1415
2808001008,1720
2808001009,2880
2808001010,2470
2808001011,2135
2808001012,1470
2808001013,1650
2808001014,1640
2808001015,1240
2808001016,2890
2808001017,1395
2808002001,1415
2808002002,2195
2808002003,1060
2808002004,1530
2808002005,2555
2808002006,820
2808002007,1280
2808002008,3155
2808002009,1150
2808002010,1660
2808002011,1595
2808002012,1005
2808002013,1510
2808002014,1480
2808002015,1650
2808002016,1295
2808002017,1130
2808002018,1500
2808002019,980
2808002020,3185
2808002021,2825
2808002022,1985
2808002023,1195
2808002024,2130
2808201001,1880
2808201002,2690
2808201003,1755
2808201004,1515
2808301001,1715
2808301002,3425
2808301003,2620
2808301004,2880
2808301005,2010
2808401001,2510
2808401002,2860
2808401003,1550
2808401004,3415
2808401005,2485
2808401006,2110
2808401007,1310
2808401008,1495
2808401009,1615
2808401010,1380
2808401011,1895
2808501001,2380
2808501002,2275
2808501003,1195
2808601001,2700
2808601002,3775
2808601003,1465
2808701001,2160
2808701002,2250
2808801001,290
2808901001,1515
2808901002,1810
2808901003,1480
2809001001,2205
2809001002,2070
2809001003,3185
2809001004,2805
2809001005,1645
2809101001,1765
2809101002,1355
2809102001,2095
2809102002,1880
2809201001,1825
2809201002,1545
2809201003,1000
2809201004,865
2809201005,1290
2809201006,1440
2809201007,1265
2809201008,2090
2809201009,1960
2809201010,1230
2809201011,2650
2809201012,2970
2809201013,2525
2809201014,1950
2809201015,2470
2809201016,900
2809201017,1890
2809201018,1795
2809201019,1640
2809201020,1165
2809201021,1495
2809201022,1930
2809201023,1240
2809202001,2015
2809202002,1195
2809202003,1700
2809202004,960
2809202005,1155
2809202006,745
2809202007,930
2809202008,1695
2809202009,1510
2809202010,990
2809202011,1160
2809202012,1320
2809202013,1125
2809202014,1730
2809202015,1475
2809202016,1410
2809202017,2100
2809202018,950
2809202019,1015
2809202020,1625
2809202021,1810
2809202022,1015
2809202023,1385
2809202024,1475
2809202025,1335
2809202026,1205
2809202028,2250
2809202029,1510
2809202030,1190
2809202031,920
2809202032,1105
2809202033,1050
2809202034,2110
2809202035,1140
2809202036,995
2809202037,1185
2809202038,2145
2809202039,1005
2809203001,1660
2809203002,1060
2809203003,1865
2809203004,755
2809203005,1580
2809203006,2110
2809203007,1730
2809203008,995
2809203009,1590
2809203010,980
2809203011,1860
2809203012,2370
2809203013,1320
2809203014,1035
2809203015,1135
2809203016,1160
2809203017,2745
2809203018,1890
2809203019,1770
2809203020,1415
2809203021,985
2809203022,700
2809203023,1315
2809203024,1030
2809203025,955
2809203026,2200
2809203027,620
2809203028,2510
2809203029,865
2809203030,1930
2809204001,765
2809204002,1330
2809204003,1495
2809204004,1185
2809204005,2065
2809204006,1070
2809204007,1160
2809204008,2315
2809204009,2440
2809204010,825
2809204011,1705
2809204012,2220
2809204013,2040
2809204015,1175
2809204016,2120
2809204017,1655
2809204018,2230
2809204019,1625
2809204020,1225
2809204021,975
2809204022,1060
2809204023,900
2809204024,1840
2809204025,2350
2809204026,1015
2809204027,2170
2809204028,1145
2809204029,965
2809204030,2395
2809204031,1930
2809204032,1920
2809204033,1000
2809204034,2050
2809204035,2075
2809204036,1930
2809204037,2135
2809204038,1135
2809204039,3245
2809204040,5370
2809301001,2760
2809401001,1205
2809501001,2370
2809601001,2180
2809601002,1665
2809601003,1610
2809601004,2225
2809601005,2430
2809601006,2270
2809601007,1050
2809601008,1090
2809601009,2730
2809601010,2715
2809601011,1705
2809601012,2965
2809701001,140
2809901001,2635
2810001001,985
2810001002,2045
2810001003,3000
2810101001,340
2810201001,1185
2810401001,2895
2810401002,2830
2810401003,2400
2810401004,1270
2810401005,2885
2810401006,1735
2810401007,3150
2810401008,2340
2810601001,1515
2810601002,2015
2810601003,1770
2810601004,2940
2810601005,1750
2810601006,1105
2810601007,1160
2810601008,1410
2810601009,1815
2810601010,1560
2810601011,1770
2810601012,3055
2810601013,3965
2810601014,790
2810601015,1185
2810601016,1465
2810601017,1390
2810601018,2210
2810601019,1030
2810601020,930
2810601021,1395
2810601022,2340
2810601023,3060
2810601024,1850
2810601025,2720
2810601026,1440
2810601027,1280
2810601028,1800
2810601029,2510
2810601030,1790
2810601031,1415
2810601032,3450
2810601033,1055
2810601034,1845
2810601035,2505
2810601036,3170
2810601037,1070
2810601038,1235
2810601039,2170
2810601040,1280
2810601041,2410
2810601042,1245
2810601043,2505
2810601044,2175
2810601045,1080
2810601046,840
2810601047,2000
2810601048,2175
2810601049,1985
2810601050,1705
2810601051,1875
2810601052,3155
2810601053,3210
2810601054,2305
2810601055,1575
2810601056,3030
2810601057,2525
2810601058,3685
2810601059,1990
2810601060,2245
2810601061,1345
2810601062,2560
2810701001,445
2810801001,2785
2810801002,2110
2810901001,2295
2811001001,2785
2811101001,785
2811201001,205
2811301001,835
2811301002,2325
2811301003,2355
2811301004,1150
2811301005,1440
2811301006,2110
2811301007,1800
2811301008,1270
2811301009,830
2811301010,1475
2811301011,2665
2811301012,3335
2811302001,1695
2811302002,880
2811302003,1575
2811302004,2005
2811302005,1475
2811302006,2235
2811302007,1785
2811302008,2630
2811302009,1805
2811302010,4120
2811302011,1685
2811302012,1400
2811302013,1175
2811401001,170
2811501001,2675
2811501002,1080
2811501004,925
2811501005,1015
2811501006,5520
2811501007,880
2811501008,870
2811501009,1465
2811501010,985
2811501011,1065
2811501012,1795
2811501013,875
2811501014,1015
2811501015,1490
2811501016,1615
2811501017,2790
2811501018,1615
2811501019,1935
2811501020,1235
2811501021,1520
2811501022,1260
2811501023,1475
2811501024,785
2811501025,2565
2811501026,2140
2811501027,1220
2811501028,2295
2811501029,2640
2811501030,990
2811502001,1630
2811502002,1955
2811502003,1375
2811502004,1650
2811502005,1865
2811502006,1555
2811502007,1955
2811502008,1305
2811502009,1515
2811502010,1135
2811502011,765
2811502012,1540
2811502013,2325
2811502014,2315
2811502015,1170
2811502016,1930
2811502017,825
2811502018,2155
2811502019,1835
2811502020,1295
2811502021,2625
2811601001,1010
2811701001,135
2811801001,95
2811901001,3100
2812001001,1860
2812101001,290
2812201001,645
2812301001,1280
2812301002,1390
2812301003,1365
2812301004,2865
2812301005,1510
2812301006,2145
2812301007,1885
2812301008,2575
2812301009,1980
2812301010,2530
2812301011,1340
2812301012,1520
2812301013,2080
2812301014,2950
2812301015,2300
2812301016,2560
2812301017,2480
2812301018,1120
2812301019,2995
2812301020,2700
2812301021,3040
2812301022,3450
2812301023,2275
2812301024,1945
2812301025,2250
2812301026,1290
2812301027,940
2812301028,775
2812301029,1455
2812301030,1905
2812301031,2010
2812301032,2015
2812301033,2215
2812301034,2490
2812301035,2215
2812301036,1915
2812401001,95
2812501001,2015
2812501002,1895
2812601001,65
2812701001,3405
2812701002,725
2812701003,2460
2812701004,1400
2812701005,1680
2812701006,615
2812701007,795
2812701008,1085
2812701009,1950
2812701010,2310
2812701011,2165
2812701012,2205
2812701013,1645
2812701014,1820
2812701015,1630
2812701016,1770
2812701017,2400
2812701018,3245
2812701019,1830
2812701020,1720
2812701021,1515
2812701022,2550
2812701023,2450
2812701024,2505
2812701025,1425
2812701026,1110
2812701027,1545
2812701028,1280
2812701029,2410
2812701030,735
2812701031,1565
2812701032,1935
2812701033,840
2812701034,2490
2812701035,1815
2812701036,2590
2812701037,2810
2812701038,2470
2812701039,1410
2812701040,2530
2812701041,1825
2812701042,2075
2812701043,2090
2812701044,1810
2812701045,2025
2812701046,2055
2812701047,830
2812701048,1180
2812801001,465
2812901001,2505
2812901002,1595
2812901003,2980
2812901004,1955
2812901005,2070
2812901006,1435
2813001001,1320
2813001002,2330
2813001003,1595
2813001004,1500
2813001005,2220
2813001006,1890
2813001007,1630
2813001008,1705
2813001009,1505
2813001010,1395
2813001011,2265
2813001012,1545
2813001013,1150
2813001014,1975
2813001015,1930
2813001016,1990
2813001017,1785
2813001018,1855
2813001019,1875
2813001020,2360
2813001021,2835
2813001022,1910
2813101001,1900
2813101002,1580
2813101003,3395
2813101004,2105
2813101005,1575
2813101006,2155
2813101007,1635
2813102001,1520
2813102002,2125
2813201001,1155
2813201002,1810
2813201003,1545
2813201004,3775
2813201005,2165
2813201006,3105
2813201007,2750
2813201008,2715
2813301001,1900
2813301002,2315
2813301003,2350
2813301004,1290
2813401001,1790
2813401002,840
2813401003,1345
2813401004,1380
2813401005,1840
2813401006,1905
2813401007,1175
2813401008,1250
2813401009,1080
2813401010,880
2813401011,1190
2813401012,2795
2813401014,1165
2813401015,1115
2813401016,735
2813401017,625
2813401018,1905
2813401019,1610
2813401020,830
2813401021,970
2813401022,565
2813401023,415
2813401024,905
2813401025,1575
2813401026,1105
2813401027,2325
2813401028,1920
2813401029,1715
2813401030,1505
2813401031,1765
2813401032,1900
2813401033,1805
2813401034,1120
2813401035,2425
2813401036,1475
2813401037,1935
2813401038,2335
2813401039,2500
2813401040,950
2813401041,2350
2813401042,2245
2813401043,2955
2813401044,2905
2813401045,3410
2813401046,2160
2813401047,3865
2813401048,2410
2813401049,1355
2813501001,1205
2813601001,815
2813701001,2305
2813801001,100
2814001001,2555
2814001002,980
2814101001,2420
2814101002,2390
2814101003,2950
2814101004,675
2814301001,95
2814401001,1790
2814401002,905
2814401003,2010
2814401004,1855
2814501001,1695
2814501002,1425
2814601001,2480
2814701001,1195
2814801001,1635
2814801002,1290
2814801003,1245
2814801004,1050
2814801005,850
2814801006,1530
2814801007,1315
2814801008,1410
2814801009,1040
2814801010,2030
2814801011,2090
2814801012,1115
2814801013,3990
2814801014,2075
2814801015,1350
2814801016,1335
2814801017,2690
2814801018,940
2814801019,1310
2814801020,2860
2814801021,1300
2814801022,2535
2814801023,1050
2814801024,1530
2814802001,1745
2814802002,3420
2814802003,970
2814802004,1245
2814802005,1520
2814802006,1230
2814802007,1100
2814802008,3660
2814802009,1500
2814802010,1700
2814802011,1340
2814802012,1715
2814802013,830
2814802014,1935
2814802015,1235
2814802016,4110
2814802017,1990
2814802018,2275
2814802019,1730
2814802020,1660
2814802021,3450
2814802022,6065
2814803001,910
2814803002,1200
2814803003,1500
2814803005,1305
2814803006,2340
2814803007,1190
2814803008,980
2814803009,1770
2814804001,1485
2814804002,1270
2814804003,1145
2814804004,1315
2814804005,1150
2814804006,1395
2814804007,1785
2814804008,1275
2814804009,1040
2814804010,1230
2814804011,715
2814804012,1185
2814804013,1355
2814804014,1065
2814804015,1545
2814804016,980
2814804017,3560
2814804018,2220
2814901001,1765
2814901002,2690
2814901003,1160
2814901004,1865
2815001001,2800
2815001002,1330
2815101001,1515
2815102001,3155
2815201001,1815
2815201002,1840
2815201003,2505
2815201004,2315
2815201005,2285
2815201006,2375
2815201007,2700
2815201008,2180
2815201009,2935
2815201010,1375
2815301001,750
2815401001,2370
2815401002,1810
2815401003,1720
2815401004,1615
2815501001,680
2815601001,1380
2815701001,855
2815801001,920
2815901001,850
2816001001,2380
2816001002,2525
2816001003,2770
2816001004,2530
2816001005,1480
2816101001,2330
2816101002,1610
2816101003,1380
2816101004,935
2816101005,860
2816101006,3735
2816101007,2045
2816101008,2220
2816101009,1355
2816101010,2215
2816101011,3410
2816101012,2540
2816101013,1935
2816101014,1745
2816101015,1860
2816101016,1660
2816101017,1545
2816101018,2860
2816101019,3280
2816101020,3605
2816101021,1685
2816102001,1555
2816102002,2580
2816102003,2580
2816102004,1980
2816102005,1625
2816102006,835
2816102007,1195
2816102008,2395
2816102009,2905
2816102010,3230
2816102011,1955
2816102012,1440
2816201001,2565
2816201002,945
2816301001,565
2816401001,2435
2816401002,1685
2816501001,2760
2816601001,440
2816701001,2035
2816701002,2180
2816701003,2030
2816701004,2310
2816701005,2130
2816701006,1190
2816801001,1730
2816901001,1850
2817001001,1885
2817001002,1615
2817101001,1530
2817101002,1095
2817101003,1095
2817101004,2525
2817201001,2565
2817201002,2525
2817201003,1750
2817201004,725
2817201005,2180
2817201006,1120
2817301001,755
2817401001,2290
2817501001,1165
2817601001,3120
2817601002,2315
2817601003,2685
2817601004,2175
2817601005,3230
2817601006,2265
2817601007,2065
2817701001,1840
2817701002,2140
2817701003,3140
2817701004,3135
2817701005,3320
2817701006,2780
2817801001,1485
2817901001,2080
2818001001,1510
2818001002,875
2818001003,1610
2818001004,1820
2818001005,1605
2818101001,1280
2818101002,2295
2818101003,975
2818101004,885
2818101005,1240
2818101006,1765
2818101007,1840
2818101008,2435
2818101009,1085
2818101010,1205
2818101011,1350
2818101012,1795
2818101013,1660
2818101014,1965
2818101015,3085
2818101016,1425
2818201001,275
2818301001,1475
2890101001,1170
2890201001,640
2890301001,2460
2890301002,1675
2890301003,1540
2890301004,1740
2890301005,1705
2890301006,2565
2890301007,2270
2890301008,2855
2890301009,1325
2890301010,1970
2890301011,915
2890301012,1105
2890301013,1520
2890301014,1770
2890301015,2020
2890301016,2210
2890301017,3670
2890301018,1125
2890301019,2125
2890301020,1555
2890301021,1330
2890301022,1405
2900101001,1920
2900101002,1200
2900101003,1220
2900101004,1075
2900201001,2645
2900301001,1295
2900401001,515
2900501001,1130
2900501002,1525
2900501003,1215
2900501004,2360
2900601001,870
2900701001,1985
2900701002,3300
2900701003,1690
2900701004,1245
2900701005,1555
2900701006,1265
2900701007,3055
2900701008,1805
2900701009,1970
2900701010,1745
2900701011,2180
2900701012,1330
2900701013,1270
2900701014,2075
2900701015,1185
2900701016,2555
2900701017,1685
2900701018,1610
2900701019,1650
2900701020,1700
2900801001,1635
2900801002,2320
2900801003,1375
2900801004,1465
2900801005,840
2900801006,2660
2900801007,1230
2900802001,1715
2900802002,1145
2900802003,2010
2900802004,1690
2900803001,1660
2900803002,3390
2900901001,1890
2901001001,1425
2901001002,735
2901101001,695
2901101002,1755
2901101003,865
2901101004,765
2901201001,1490
2901201002,1455
2901201003,1125
2901202001,1195
2901202002,1650
2901202003,1065
2901203001,1900
2901203002,980
2901204001,2390
2901301001,820
2901301002,1390
2901401001,275
2901501001,1185
2901501002,1640
2901501003,1275
2901501004,1505
2901501005,1510
2901501006,3130
2901501007,1210
2901501008,950
2901501009,2000
2901501010,1030
2901502001,1760
2901502002,975
2901502003,1730
2901502004,1505
2901502005,1335
2901502006,1345
2901503001,1685
2901503002,1970
2901503003,2115
2901503004,2270
2901503005,2100
2901503006,1335
2901503007,2440
2901504001,305
2901504002,595
2901505004,535
2901506002,980
2901506003,1175
2901601001,455
2901701001,680
2901701002,1240
2901701003,2425
2901702001,1370
2901702002,1915
2901703001,1020
2901801001,1650
2901801002,960
2901901001,1340
2902001001,2570
2902001002,1500
2902101001,170
2902201001,250
2902301001,5055
2902401001,510
2902501001,1240
2902501002,3260
2902501003,4560
2902502001,2830
2902502002,845
2902502003,1735
2902502004,1595
2902502005,1165
2902502006,2250
2902502007,620
2902502008,1955
2902502009,1425
2902502010,1590
2902502011,1805
2902502012,2335
2902502013,3230
2902502014,1360
2902502015,1695
2902502016,1800
2902503001,2285
2902503002,2425
2902503003,4455
2902503004,4105
2902503005,3350
2902503006,4315
2902503007,2995
2902601001,1565
2902701001,1535
2902701002,1535
2902801001,1535
2902901001,560
2903001001,1025
2903101001,1420
2903101002,540
2903201001,2350
2903201002,1415
2903201003,2195
2903201004,1045
2903201005,1630
2903301001,1875
2903401001,900
2903501001,915
2903501002,980
2903601001,840
2903701001,255
2903801001,1520
2903801002,1405
2903801003,1675
2903801004,1495
2903801005,1320
2903801006,1135
2903802001,2670
2903802003,1575
2903802004,2360
2903802005,2225
2903802006,1015
2903802007,2995
2903802008,1825
2903901001,1845
2903901002,1760
2904001001,1405
2904001002,1255
2904101001,1200
2904101002,4075
2904201001,1145
2904201002,1580
2904201003,1175
2904202001,935
2904202002,2365
2904202003,285
2904202004,975
2904203001,1290
2904203002,2360
2904203003,1615
2904203004,1100
2904204001,3435
2904204002,3350
2904301001,2445
2904301002,1100
2904401001,1510
2904501001,1485
2904501002,2135
2904601001,2280
2904601002,1235
2904701001,1475
2904801001,1085
2904801002,665
2904901001,1045
2904901002,1385
2904902001,1585
2905001001,640
2905101001,3025
2905101002,1140
2905101003,1190
2905101004,915
2905101005,2125
2905101006,1450
2905101007,1565
2905101008,1075
2905101009,2335
2905101010,1260
2905101011,2760
2905101012,2210
2905101013,2600
2905101014,1565
2905101015,2925
2905102001,1110
2905102002,910
2905102003,2060
2905102004,2110
2905102005,1440
2905102006,695
2905102007,1980
2905102008,1560
2905102009,2110
2905102010,1025
2905102011,1750
2905102012,1505
2905102013,2145
2905102014,2200
2905103001,2415
2905103002,3440
2905103003,2830
2905103004,4575
2905201001,285
2905301001,3150
2905401001,1005
2905401002,2295
2905401003,1325
2905401004,2010
2905401005,1595
2905401006,915
2905401007,1940
2905401008,1725
2905401009,1120
2905401010,1160
2905401011,1545
2905401012,1165
2905401013,1510
2905401014,1255
2905401015,1680
2905401016,1355
2905401017,2915
2905401018,1655
2905401019,2710
2905401020,1190
2905401021,2960
2905401022,1485
2905401023,2110
2905401024,1970
2905401025,1415
2905401026,1215
2905402001,1300
2905402002,2055
2905402003,3685
2905402004,2970
2905402005,4220
2905403001,4025
2905403002,5560
2905403003,2180
2905403004,2755
2905501001,2640
2905601001,1690
2905701001,500
2905801001,2110
2905901001,1435
2905901002,1905
2906001001,885
2906101001,1465
2906201001,925
2906301001,460
2906401001,720
2906501001,240
2906601001,495
2906701001,905
2906701002,1080
2906701003,1360
2906701004,1055
2906702001,595
2906702002,1075
2906702003,2220
2906702004,1550
2906702005,945
2906702006,1260
2906702007,1095
2906702008,1015
2906702009,1490
2906702010,730
2906702011,1045
2906702012,970
2906702013,1765
2906702014,955
2906702015,1050
2906702016,1280
2906702017,2510
2906702018,1145
2906702019,1160
2906702020,1235
2906702021,900
2906702022,1465
2906702023,1490
2906702024,1825
2906702025,710
2906702026,2595
2906702027,1435
2906702028,1165
2906702029,1195
2906702030,2075
2906702031,895
2906702032,1335
2906702033,1555
2906702034,1050
2906702035,790
2906702036,795
2906702037,1375
2906702038,900
2906702039,940
2906702040,1015
2906702041,1650
2906702042,1035
2906702043,1445
2906702044,1905
2906702045,940
2906702046,750
2906702047,1560
2906702048,2070
2906702049,2280
2906702050,2850
2906703001,855
2906703002,1045
2906703003,1380
2906704001,835
2906704002,1380
2906704003,875
2906704004,1515
2906704005,895
2906704006,835
2906704007,1370
2906704008,880
2906704009,1555
2906704010,1315
2906704011,990
2906704012,675
2906704013,1015
2906704014,905
2906704015,450
2906705001,515
2906705002,2395
2906705003,1010
2906706001,2735
2906706002,1690
2906706003,685
2906706004,840
2906706005,910
2906706006,680
2906706007,1535
2906706008,850
2906706009,845
2906706010,1220
2906706011,1085
2906706012,1215
2906706013,1730
2906706015,1110
2906706016,1175
2906706017,1245
2906706018,705
2906706019,2160
2906706020,1030
2906706021,1010
2906706022,1545
2906706023,1445
2906706024,2500
2906706025,1785
2906706026,925
2906706027,1150
2906706028,980
2906706029,2595
2906706030,1215
2906706031,1125
2906706032,995
2906706033,980
2906706034,1145
2906706035,1335
2906706036,1270
2906706037,930
2906706038,1380
2906706039,1810
2906706040,715
2906706041,1305
2906706042,770
2906706043,525
2906706044,1415
2906706045,1380
2906706046,1285
2906706047,905
2906707001,1470
2906707002,1075
2906707003,1235
2906707004,1040
2906707005,1655
2906707006,575
2906707008,1125
2906707009,1750
2906707010,1120
2906707011,1355
2906707012,560
2906707013,1040
2906707014,840
2906707015,690
2906707016,1285
2906707017,1995
2906707018,1155
2906707019,1215
2906707020,990
2906707021,555
2906707022,1435
2906707023,1965
2906707025,1015
2906707026,700
2906707027,1620
2906707028,1610
2906707029,690
2906707030,3055
2906707031,870
2906707032,745
2906707033,855
2906707034,1730
2906707035,1655
2906707037,1255
2906707039,1430
2906707040,1160
2906707041,1085
2906707042,630
2906707043,1710
2906707044,915
2906707045,960
2906707046,1660
2906707047,415
2906707048,2575
2906707049,940
2906707050,1930
2906707051,2725
2906707052,1085
2906707053,1510
2906707054,1205
2906707055,1490
2906707056,675
2906707057,1040
2906707058,895
2906707059,1170
2906707060,715
2906707061,1065
2906707062,970
2906707064,305
2906707065,1280
2906707066,1410
2906707067,1575
2906707068,1155
2906707069,1270
2906707070,1700
2906707071,1680
2906707072,2180
2906707073,630
2906707074,1130
2906707075,770
2906707076,1500
2906707077,1780
2906707078,1625
2906707079,1345
2906707080,650
2906707081,810
2906707082,2645
2906707083,540
2906707084,990
2906707085,810
2906707086,1400
2906707087,915
2906707088,840
2906707089,1445
2906707090,1830
2906707091,1465
2906707092,3640
2906707093,995
2906707094,1375
2906708001,1685
2906708002,1115
2906708003,1725
2906708004,1750
2906708005,1135
2906708006,1730
2906708007,1860
2906708008,725
2906708009,800
2906708010,2290
2906708011,1880
2906708012,1990
2906708013,1920
2906708014,980
2906708015,1660
2906708016,930
2906708017,1605
2906708018,2530
2906708019,905
2906708020,1510
2906708021,1285
2906708022,845
2906708023,1215
2906708024,1300
2906708025,1260
2906708026,1195
2906708027,1015
2906708028,1540
2906708029,1955
2906708030,1205
2906708031,1730
2906708032,1185
2906708033,3080
2906708034,1410
2906708035,2815
2906708036,1215
2906708037,980
2906708039,1425
2906708040,1965
2906708041,1640
2906708042,2140
2906708043,3175
2906708044,2930
2906708045,910
2906708046,940
2906708047,1290
2906708048,685
2906708049,1150
2906708050,440
2906708051,800
2906708052,1785
2906708053,1095
2906708054,2295
2906708055,1595
2906708056,3115
2906708057,1995
2906708058,2330
2906708059,2215
2906708060,1245
2906708061,3040
2906708062,1155
2906708063,2285
2906708064,1065
2906708065,3535
2906709001,1595
2906709002,870
2906709003,2100
2906709004,1765
2906709005,1015
2906709006,1475
2906709007,1685
2906709008,1550
2906709009,985
2906709010,1715
2906709011,1690
2906709012,1470
2906709013,1170
2906709014,1135
2906709015,1110
2906709016,970
2906709017,725
2906709018,1400
2906709019,1215
2906709020,1185
2906709021,580
2906709022,1335
2906709023,1465
2906709024,675
2906709025,865
2906709026,1055
2906709027,685
2906709028,950
2906709029,655
2906709030,680
2906709031,980
2906709032,580
2906709033,1320
2906709034,1220
2906709036,1895
2906709037,1310
2906709038,1405
2906709039,1195
2906709040,1170
2906709041,1040
2906709042,560
2906709043,775
2906709044,930
2906709045,1275
2906709046,795
2906709047,590
2906709048,700
2906709049,1115
2906709050,1145
2906709051,1520
2906709052,2155
2906709053,570
2906709055,825
2906709056,2050
2906709057,590
2906709058,785
2906709059,1565
2906709062,715
2906709063,685
2906709064,1340
2906709065,1070
2906709067,1480
2906709068,765
2906709070,965
2906709071,950
2906709075,930
2906709076,1215
2906709077,795
2906709078,640
2906709079,860
2906709080,910
2906709082,1090
2906709083,1795
2906710001,1950
2906710002,1720
2906710003,2825
2906710004,1115
2906710005,945
2906710006,885
2906710007,920
2906710008,1265
2906710009,1270
2906710010,1710
2906710011,890
2906710012,945
2906710013,1550
2906710014,1395
2906710015,725
2906710016,2005
2906710017,1030
2906710018,1850
2906710019,1860
2906710020,1370
2906710021,1340
2906710022,1560
2906710023,1495
2906710024,685
2906710026,1270
2906710027,940
2906710028,1150
2906710029,1095
2906710030,790
2906710031,1275
2906710032,890
2906710033,1025
2906710034,2365
2906710035,1270
2906710036,805
2906710037,930
2906710038,1010
2906710039,1140
2906710040,1270
2906710041,1300
2906710042,865
2906710043,1575
2906710044,880
2906710045,1130
2906710046,1125
2906710047,1110
2906710048,725
2906710049,1455
2906710050,1435
2906710051,845
2906710052,1820
2906710053,985
2906710054,645
2906710055,795
2906710056,1545
2906710057,975
2906710058,865
2906710059,695
2906710060,1035
2906710061,630
2906710062,1300
2906710063,895
2906710064,1385
2906710065,725
2906710066,2280
2906710067,985
2906710068,1670
2906710069,1485
2906710070,2150
2906710071,1355
2906710072,2065
2906711001,915
2906711002,2415
2906711003,2000
2906711004,1355
2906711005,1485
2906711006,2575
2906711007,2595
2906711008,3095
2906711009,985
2906711010,1190
2906801001,2485
2906801002,1520
2906801003,2440
2906801004,4665
2906801005,2405
2906901001,660
2906901002,800
2906901003,1320
2906901004,2070
2906901005,2195
2906901006,900
2906901007,1185
2906901008,1270
2906901009,865
2906901010,2060
2906901011,2210
2906901012,1280
2906901013,720
2906901014,1465
2906901015,1095
2906901016,2150
2906901017,1215
2906901018,2330
2906901019,1240
2906901020,1430
2906901021,1785
2906901022,1650
2906901023,2065
2906901024,1255
2906901025,1280
2906901026,1085
2906901027,1495
2906901028,1355
2906901029,2545
2906901030,995
2906901031,950
2906901032,1550
2906901033,1275
2906901034,1220
2906901035,3085
2906901036,1210
2906901037,1250
2906901038,1730
2906901039,1670
2906901040,1790
2906901041,1065
2906902001,1585
2906902002,1930
2906902003,2740
2906902004,2110
2906902005,5430
2906902006,1100
2906902007,1705
2906902008,1605
2906902009,2240
2906902010,2210
2906902011,2160
2906902012,1885
2906902013,3870
2906902014,1165
2906902015,2945
2906902016,2090
2906902017,1680
2906903001,1160
2906903002,5245
2906903003,2035
2906903004,2360
2906903005,2520
2906903006,3400
2906903007,3320
2906904001,4455
2906904002,3180
2906904003,2585
2906904004,2640
2906904005,1620
2906904006,1235
2907001001,2955
2907001002,2495
2907001003,1380
2907001004,2140
2907001005,810
2907001006,1895
2907001007,4150
2907001008,1535
2907001009,1990
2907001010,2495
2907001011,4810
2907001012,2765
2907001013,3020
2907001014,7015
2907001015,1745
2907001016,2295
2907001017,2520
2907001018,2550
2907001019,2385
2907001020,2830
2907001021,3095
2907001022,2400
2907001023,8135
2907001024,2160
2907001025,2020
2907001026,1460
2907001027,940
2907101001,1285
2907201001,2515
2907201002,2600
2907301001,1550
2907301002,920
2907401001,1015
2907501001,1300
2907501002,1465
2907501003,2245
2907501004,1465
2907501005,3510
2907501006,2330
2907501007,2365
2907501008,3230
2907501009,1935
2907501010,1195
2907601001,3125
2907601002,130
2907701001,250
2907901001,1275
2907901002,1180
2907901003,1040
2908001001,1370
2908001002,1105
2908001003,1295
2908001004,1570
2908001005,1240
2908002001,1260
2908002002,1235
2908101001,330
2908201001,1870
2908201002,1535
2908201003,1635
2908201004,795
2908201005,1270
2908201006,1205
2908201007,1175
2908201008,1360
2908201009,1885
2908201010,1660
2908201011,2370
2908201012,2115
2908201013,3525
2908201014,2300
2908201015,2530
2908201016,2070
2908201017,1225
2908201018,1380
2908201019,1495
2908201020,1270
2908201021,1455
2908201022,1970
2908201023,1960
2908201024,950
2908301001,830
2908302001,2195
2908401001,780
2908401002,950
2908401003,1005
2908402001,2095
2908402002,1250
2908402003,875
2908402004,1235
2908402005,1175
2908402006,2905
2908402007,1655
2908402008,1620
2908402009,2465
2908403001,1515
2908403002,1420
2908403003,835
2908403004,1030
2908403005,1375
2908403006,1520
2908403007,1205
2908404001,490
2908404002,935
2908404003,1050
2908404004,2155
2908405001,785
2908405002,890
2908405004,765
2908405005,2230
2908501001,230
2908601001,1475
2908701001,670
2908801001,1680
2908801002,1840
2908901001,2190
2908901002,750
2908901003,1175
2909001001,1855
2909001002,440
2909101001,1395
2909101002,950
2909101003,970
2909102001,1760
2909102002,6115
2909103001,2655
2909103002,2535
2909201001,740
2909301001,1175
2909301002,1490
2909401001,1525
2909401002,915
2909401003,2475
2909401004,1045
2909401005,2635
2909401006,1480
2909401007,975
2909401008,2220
2909401009,2120
2909401010,2780
2909401011,1120
2909401012,2185
2909401013,1810
2909401014,1985
2909401015,640
2909401016,4250
2909402001,850
2909402002,925
2909402003,1375
2909402004,1620
2909402005,550
2909402006,615
2909402007,1105
2909402008,935
2909402009,2055
2909403001,1215
2909403002,3655
2909403003,900
2909403004,2060
2909403005,1535
2909403006,3450
2909403007,1765
2909403008,2560
2909403009,1880
2909403010,2915
2909403011,1390
2909403012,2065
2909403013,1660
2909404001,3235
2909404002,1880
2909404003,1230
2909404004,2135
2909405001,920
2909501001,1500
2909501002,2245
2909502001,680
2909601001,1955
2909601002,1665
2909701001,1070
2909701002,1040
2909701003,2550
2909701004,735
2909801001,1630
2909901001,1950
2910001001,1430
2910001002,1705
2990101001,2935
2990101002,1360
2990101003,2140
2990101004,1695
2990101005,745
2990101006,730
2990101007,1760
2990101008,1455
2990101009,1495
2990101010,1720
2990101011,1325
2990101012,1425
2990101013,595
2990101014,1915
2990101015,1160
2990101016,2030
2990101017,1780
2990101018,1395
2990101019,2245
2990101020,2135
2990101021,1030
2990101022,2060
2990101023,1275
2990101024,2035
2990101025,1325
2990101026,1105
2990101027,2585
2990101028,1545
2990101029,1740
2990101030,1550
2990101031,2745
2990101032,1800
2990101033,1130
2990101034,2430
2990101035,1335
2990101036,1715
2990101037,2630
2990101038,1855
2990101039,1300
2990101040,870
2990201001,1940
2990201002,1195
2990201003,295
3000101001,1180
3000101002,1275
3000101003,1055
3000102001,1270
3000102002,1055
3000102003,595
3000201001,745
3000201002,1450
3000201003,990
3000201004,1270
3000201005,1015
3000201006,1625
3000201007,625
3000201008,600
3000201009,1610
3000201010,820
3000201011,1220
3000201012,1145
3000301001,935
3000301002,1310
3000301003,1540
3000301004,1190
3000301005,1250
3000301006,1250
3000301007,575
3000301008,825
3000301009,795
3000301010,1140
3000301011,785
3000301012,915
3000301013,1310
3000301014,1165
3000301015,2410
3000301016,1240
3000301017,1265
3000301018,1490
3000301019,1805
3000301020,1350
3000301021,935
3000301022,730
3000301023,865
3000301024,750
3000301025,970
3000301026,1380
3000301027,1140
3000301028,715
3000301029,705
3000301030,1390
3000401001,1425
3000501001,2510
3000501002,2200
3000501003,1355
3000501004,1050
3000501005,1530
3000501006,1600
3000501007,1845
3000501008,1560
3000501009,2190
3000501010,1700
3000501011,1565
3000501012,1455
3000501013,1165
3000501014,905
3000501015,800
3000501016,2850
3000501017,1650
3000501018,2060
3000501019,1490
3000501020,1025
3000501021,1420
3000501022,2220
3000501023,855
3000501024,1560
3000501025,1605
3000501026,1170
3000601001,1020
3000701001,785
3000701002,1140
3000701003,1880
3000701004,1510
3000701005,910
3000701006,1160
3000701007,1130
3000701008,835
3000801001,1150
3000801002,910
3000801003,1255
3000801004,1180
3000801005,900
3000801006,2045
3000801007,1325
3000801008,1225
3000801009,860
3000801010,1365
3000801011,980
3000801012,1110
3000801013,1340
3000801014,1180
3000801015,905
3000801016,915
3000801017,1875
3000901001,1950
3000901002,1620
3000901003,2260
3000901004,3095
3000901005,1525
3000901006,1670
3000901007,1465
3000901008,2110
3000901009,2665
3001001001,1080
3001001002,705
3001001003,1245
3001001004,1220
3001001005,1210
3001001006,1430
3001001007,950
3001001008,935
3001001009,895
3001001010,1390
3001101001,715
3001101002,1555
3001101003,1360
3001101004,900
3001101005,850
3001101006,1020
3001201001,1015
3001201002,1140
3001201003,1010
3001201004,905
3001201006,1260
3001201007,1060
3001201008,805
3001201009,930
3001201010,880
3001201011,765
3001201012,955
3001201013,1520
3001301001,1285
3001301002,1295
3001301003,1850
3001301004,1315
3001301005,1230
3001301006,915
3001301007,860
3001301008,915
3001301009,910
3001401001,1385
3001401002,815
3001501001,1015
3001501002,1075
3001501003,965
3001501004,715
3001501005,1450
3001501006,655
3001501007,890
3001501008,645
3001501009,570
3001501010,715
3001501011,385
3001501012,950
3001501013,535
3001501014,1305
3001501016,885
3001501017,1250
3001501018,1210
3001501019,1215
3001501020,1175
3001501021,820
3001501022,1060
3001501023,1595
3001501024,1890
3001501025,855
3001501026,1040
3001501027,1040
3001601001,835
3001601002,1150
3001601004,1635
3001602001,1085
3001602002,1535
3001602004,1315
3001602005,1250
3001602006,905
3001602007,1665
3001602008,1675
3001602010,1245
3001602011,1950
3001602012,885
3001602013,1520
3001602014,1035
3001603001,550
3001603002,970
3001603003,780
3001603005,1035
3001603006,1790
3001603007,1200
3001603008,1040
3001603009,830
3001603010,865
3001603011,1780
3001603012,880
3001603013,505
3001603014,1240
3001603015,1165
3001603016,885
3001603017,955
3001603018,980
3001603019,770
3001603020,905
3001603021,750
3001603022,1205
3001603023,825
3001603024,1485
3001603025,1115
3001603026,825
3001603027,940
3001603028,955
3001603029,700
3001603030,1080
3001603031,790
3001603032,910
3001603033,645
3001603034,780
3001603035,630
3001603036,455
3001603037,1025
3001604001,1055
3001604002,1300
3001604003,900
3001604004,1025
3001604005,1050
3001605001,975
3001605002,1305
3001605004,1505
3001605005,675
3001605006,320
3001605007,1995
3001605008,1010
3001605009,1640
3001605011,1010
3001606001,1620
3001606002,1105
3001606003,1230
3001606004,1235
3001606005,2750
3001606006,845
3001606007,595
3001606008,795
3001606009,590
3001606010,1125
3001606011,845
3001606012,1075
3001606013,1160
3001606014,740
3001606015,685
3001606016,550
3001606017,740
3001607001,1460
3001607002,2400
3001607003,860
3001607004,1115
3001607005,1165
3001607006,1155
3001607007,1050
3001607008,2595
3001607009,1510
3001607010,2655
3001607011,1360
3001607012,1530
3001607013,1125
3001607014,1040
3001608001,900
3001608002,1110
3001608003,990
3001608004,1960
3001608005,1285
3001608006,1340
3001608007,895
3001608008,2055
3001608009,870
3001608010,1030
3001608011,1625
3001608012,1455
3001608013,1675
3001608014,1545
3001608015,1505
3001608016,1095
3001608017,760
3001608018,1090
3001608019,780
3001608020,1510
3001608021,1075
3001608022,1045
3001608023,1105
3001608024,1110
3001608025,1380
3001608026,1605
3001608027,1420
3001608028,885
3001608029,1000
3001608030,1235
3001608031,1425
3001608032,2650
3001608033,1740
3001608034,975
3001608035,2465
3001608036,1005
3001608037,715
3001608038,1485
3001608039,885
3001608040,955
3001608041,1225
3001609001,755
3001609002,530
3001609003,1265
3001609004,1275
3001609005,815
3001610001,1220
3001610002,995
3001610003,1085
3001610004,920
3001610005,615
3001610006,1050
3001610007,845
3001610008,1270
3001610009,1095
3001610010,1045
3001610011,1350
3001610012,620
3001610013,1385
3001610014,920
3001610015,595
3001610016,1445
3001610017,1110
3001610018,1145
3001610019,860
3001610020,770
3001610021,970
3001610022,1020
3001610023,490
3001610024,1100
3001610025,1040
3001610026,1480
3001610027,1325
3001610028,1620
3001610029,1555
3001610030,1815
3001610031,1710
3001610032,1565
3001610033,830
3001610034,1255
3001610035,1140
3001610036,745
3001610037,1325
3001610038,655
3001610039,1170
3001610040,1620
3001610041,795
3001610042,1010
3001610043,760
3001610044,650
3001610045,480
3001610046,1040
3001701001,1315
3001701003,965
3001701004,1140
3001701005,925
3001701006,1730
3001701007,1175
3001701008,1445
3001701009,855
3001701010,485
3001701011,1345
3001701012,590
3001701013,615
3001701014,1060
3001701015,740
3001701016,815
3001701017,645
3001801001,980
3001801002,1195
3001801003,980
3001801004,925
3001801005,1365
3001801006,1560
3001801007,1505
3001801008,1180
3001801009,1090
3001901001,915
3001901002,1345
3001901003,1220
3001901004,870
3001901005,1285
3001901006,1400
3001901007,825
3001901008,670
3001901009,890
3001901010,1035
3001901011,1170
3001901012,1460
3001901013,1540
3001901014,815
3001901015,875
3001901016,1095
3001901017,1335
3001901018,830
3001901019,710
3001901020,1145
3001901021,850
3001901022,1265
3001901023,985
3001901024,915
3001901025,1050
3001901026,705
3001901027,1455
3001901028,865
3001901029,755
3001901030,1085
3001901031,1340
3001901032,660
3001901033,965
3001902001,760
3002001001,2830
3002001002,1275
3002001003,2190
3002001004,1295
3002001005,770
3002001006,1570
3002101001,2990
3002101002,1175
3002101003,1125
3002101004,1285
3002101005,1305
3002101006,1000
3002101007,1540
3002101008,675
3002101009,1045
3002101010,1195
3002101011,1870
3002101012,905
3002201001,560
3002201004,1180
3002201005,325
3002201006,510
3002201007,775
3002201008,605
3002201009,935
3002201010,1815
3002201011,1430
3002201012,1120
3002201013,1725
3002201014,1045
3002201015,1385
3002201016,1445
3002201017,930
3002201018,1530
3002201019,945
3002201020,1300
3002201021,1365
3002201022,1410
3002201023,1035
3002201024,1220
3002202001,780
3002301001,915
3002301002,930
3002301003,1190
3002301004,695
3002301005,1080
3002401001,950
3002401002,855
3002401003,1050
3002401004,1710
3002401005,1345
3002401006,1815
3002401007,1210
3002401008,490
3002401009,1895
3002401010,3535
3002401011,1440
3002401012,530
3002401013,965
3002401014,1260
3002401015,865
3002401016,1855
3002401017,2375
3002401018,2290
3002401019,4195
3002401020,895
3002401021,1430
3002401022,975
3002401023,1225
3002401024,1025
3002401025,1315
3002401026,1255
3002401027,2765
3002401028,1455
3002401029,1600
3002401030,1430
3002401031,720
3002401032,3825
3002401033,980
3002401034,2155
3002401035,625
3002401036,1225
3002401037,1025
3002401038,1575
3002401039,1055
3002401040,745
3002401041,765
3002401042,1175
3002401043,690
3002402001,1025
3002402002,1175
3002402003,1450
3002402004,1315
3002402005,1055
3002402006,1420
3002402007,1615
3002402008,835
3002402009,435
3002402010,1000
3002402011,1660
3002402012,1415
3002402013,1805
3002402014,635
3002402015,1005
3002402016,1085
3002402017,1615
3002402019,925
3002402021,580
3002402022,1225
3002402023,950
3002402025,1565
3002402026,1935
3002402027,1220
3002501001,995
3002501002,415
3002501003,1285
3002501004,1095
3002501005,865
3002501006,1185
3002501007,1090
3002601001,1765
3002601002,1075
3002601003,780
3002601004,2435
3002601005,2285
3002601006,1715
3002601007,1975
3002601008,815
3002601009,915
3002601010,3615
3002601011,1920
3002601012,975
3002601013,1295
3002601014,1955
3002601015,1070
3002601016,1160
3002601017,1185
3002601018,3545
3002601019,1035
3002601020,1215
3002601021,1635
3002701001,775
3002701002,855
3002701003,1140
3002701004,860
3002701005,1085
3002701006,1795
3002701007,1865
3002701008,1115
3002701009,1290
3002701010,1420
3002701011,1045
3002701012,1460
3002701013,1135
3002701014,825
3002701015,870
3002701016,1395
3002701017,1040
3002701018,1090
3002701019,1275
3002701020,830
3002701021,1775
3002701022,1285
3002701023,1540
3002701024,1190
3002701025,1655
3002701026,1070
3002701027,1335
3002701028,2545
3002701029,1130
3002701030,620
3002701031,760
3002701032,1010
3002701033,745
3002701034,810
3002701035,1775
3002701036,1495
3002701037,2250
3002701038,535
3002701039,845
3002701040,1070
3002701041,1215
3002701042,1145
3002701043,945
3002701044,930
3002701045,895
3002701046,495
3002701047,685
3002701048,1110
3002701049,1065
3002701050,845
3002701051,2530
3002701052,1055
3002701053,1590
3002701054,1170
3002701055,1040
3002701056,1285
3002801001,430
3002801002,1275
3002801003,1285
3002801004,1205
3002801005,1100
3002801006,1115
3002801008,1895
3002901001,1065
3002901002,1890
3002901003,1045
3002901004,605
3002901005,875
3002901006,1725
3002901007,790
3002901008,635
3002901009,1270
3002901010,2940
3002901011,1105
3002901012,910
3002901013,1315
3002901014,915
3003001001,1155
3003001002,835
3003001003,1005
3003001004,1440
3003001005,1195
3003001006,1095
3003001007,820
3003001008,860
3003001009,1570
3003001010,800
3003001011,1030
3003001012,745
3003001013,750
3003001014,520
3003001015,585
3003001016,775
3003001018,595
3003001019,730
3003001020,585
3003001021,1330
3003001022,985
3003001023,1030
3003001024,460
3003001025,1385
3003001026,715
3003001027,1035
3003001028,830
3003001029,670
3003001030,930
3003001031,1030
3003001032,770
3003001033,975
3003001034,825
3003001035,885
3003001036,1020
3003001037,785
3003001038,1515
3003001040,1345
3003001041,890
3003001042,1250
3003001043,720
3003001044,2430
3003001046,990
3003001047,1080
3003001048,810
3003001049,1415
3003001050,645
3003001051,1060
3003001052,1550
3003001053,810
3003001054,1510
3003001055,490
3003001056,1090
3003001057,565
3003001058,785
3003001059,715
3003001060,1195
3003001061,915
3003001062,1510
3003001063,960
3003001064,1380
3003002001,1600
3003002002,555
3003002003,1445
3003002004,500
3003002005,965
3003002006,1430
3003002008,760
3003002009,1620
3003002010,1175
3003002011,395
3003002012,610
3003002013,750
3003002014,795
3003002015,1385
3003002017,1315
3003002018,1030
3003002019,950
3003002020,565
3003002021,540
3003002022,1010
3003002023,870
3003002025,1095
3003002028,1680
3003002030,1015
3003002031,1250
3003002032,765
3003002033,830
3003002034,605
3003002035,725
3003002036,845
3003002037,550
3003002038,1340
3003002039,1005
3003002041,880
3003002042,1050
3003002043,745
3003002044,370
3003002045,975
3003002046,855
3003002047,1035
3003002048,1100
3003002051,955
3003002053,1390
3003002054,1395
3003002055,1225
3003002056,1165
3003002057,975
3003002058,1160
3003002059,1355
3003002060,835
3003002061,650
3003002062,635
3003003001,1270
3003003002,1300
3003003003,925
3003003004,785
3003003005,1065
3003003006,845
3003003007,1225
3003003008,1260
3003003009,750
3003003010,1050
3003003011,1350
3003003012,985
3003003013,1125
3003003014,1300
3003003015,1270
3003003016,600
3003003017,1295
3003003018,1985
3003003019,1135
3003003020,1015
3003003021,1465
3003003023,1845
3003003024,1370
3003003025,1540
3003003026,1435
3003003027,1540
3003003028,1565
3003003029,1400
3003003030,970
3003003031,905
3003003032,1020
3003003033,1020
3003003034,675
3003003035,735
3003003036,855
3003003037,1440
3003003038,990
3003003039,940
3003003040,720
3003003041,1595
3003003042,1660
3003003043,1180
3003003044,770
3003003045,785
3003003046,1065
3003003047,880
3003003048,540
3003003049,890
3003004001,1075
3003004002,665
3003004003,770
3003004004,1590
3003004005,865
3003004006,715
3003004007,1155
3003004008,725
3003004009,840
3003004010,1420
3003004011,735
3003004012,1540
3003004013,895
3003004014,1350
3003004015,1615
3003004016,970
3003004017,1515
3003004018,1110
3003004019,2165
3003004020,2075
3003004021,865
3003004022,655
3003004023,1520
3003004024,905
3003004025,1050
3003004026,1680
3003004027,1215
3003004028,2240
3003004029,1440
3003004030,1315
3003004031,1655
3003004032,745
3003004033,870
3003004034,1245
3003004035,1215
3003004036,1155
3003004037,625
3003004038,1200
3003004039,695
3003004040,1240
3003004041,630
3003004042,1830
3003004043,2090
3003004044,660
3003004045,860
3003004046,1205
3003004047,1530
3003004048,1840
3003004049,745
3003004050,765
3003004051,1045
3003004052,2495
3003004053,2040
3003004054,810
3003004055,1315
3003004056,1610
3003004057,795
3003004058,1105
3003004059,1015
3003004060,1405
3003004061,1410
3003004062,1505
3003004063,1430
3003004064,1335
3003004065,870
3003004066,880
3003004067,530
3003004068,800
3003004069,1330
3003004070,995
3003004071,705
3003004072,660
3003005001,970
3003005002,1630
3003005003,1050
3003005004,1170
3003005005,605
3003005006,975
3003005007,1730
3003005008,880
3003005009,3395
3003005011,2325
3003005012,990
3003005013,850
3003005014,985
3003005015,1770
3003005016,885
3003005017,1255
3003005018,1725
3003005019,1485
3003005020,980
3003005021,1425
3003005022,795
3003005023,1035
3003005024,1120
3003005025,1165
3003005026,1230
3003005027,1260
3003005028,1525
3003005029,1240
3003005030,1960
3003005031,1335
3003005032,1310
3003005033,1250
3003005034,1390
3003005035,1175
3003005036,1315
3003005037,1475
3003005038,695
3003005039,1135
3003005040,1295
3003005041,695
3003005042,1785
3003005043,1775
3003005044,1890
3003005045,1695
3003005046,900
3003005047,1290
3003005048,790
3003005049,760
3003005050,1000
3003005051,840
3003005052,1315
3003005053,535
3003005054,1455
3003005055,695
3003005056,1060
3003005057,755
3003005058,1480
3003005059,885
3003005060,1070
3003005061,675
3003005062,1690
3003005063,1425
3003006001,1140
3003006002,810
3003006003,1300
3003006004,860
3003006005,990
3003006006,920
3003006007,1250
3003006008,1045
3003006009,1185
3003006010,1560
3003006011,725
3003006013,1085
3003006014,1040
3003006015,1160
3003006016,1270
3003006017,1705
3003006018,1450
3003006019,2310
3003006020,1625
3003006022,1545
3003006023,1485
3003006024,755
3003006025,990
3003006026,1320
3003006027,960
3003006028,1160
3003006029,995
3003006030,1690
3003006031,970
3003006032,725
3003006033,2245
3003006034,1305
3003006035,1635
3003006036,1120
3003006037,1245
3003006038,1290
3003006039,910
3003006040,1320
3003006041,1160
3003006042,1090
3003006043,1035
3003007001,1300
3003007002,900
3003007003,835
3003007004,1235
3003007005,875
3003007006,610
3003007007,755
3003007008,1080
3003007009,945
3003007010,1165
3003007011,1025
3003007012,1150
3003007013,1100
3003007014,1050
3003007015,1055
3003007016,1400
3003007017,915
3003007018,845
3003007019,1335
3003007020,985
3003007021,340
3003007022,1250
3003007023,1565
3003007024,1760
3003007025,730
3003007026,1175
3003007027,820
3003007028,1400
3003007029,1360
3003007030,1040
3003007031,890
3003007032,975
3003007033,1485
3003007034,930
3003007035,1510
3003007036,790
3003007037,860
3003007038,740
3003007039,1445
3003007040,1075
3003007041,1205
3003007042,1420
3003007043,765
3003007044,765
3003008001,1600
3003008002,810
3003008003,2025
3003008004,1785
3003008005,3370
3003008006,1425
3003101001,580
3003201001,1275
3003201002,635
3003201003,1090
3003201004,1055
3003301001,1040
3003301002,1550
3003301003,1590
3003301004,865
3003301005,910
3003301006,1245
3003301007,845
3003301008,1455
3003301009,1580
3003301010,1060
3003301011,1230
3003301012,1130
3003401001,1450
3003501001,3280
3003501002,1080
3003501003,2180
3003501004,1080
3003501005,1320
3003501006,965
3003501007,625
3003501008,1785
3003501009,2950
3003501010,675
3003501011,1695
3003501012,1600
3003501013,990
3003501014,1310
3003501015,2305
3003501016,540
3003501017,2200
3003501018,920
3003501019,1270
3003501020,575
3003501021,1115
3003501022,430
3003501023,875
3003601001,1150
3003601002,2325
3003601003,1915
3003601004,1030
3003601005,965
3003601006,675
3003601007,1030
3003601008,2245
3003601009,1025
3003601010,1280
3003601011,2285
3003601012,860
3003601013,1250
3003601014,1880
3003601015,750
3003601016,1165
3003601017,700
3003601018,450
3003601019,875
3003701001,2205
3003701002,2575
3003701003,1230
3003701004,1585
3003701005,960
3003701006,1845
3003701007,2025
3003701008,3000
3003701009,1395
3003701011,2345
3003702001,2415
3003702002,2795
3003702003,3970
3003702004,2710
3003702005,945
3003702006,1405
3003801001,1400
3003801002,940
3003801003,1095
3003801004,730
3003801005,1460
3003801006,895
3003801007,1615
3003801008,680
3003801009,1040
3003801010,940
3003801011,1360
3003801012,1395
3003801013,1040
3003801014,690
3003801015,665
3003801016,750
3003801017,950
3003801018,875
3003801019,875
3003801020,2060
3003901001,1475
3003901002,710
3003901003,1870
3003901004,1390
3003901005,740
3003901006,1155
3003901007,1650
3003901008,805
3003901009,1125
3003901010,715
3003901011,710
3003901012,1110
3003901013,1375
3003901014,2705
3003901015,1300
3003901016,1100
3003901017,810
3003901018,1250
3003901019,875
3003901020,560
3003901021,715
3003901022,1055
3003901023,1070
3003901024,1315
3003901025,1285
3003901026,870
3003901027,970
3004001001,925
3004101001,1115
3004101002,1690
3004101003,1230
3004101004,1475
3004101005,1380
3004101006,945
3004102001,1150
3004103001,1055
3004103002,1965
3004103003,640
3004104001,1210
3004104002,1405
3004104003,1605
3004104004,1175
3004106001,930
3004201001,1080
3004201002,1270
3004301001,1465
3004301002,1625
3004301003,940
3004301004,765
3004301005,1275
3004301006,975
3004301007,1110
3004301008,50
3004301009,1190
3004301010,830
3004301011,1685
3004301012,1190
3004301013,1685
3004301014,830
3004301015,1850
3004301016,1295
3004301017,975
3004301018,1010
3004301019,1670
3004301020,1935
3004301021,775
3004301022,1150
3004301023,1035
3004301024,940
3004301025,680
3004301026,695
3004301027,1205
3004301028,1305
3004301029,1080
3004301030,1150
3090101001,1075
3090101002,1390
3090101003,1480
3090101004,1615
3090101005,1155
3090101006,945
3090101007,1150
3090101008,1170
3090101009,665
3090101010,1815
3090101011,1110
3090101012,860
3090101013,1105
3090201001,1355
3090201002,1305
3090201003,1880
3090201004,3445
3090201005,545
3090201006,1615
3090201007,1645
3090201008,975
3090201009,2860
3100101001,100
3100201001,550
3100301001,135
3100401001,40
3100501001,390
3100601001,1385
3100602001,1265
3100701001,185
3100801001,100
3100901001,875
3101001001,2165
3101001002,1545
3101002001,1155
3101002002,1700
3101002003,1030
3101101001,855
3101201001,1045
3101301001,795
3101401001,380
3101501001,1150
3101502001,1760
3101601001,1615
3101601002,1940
3101601003,2150
3101601004,1430
3101601005,1745
3101601006,1940
3101701001,435
3101801001,580
3101901001,1040
3101902001,1555
3102001001,570
3102101001,90
3102201001,645
3102301001,2180
3102301002,1500
3102301003,2000
3102301004,2260
3102401001,120
3102501001,945
3102601001,180
3102701001,1095
3102801001,255
3102901001,1195
3103001001,195
3103101001,275
3103201001,1600
3103202001,765
3103301001,60
3103401001,50
3103501001,60
3103601001,1105
3103701001,115
3103801001,1680
3103901001,120
3104001001,245
3104101001,1985
3104201001,2115
3104202001,1720
3104301001,40
3104401001,335
3104501001,645
3104601001,60
3104701001,315
3104801001,190
3104901001,865
3105001001,1295
3105002001,2360
3105002002,2120
3105003001,1005
3105003002,1050
3105101001,320
3105201001,125
3105301001,720
3105401001,625
3105501001,345
3105601001,210
3105701001,1180
3105702001,1155
3105801001,280
3105901001,240
3106001001,2590
3106001002,1195
3106001003,1155
3106001004,1625
3106001005,3135
3106002001,1330
3106002002,975
3106002003,1330
3106002004,1495
3106002005,1655
3106002006,1545
3106101001,75
3106201001,1475
3106301001,110
3106401001,2100
3106501001,1050
3106502001,1730
3106601001,1100
3106701001,1260
3106702001,1280
3106801001,1050
3106802001,965
3106803001,1855
3106901001,1025
3107001001,1805
3107001002,965
3107002001,1385
3107101001,15
3107201001,1855
3107202001,2260
3107202002,3630
3107301001,365
3107401001,505
3107501001,85
3107601001,1510
3107601002,2100
3107701001,1670
3107701002,2445
3107702001,1360
3107702002,2385
3107801001,1190
3107802001,2060
3107901001,95
3108001001,690
3108101001,415
3108201001,815
3108301001,70
3108401001,1280
3108402001,1210
3108501001,580
3108601001,2130
3108601004,2290
3108601005,1040
3108601006,1505
3108601007,2620
3108601008,1785
3108601009,2220
3108601010,2170
3108601011,1440
3108701001,210
3108801001,2025
3108801002,1820
3108801003,1330
3108801004,2345
3108901001,360
3109001001,165
3109101001,400
3109201001,785
3109301001,340
3109401001,125
3109501001,90
3109601001,130
3109701001,1210
3109701002,1270
3109702001,1055
3109702002,1620
3109702003,1325
3109702004,2480
3109702005,1175
3109702006,1670
3109702007,780
3109703001,1320
3109801001,2320
3109901001,80
3110001001,335
3110101001,1685
3110201001,165
3110301001,50
3110401001,900
3110402001,1615
3110501001,1155
3110502001,1005
3110601001,945
3110701001,1330
3110702001,1150
3110801001,1490
3110802001,1025
3110901001,1775
3111001001,115
3111101001,110
3111201001,100
3111301001,170
3111401001,515
3111501001,190
3111601001,75
3111701001,760
3111801001,190
3111901001,50
3112001001,455
3112101001,90
3112201001,1520
3112201002,2595
3112201003,2390
3112301001,840
3112401001,240
3112501001,330
3112601001,430
3112701001,170
3112801001,505
3112901001,510
3113001001,400
3113101001,1135
3113201001,185
3113301001,50
3113401001,215
3113501001,110
3113601001,555
3113701001,245
3113801001,1245
3113901001,195
3114001001,135
3114101001,145
3114201001,2120
3114301001,110
3114401001,1000
3114501001,205
3114601001,55
3114701001,120
3114801001,110
3114901001,1525
3114901002,1390
3115001001,260
3115101001,75
3115201001,875
3115202001,915
3115301001,1240
3115302001,1555
3115401001,270
3115501001,320
3115601001,320
3115701001,1785
3115701002,1625
3115702001,1470
3115801001,320
3115901001,1400
3116001001,125
3116101001,415
3116201001,55
3116301001,1160
3116302001,1610
3116401001,730
3116501001,1470
3116502001,2190
3116601001,345
3116701001,1085
3116801001,290
3116901001,1615
3116902001,1735
3117001001,50
3117101001,895
3117201001,485
3117301001,1135
3117401001,135
3117501001,95
3117601001,2255
3117602001,1530
3117701001,335
3117801001,685
3117901001,685
3118001001,245
3118101001,170
3118201001,50
3118301001,910
3118401001,70
3118501001,620
3118601001,360
3118701001,150
3118801001,250
3118901001,1660
3119001001,55
3119101001,1840
3119102001,1895
3119201001,180
3119301001,1730
3119401001,395
3119501001,215
3119601001,45
3119701001,90
3119801001,50
3119901001,160
3120001001,940
3120101001,730
3120101003,1615
3120101004,575
3120101005,925
3120101006,955
3120101007,1115
3120101008,1140
3120101009,825
3120101010,1435
3120101011,575
3120101012,390
3120101013,835
3120102001,1005
3120102002,970
3120102003,795
3120102004,1145
3120102005,970
3120102006,1205
3120102007,815
3120102008,735
3120102009,1070
3120102010,905
3120102011,1050
3120102012,1275
3120102013,665
3120102014,1295
3120102015,770
3120102016,1085
3120102017,1020
3120103001,530
3120103002,750
3120103003,1475
3120103004,790
3120103005,750
3120103006,1300
3120103007,1190
3120103008,1010
3120103009,965
3120103010,1015
3120103011,1070
3120103012,1090
3120103013,1155
3120103014,1600
3120103015,1525
3120103016,880
3120103017,950
3120103018,840
3120103019,1845
3120103020,1165
3120103021,1330
3120103022,575
3120103023,1905
3120103024,2795
3120103025,2965
3120103026,1355
3120103027,1505
3120104001,690
3120104002,2515
3120104003,1375
3120104004,955
3120104005,1090
3120104006,830
3120104007,1260
3120104008,1550
3120104009,990
3120104010,1460
3120104011,1570
3120104012,1455
3120104013,1155
3120104014,1315
3120104015,870
3120104016,700
3120104017,1815
3120104018,1550
3120104019,1170
3120104020,865
3120104021,2240
3120104022,950
3120104024,1670
3120104025,2345
3120104026,3025
3120105001,925
3120105002,1150
3120105003,1165
3120105004,1120
3120105005,1230
3120105006,1170
3120105007,1200
3120105008,1260
3120105009,1935
3120105010,1185
3120105011,1230
3120105012,435
3120106001,1415
3120106002,1480
3120106003,1390
3120106004,995
3120106005,995
3120106006,1220
3120106007,1905
3120106009,770
3120106010,1060
3120106011,590
3120106012,1815
3120106013,1015
3120106014,800
3120106015,1395
3120106016,3420
3120107001,1885
3120107002,2285
3120107003,1795
3120107004,1360
3120107005,2090
3120107006,3050
3120107007,3005
3120107008,1300
3120107009,3540
3120107010,3320
3120107011,3245
3120107012,1620
3120107013,1130
3120107014,1750
3120107015,1765
3120107016,1140
3120107017,830
3120107018,1565
3120107019,1665
3120107020,2350
3120107021,1885
3120107022,1985
3120107023,5440
3120108001,1450
3120108002,2910
3120108003,3205
3120108004,1745
3120108005,1215
3120108006,1510
3120201001,1700
3120201002,1630
3120202001,2600
3120301001,30
3120401001,45
3120501001,545
3120601001,1395
3120601002,1420
3120701001,355
3120801001,1140
3120802001,2550
3120901001,180
3121001001,250
3121101001,25
3121201001,185
3121301001,120
3121401001,115
3121501001,1755
3121501002,1880
3121502001,1450
3121502002,1140
3121601001,1890
3121602001,930
3121602002,2275
3121701001,400
3121901001,110
3122001001,920
3122101001,1660
3122201001,65
3122301001,1355
3122401001,1185
3122501001,65
3122601001,700
3122701001,850
3122701002,2180
3122701003,2595
3122702001,1775
3122702002,1460
3122702003,1345
3122702004,800
3122801001,665
3122901001,55
3123001001,130
3123101001,145
3123201001,2030
3123201002,1190
3123202001,1705
3123202002,2125
3123202003,1275
3123202004,1905
3123202005,1070
3123202006,1110
3123203001,1405
3123203002,1200
3123203003,1610
3123203004,2145
3123203005,2940
3123203006,1130
3123203007,1890
3123204001,955
3123204002,1960
3123204003,1815
3123204004,1895
3123204005,1390
3123204006,2055
3123301001,100
3123401001,180
3123501001,205
3123601001,1620
3123701001,235
3123801001,140
3123901001,375
3124001001,695
3124101001,185
3124201001,285
3124301001,395
3124401001,180
3124501001,95
3124601001,190
3124701001,170
3124801001,395
3124901001,1570
3124902001,850
3125001001,2070
3125001002,690
3125002001,975
3125101001,1945
3125101002,1305
3125102001,710
3125201001,95
3125301001,155
3125401001,1785
3125402001,1105
3125501001,135
3125601001,115
3125701001,1125
3125801001,2305
3125802001,2285
3125802002,2020
3125802003,1725
3125802004,2065
3125901001,635
3126001001,1490
3126101001,240
3126201001,280
3126301001,300
3126401001,240
3126501001,95
3190101001,875
3190101002,880
3190101003,1615
3190101004,2610
3190101005,1620
3190101006,2010
3190101007,1770
3190101008,3610
3190101009,1395
3190101010,2470
3190101011,2525
3190201001,2370
3190201002,3330
3190301001,2180
3190301002,1685
3190301003,1880
3190301005,1580
3190301006,1990
3190401001,2295
3190501001,1665
3190501002,2165
3190601001,1625
3190601002,2085
3190701001,3205
3190701002,1720
3190701003,2455
3190701004,2345
3190701005,1605
3190701006,840
3190701007,1805
3190801001,1420
3200101001,1645
3200101002,1510
3200101003,1690
3200102001,610
3200103001,480
3200201001,1520
3200201002,765
3200301001,950
3200401001,1450
3200402001,565
3200402002,355
3200501001,1040
3200601001,1185
3200602001,725
3200701001,565
3200701002,720
3200701003,470
3200801001,2205
3200801002,1310
3200801003,1345
3200801004,2465
3200801005,1430
3200802001,1100
3200901001,1860
3200901002,1150
3200901003,1135
3200901004,705
3200901005,1860
3200901006,1365
3200901007,1650
3200901008,1180
3200901009,1835
3200902001,1300
3201001001,500
3201101001,1190
3201201001,1000
3201301001,1195
3201302001,920
3201303001,720
3201401001,610
3201402001,790
3201501001,1080
3201601001,1065
3201701001,880
3201702001,865
3201801001,1485
3201901001,1470
3201901002,2050
3201901003,1165
3201901004,1440
3201901005,1845
3201901006,1420
3201901007,1820
3201902001,1080
3201902002,560
3201903001,1115
3202001001,925
3202001002,1415
3202001004,795
3202101001,1160
3202201001,950
3202202001,805
3202301001,1440
3202401001,2275
3202401002,1615
3202402001,1315
3202403001,555
3202501001,860
3202502001,465
3202601001,710
3202602001,665
3202602002,1755
3202701001,1280
3202801001,1300
3202802001,630
3202901001,590
3203001001,625
3203002001,710
3203101001,1195
3203201001,1755
3203201002,1855
3203201003,790
3203201005,1000
3203201007,590
3203201009,2415
3203201010,1880
3203301001,915
3203401001,1465
3203501001,960
3203501002,705
3203601001,720
3203602001,935
3203701001,890
3203801001,485
3203901001,1540
3204001001,1040
3204002001,720
3204101001,915
3204201001,1230
3204201003,870
3204301001,2425
3204302001,625
3204401001,970
3204501001,630
3204502001,1470
3204502002,840
3204601001,1440
3204701001,680
3204701002,875
3204702001,650
3204801001,1155
3204901001,900
3205001001,555
3205001002,590
3205001003,640
3205002001,1135
3205101001,1170
3205101002,565
3205201001,915
3205201003,650
3205201004,710
3205301001,1970
3205401001,785
3205401002,970
3205401003,900
3205401004,755
3205401005,965
3205401006,1195
3205401007,1775
3205401008,1185
3205401009,1445
3205401010,1535
3205401011,1095
3205401012,2520
3205401013,1660
3205401014,1050
3205401015,1245
3205401016,850
3205401017,700
3205401018,705
3205402001,1275
3205402002,805
3205402003,2660
3205402004,1940
3205402005,1605
3205402006,1770
3205402007,1560
3205402008,650
3205402009,1075
3205402010,3535
3205403001,2185
3205403002,975
3205403003,1695
3205403004,2850
3205403005,1095
3205403006,1130
3205403007,945
3205403008,2790
3205403009,1200
3205403010,1165
3205403011,1860
3205403012,635
3205403013,715
3205403014,1605
3205403015,1055
3205403016,1000
3205403017,865
3205404002,1520
3205404003,1135
3205404004,1375
3205404005,2370
3205404006,1525
3205404007,1030
3205404008,755
3205404009,1590
3205404010,975
3205404011,300
3205404012,510
3205404013,1510
3205404014,1260
3205404015,815
3205405001,1720
3205405002,1185
3205405003,2180
3205405004,1920
3205405005,2165
3205405006,1115
3205405008,1310
3205405009,1335
3205405010,1825
3205405011,1225
3205405012,760
3205405013,805
3205405014,1110
3205405015,1680
3205405016,710
3205405017,1455
3205405018,2095
3205405019,1485
3205405020,1555
3205501001,1590
3205601001,980
3205601002,1190
3205701001,645
3205801001,1330
3205801002,1115
3205802001,1510
3205802002,1260
3205802003,815
3205901001,765
3205902001,1190
3206001001,985
3206101001,720
3206102001,605
3206201001,995
3206301001,1610
3206301002,735
3206401001,635
3206501001,800
3206601001,715
3206701001,1570
3206801001,585
3206802001,1180
3206901001,630
3206901003,1500
3206901004,680
3206901005,1365
3206902001,1080
3207001001,690
3207101001,1015
3207102001,745
3207201001,1210
3207201002,935
3207201003,725
3207201004,625
3207201005,1020
3207301001,965
3207301002,560
3207401001,665
3207401002,570
3207501001,1435
3207501002,1195
3207501003,1135
3207502001,925
3207601001,1610
3207602001,365
3207603001,520
3207701001,1345
3207801001,500
3207801002,900
3207901001,835
3207901002,805
3208001001,425
3208101001,920
3208101002,725
3208102001,910
3208201001,1530
3208301001,990
3208401001,1160
3208501001,2040
3208501002,1555
3208501003,835
3208501004,2140
3208501005,1330
3208501007,1315
3208501008,1825
3208501009,2075
3208501010,1225
3208601001,1180
3208601002,585
3208602001,745
3208603001,575
3208701001,1105
3208702001,995
3208801001,1225
3208801002,520
3208901001,825
3208902001,745
3209001001,920
3209101001,680
3209101002,850
3209101003,585
3209201001,640
3300101001,1435
3300101002,510
3300201001,1650
3300201002,515
3300201003,1045
3300202001,885
3300202002,355
3300203001,775
3300203002,1970
3300203003,1440
3300203004,1725
3300203006,655
3300203007,630
3300204001,465
3300301001,790
3300401001,1035
3300401002,945
3300401003,515
3300401004,960
3300401005,1900
3300401006,1005
3300401007,1635
3300401008,740
3300401009,1305
3300401011,800
3300401012,745
3300401013,935
3300401014,960
3300401015,910
3300401016,910
3300401017,755
3300401018,905
3300401019,775
3300401020,810
3300401021,1610
3300401022,1130
3300401023,1420
3300401024,390
3300401025,940
3300401026,660
3300401027,725
3300401028,2105
3300401029,1285
3300401030,1785
3300401031,2510
3300401032,1140
3300401033,690
3300401034,1010
3300401035,1600
3300401036,2450
3300401038,1235
3300401039,1860
3300401040,1930
3300401042,1210
3300401044,1000
3300401045,1015
3300401046,770
3300401047,1240
3300401049,685
3300401050,2135
3300401051,1080
3300401052,645
3300401053,1795
3300401054,1505
3300401055,1435
3300401056,1260
3300401058,1365
3300401060,740
3300401061,530
3300401062,885
3300401063,875
3300401064,1165
3300401066,850
3300401067,715
3300401068,1315
3300401069,1300
3300401070,645
3300401071,1390
3300401072,1845
3300401073,1530
3300401074,1080
3300401075,875
3300401076,1700
3300401077,1765
3300401078,1200
3300501001,1725
3300601001,595
3300601002,1275
3300701001,840
3300701003,970
3300801001,1100
3300801002,1055
3300901001,1075
3301001001,680
3301001002,565
3301001003,865
3301101001,1280
3301101002,720
3301101003,1600
3301101004,1880
3301101005,2910
3301102001,485
3301102002,345
3301103001,0
3301103002,860
3301103004,780
3301104001,1255
3301104003,800
3301105001,1105
3301201001,2325
3301201002,1945
3301201003,820
3301201004,920
3301201005,650
3301301001,520
3301401001,860
3301401002,2180
3301401003,1280
3301401004,1130
3301401005,2115
3301401006,400
3301402001,715
3301402002,735
3301403001,660
3301403002,835
3301501001,1000
3301501003,790
3301601001,1035
3301601002,1630
3301601003,1355
3301601004,825
3301601005,1245
3301601006,720
3301601007,1515
3301601008,790
3301601010,1340
3301601011,1150
3301601012,685
3301601013,2180
3301601014,1100
3301601015,770
3301601016,1470
3301601017,1170
3301601018,1085
3301601019,1075
3301601020,1785
3301701001,915
3301701002,2030
3301701003,755
3301801001,935
3301802001,1435
3301802002,1080
3301901001,1460
3301901002,750
3301901003,515
3301901004,905
3302001001,1435
3302001002,2015
3302001003,925
3302001004,2530
3302001005,510
3302001006,800
3302001007,1030
3302001008,1000
3302001009,850
3302001010,1140
3302001011,1800
3302001012,1350
3302001013,810
3302101001,580
3302101003,1160
3302101004,790
3302101005,610
3302101006,890
3302101007,935
3302101008,670
3302201001,1175
3302301001,2655
3302301002,1260
3302301003,0
3302401001,1035
3302401002,715
3302401003,1745
3302401004,760
3302401005,1705
3302401006,930
3302401007,1765
3302401008,805
3302401009,1005
3302401010,1310
3302401011,725
3302401012,1485
3302401013,1205
3302401014,900
3302401015,1205
3302401016,985
3302401017,730
3302401018,1350
3302401019,1985
3302401020,1125
3302401021,1365
3302401022,1585
3302401023,1880
3302401024,1195
3302401025,1105
3302401026,1335
3302401027,1305
3302401028,650
3302401029,685
3302402001,1565
3302402002,710
3302402003,1150
3302403001,1130
3302403002,1275
3302403003,1235
3302403004,865
3302403005,1340
3302403006,1175
3302403007,1480
3302403008,1575
3302403009,1545
3302403011,1390
3302403012,1730
3302403013,1980
3302403014,1345
3302403015,1150
3302403016,960
3302403017,1230
3302403018,1120
3302403019,1460
3302403020,2005
3302403021,2265
3302403022,2375
3302403023,2755
3302403024,1495
3302404001,1355
3302404002,2380
3302404003,660
3302404004,1465
3302404005,1685
3302404006,1460
3302404007,1285
3302404008,1325
3302404009,890
3302404010,1300
3302404011,1620
3302404012,1540
3302405001,1875
3302405002,1885
3302405004,2145
3302405005,1615
3302405006,1745
3302405007,1365
3302405009,1540
3302405010,1215
3302405011,995
3302405012,1555
3302405013,1400
3302405014,1100
3302405015,1440
3302405016,2930
3302405017,1940
3302405018,965
3302405019,2620
3302405020,1800
3302405021,1950
3302406001,1610
3302406002,1085
3302406003,1230
3302406004,1755
3302406005,1680
3302406006,1400
3302406007,1155
3302406008,465
3302406009,1625
3302406010,1685
3302406011,1400
3302406012,2120
3302406013,1600
3302406014,1385
3302406015,2000
3302406016,2755
3302406017,1625
3302406018,1305
3302406019,2585
3302406020,1905
3302406021,1500
3302406022,1465
3302407001,1205
3302407002,1235
3302407003,1150
3302407004,1415
3302407005,1035
3302407006,1700
3302407007,1820
3302407008,975
3302407009,575
3302407010,965
3302407011,895
3302407012,430
3302407013,1135
3302407014,665
3302407015,1665
3302407016,1065
3302407017,1335
3302407018,1690
3302407019,1295
3302407020,1005
3302407021,760
3302407022,995
3302407023,2065
3302407024,780
3302407025,1330
3302407026,2150
3302407027,1120
3302407028,1675
3302407029,815
3302407030,1525
3302407031,1430
3302407032,810
3302407033,855
3302407034,1260
3302407035,1030
3302407036,1020
3302407037,875
3302407038,1180
3302407039,1230
3302407040,1715
3302407041,2135
3302407042,2585
3302407043,1955
3302407044,2010
3302407045,980
3302407046,1655
3302407047,1715
3302407048,1160
3302407049,945
3302407050,1115
3302407051,1165
3302408001,1970
3302408002,1250
3302408003,1555
3302408004,2460
3302408005,920
3302408006,1130
3302408007,1060
3302408008,960
3302408009,740
3302408010,915
3302408011,1465
3302408012,685
3302408013,1040
3302408014,635
3302408015,1335
3302408016,1820
3302408017,1050
3302408018,2055
3302408019,2320
3302408020,2360
3302408021,855
3302408022,1725
3302409001,3035
3302409002,1630
3302409003,2300
3302409004,1395
3302409005,940
3302409006,385
3302409007,285
3302409008,1225
3302409009,1540
3302409010,505
3302409011,770
3302409012,2190
3302409013,520
3302409014,1330
3302409015,1780
3302409016,2765
3302501001,1320
3302501002,2315
3302501003,1375
3302501004,1160
3302501005,1510
3302501006,535
3302501009,1280
3302501012,1220
3302601001,1815
3302601002,1515
3302601003,2095
3302601004,1905
3302601005,1165
3302601006,725
3302601009,730
3302601010,720
3302701001,980
3302801001,490
3302801002,1145
3302901001,445
3303001001,1035
3303101001,765
3303102001,1030
3303102003,805
3303102004,775
3303102006,270
3303103001,1150
3303103002,765
3303103005,700
3303104001,1040
3303104002,1410
3303104003,1440
3303104004,625
3303105001,740
3303105002,1860
3303105003,1740
3303105004,2065
3303105005,1705
3303105006,655
3303105007,695
3303105009,895
3303106001,890
3303107001,1165
3303107002,1295
3303107003,2080
3303107004,1055
3303107005,1590
3303107006,1140
3303107007,975
3303107008,1380
3303107009,2135
3303107010,2050
3303107012,1610
3303107013,1130
3303107014,795
3303107017,1100
3303107018,1175
3303107019,1015
3303201001,1110
3303201002,1445
3303201003,940
3303201004,550
3303201005,1195
3303201006,660
3303201008,1265
3303201009,905
3303201011,810
3303201012,1820
3303201013,1130
3303201014,1090
3303201015,1025
3303301001,1780
3303301002,960
3303301003,870
3303301004,855
3303301005,1025
3303301006,1120
3303301007,690
3303301009,395
3303301010,985
3303301011,850
3303301012,995
3303301013,1670
3303401001,720
3303401002,985
3303401003,1055
3303401004,1285
3303401005,2160
3303401006,685
3303402001,790
3303402002,1850
3303402004,400
3303403002,700
3303404001,1975
3303405001,315
3303501001,1765
3303501002,955
3303501003,580
3303501004,585
3303501005,635
3303501006,2065
3303501007,820
3303501008,2260
3303501009,1585
3303501010,1920
3303501011,865
3303601001,1905
3303601002,2105
3303601003,1390
3303601004,250
3303601005,2400
3303601006,710
3303601009,2065
3303601010,715
3303601011,630
3303601012,1470
3303701001,1710
3303701002,1575
3303701003,1955
3303701004,640
3303701005,855
3303701006,1355
3303701007,1320
3303701008,1205
3303701009,760
3303701010,1010
3303701011,2040
3303701012,1345
3303701013,1360
3303701014,1200
3303701015,1240
3303701016,935
3303701017,660
3303701018,1190
3303701019,1500
3303701020,835
3303701021,580
3303701022,1125
3303701023,545
3303701024,1665
3303701025,1275
3303701026,890
3303701027,865
3303701028,1220
3303701030,600
3303701032,810
3303701033,955
3303701034,1030
3303701035,525
3303701036,555
3303701037,740
3303701039,1060
3303701040,805
3303701041,670
3303701042,895
3303701043,850
3303801001,1585
3303801002,145
3303801003,1120
3303901001,1240
3303901002,685
3304001001,2280
3304001002,790
3304001003,770
3304001004,865
3304001005,825
3304101001,570
3304101002,755
3304101003,1835
3304101004,580
3304101005,2180
3304101007,355
3304101008,1635
3304101009,1025
3304201001,1525
3304201002,1610
3304201003,1310
3304201004,970
3304301001,775
3304401001,1155
3304401003,825
3304401004,970
3304401005,915
3304401006,785
3304401007,780
3304401008,675
3304401009,985
3304402001,1350
3304402002,1485
3304402003,1720
3304402004,610
3304402005,765
3304402006,1420
3304402007,950
3304402008,1630
3304402009,820
3304403001,1810
3304403002,1545
3304403003,1140
3304403004,2020
3304403005,770
3304403006,1350
3304403007,1160
3304403008,1950
3304403009,555
3304403010,2165
3304403011,2005
3304403012,725
3304403013,1580
3304404001,1660
3304404003,1180
3304404004,1465
3304404005,1845
3304404006,605
3304404007,1435
3304404008,685
3304404010,480
3304404011,1870
3304404012,760
3304404013,1415
3304404014,935
3304404015,1265
3304404016,2120
3304404017,1230
3304405001,1115
3304405002,1635
3304405003,1565
3304405004,1340
3304405006,850
3304405007,1665
3304405008,1530
3304405009,910
3304405010,2630
3304405011,700
3304405012,1130
3304405014,600
3304405015,3315
3304406001,1045
3304406002,745
3304406003,1385
3304406004,1205
3304406005,1100
3304406006,595
3304406007,1260
3304406008,625
3304406009,2405
3304406010,1600
3304406011,1770
3304406012,1525
3304406013,1200
3304406014,1430
3304406015,2815
3304406016,1590
3304406017,1305
3304406018,930
3304406019,1710
3304406020,995
3304406021,1885
3304406022,1840
3304406023,1060
3304406024,2475
3304407001,1235
3304407002,880
3304407003,1315
3304407004,545
3304407005,580
3304407006,930
3304407007,1515
3304407008,660
3304407009,1230
3304407011,1055
3304407012,1080
3304408001,1105
3304408002,1650
3304408003,1085
3304408004,1035
3304408005,1240
3304408006,835
3304408007,1845
3304408008,3020
3304408009,680
3304408010,2875
3304408011,1315
3304408012,985
3304408013,670
3304408014,870
3304408015,605
3304408016,635
3304409001,605
3304409002,1095
3304409003,880
3304409004,1580
3304409005,730
3304409007,585
3304409008,910
3304409009,1135
3304409011,1625
3304409012,790
3304409013,1000
3304409014,1340
3304409015,3180
3304409016,1770
3304409017,4350
3304410001,1225
3304410002,1445
3304410003,860
3304410004,1485
3304410005,1405
3304410006,2165
3304410007,1850
3304410008,1280
3304410009,1355
3304410010,1070
3304410011,2395
3304410012,590
3304410013,1150
3304410015,1765
3304410016,880
3304411001,680
3304411002,750
3304411003,675
3304411004,765
3304411005,990
3304411006,1020
3304411007,705
3304411008,585
3304411009,1130
3304411010,805
3304411011,760
3304412001,1670
3304412002,865
3304412003,1395
3304412004,1125
3304412005,1735
3304412006,1060
3304412007,980
3304412008,1165
3304412009,2860
3304412010,750
3304412011,1020
3304412012,740
3304412013,1560
3304412014,1010
3304413001,765
3304413002,705
3304413003,1095
3304414001,1395
3304414003,990
3304415001,570
3304415002,1480
3304415003,495
3304415004,520
3304415005,750
3304416001,665
3304416003,985
3304416004,645
3304416005,1195
3304416006,1405
3304501001,1645
3304501002,1660
3304501003,1095
3304501005,490
3304501006,800
3304601001,585
3304701001,1320
3304801001,190
3304901001,1820
3304901002,1935
3304901003,395
3304901004,705
3304901005,440
3304901006,780
3304901007,690
3304901008,945
3305001001,690
3305101001,2730
3305101002,1785
3305101003,660
3305101004,1850
3305101005,570
3305101008,1270
3305201001,815
3305301001,1260
3305401001,1070
3305401002,885
3305501001,1840
3305601001,1970
3305601002,1430
3305601003,710
3305602001,735
3305602002,1320
3305701001,1980
3305801001,990
3305801002,1150
3305901001,1585
3305901002,1585
3305903001,990
3305904001,1480
3306001001,1735
3306001002,910
3306001003,960
3306001004,1325
3306002001,705
3306002002,1330
3306002003,1340
3306004001,1415
3306004002,2360
3306004003,1355
3306004004,1905
3306004005,140
3306004006,540
3306004008,1550
3306005001,420
3306101001,480
3306201001,505
3306301001,520
3306401001,260
3306501001,1295
3306601001,95
3306601002,1010
3306601003,1030
3306601004,540
3306601005,1530
3306601007,2855
3306601008,555
3306601009,165
3306601010,1055
3306601011,1745
3306601012,745
3306601013,1000
3306601014,1205
3306601015,870
3306601016,805
3306601017,1295
3306601018,1285
3306601019,1670
3306601020,1020
3306601021,1310
3306601022,1195
3306601023,2455
3306601024,2085
3306601025,2165
3306601026,1065
3306601027,830
3306601028,1245
3306601029,1090
3306601030,1490
3306601031,1995
3306601032,1575
3306601033,2855
3306601034,1710
3306601035,1660
3306601036,1605
3306601037,1235
3306601038,1115
3306601039,2620
3306701001,875
3306801001,595
3306802001,760
3306901001,1290
3306901002,950
3306901004,705
3306901005,1095
3307001001,1745
3307001002,1120
3307001003,575
3307001004,490
3307101001,740
3307201001,1235
3307201003,655
3307301001,1235
3307301002,1470
3307301003,2480
3307301004,555
3307301005,175
3307301007,1155
3307301008,945
3307301010,390
3307301011,1055
3307301012,560
3307301014,555
3307401001,1675
3307401002,1810
3307401003,645
3307501001,345
3307601001,1635
3307601002,1405
3307601003,1455
3307601004,715
3307601005,1545
3307602001,1035
3307603001,1245
3307604001,895
3307605001,590
3307605002,1310
3307605003,835
3307606001,485
3307606002,520
3307606003,1120
3307701001,1465
3307801001,165
3400101001,40
3400301001,180
3400401001,830
3400401002,1170
3400402001,870
3400402002,980
3400402003,2640
3400403001,515
3400501001,1030
3400601001,85
3400901001,40
3401001001,625
3401101001,440
3401201001,380
3401501001,40
3401701001,980
3401801001,245
3401901001,145
3402001001,60
3402201001,1290
3402301001,2075
3402301002,1155
3402301003,875
3402301005,1065
3402301006,1285
3402401001,35
3402501001,55
3402701001,775
3402701002,645
3402801001,165
3402901001,855
3403101001,30
3403201001,50
3403301001,20
3403401001,115
3403501001,130
3403601001,235
3403701001,380
3403801001,320
3403901001,65
3404101001,115
3404201001,355
3404501001,90
3404601001,50
3404701001,810
3404701002,1280
3404801001,70
3404901001,455
3405001001,245
3405101001,120
3405201001,205
3405301001,250
3405501001,310
3405601001,1375
3405601002,805
3405601003,330
3405701001,425
3405801001,220
3405901001,445
3406001001,160
3406101001,130
3406201001,185
3406301001,130
3406601001,70
3406701001,140
3406801001,40
3406901001,1260
3406901002,1545
3407001001,190
3407101001,225
3407201001,190
3407301001,200
3407401001,775
3407601001,730
3407701001,335
3407901001,1895
3408001001,1215
3408001002,670
3408001003,1080
3408002001,1555
3408002002,785
3408002003,1690
3408101001,60
3408201001,100
3408301001,1170
3408301002,1065
3408401001,160
3408601001,110
3408701001,120
3408801001,260
3408901001,185
3409101001,145
3409201001,375
3409301001,115
3409401001,70
3409601001,55
3409801001,1080
3409901001,70
3410001001,160
3410101001,45
3410201001,250
3410301001,105
3410401001,290
3410601001,125
3410701001,95
3410801001,655
3410901001,65
3411001001,95
3411201001,50
3411301001,35
3411401001,240
3411601001,75
3412001001,1270
3412001003,1060
3412001004,995
3412001005,950
3412002001,1440
3412002002,1200
3412002003,1505
3412003001,695
3412003002,700
3412003003,685
3412003004,1380
3412003005,1345
3412004001,930
3412004002,925
3412004003,1075
3412004004,1360
3412004005,1475
3412004006,740
3412004007,1635
3412004008,910
3412004009,915
3412005001,1070
3412005002,600
3412005003,1785
3412005004,2085
3412005005,1700
3412005006,1495
3412005007,1380
3412005008,1035
3412005009,950
3412005010,1235
3412005011,1970
3412005012,1240
3412005013,1235
3412005014,1895
3412005015,1105
3412006001,1565
3412006002,915
3412006003,1735
3412006004,2025
3412006005,710
3412006006,1715
3412006007,840
3412006008,860
3412007001,1110
3412007002,770
3412007003,1930
3412007004,1190
3412007005,1465
3412007006,900
3412007007,1115
3412007008,840
3412007009,1205
3412007010,1790
3412007011,915
3412007012,1890
3412007013,1015
3412007014,675
3412007015,1020
3412007016,1885
3412007017,1185
3412007018,1095
3412007019,1120
3412007020,2025
3412101001,225
3412201001,85
3412301001,1115
3412301002,900
3412401001,70
3412501001,95
3412601001,340
3412701001,145
3412901001,210
3413001001,255
3413101001,75
3413201001,135
3413301001,120
3413401001,60
3413501001,500
3413601001,230
3413701001,30
3413901001,215
3414001001,115
3414101001,255
3414301001,205
3414601001,60
3414701001,215
3414901001,25
3415101001,195
3415201001,165
3415401001,85
3415501001,165
3415601001,60
3415701001,1305
3415701002,970
3415701003,695
3415801001,310
3415901001,330
3416001001,170
3416101001,25
3416301001,65
3416501001,90
3416701001,130
3416801001,60
3416901001,495
3417001001,55
3417101001,670
3417101002,530
3417401001,240
3417501001,110
3417601001,165
3417701001,190
3417801001,115
3417901001,35
3418001001,90
3418101001,535
3418201001,1055
3418401001,50
3418501001,65
3418601001,60
3418901001,50
3419001001,60
3419201001,115
3419601001,95
3419901001,750
3419901002,735
3420101001,215
3420201001,35
3420401001,55
3420501001,70
3420601001,1000
3420801001,65
3421001001,110
3421101001,230
3421301001,70
3421401001,195
3421501001,165
3421601001,65
3421701001,1470
3421801001,590
3422001001,180
3422101001,190
3422201001,125
3422301001,280
3422401001,50
3422501001,1550
3422501002,1840
3422501003,2880
3422701001,90
3422801001,100
3422901001,70
3423001001,15
3423101001,255
3423201001,880
3423301001,155
3423401001,75
3423601001,185
3423701001,745
3423801001,375
3424001001,110
3424101001,20
3424201001,135
3424301001,390
3424501001,350
3424601001,75
3490101001,605
3490101002,790
3490201001,190
3490301001,265
3490401001,375
3500101001,1305
3500101002,1170
3500101003,1080
3500101004,410
3500101005,1760
3500201001,680
3500201002,485
3500201003,1220
3500201004,915
3500201005,1155
3500201006,1115
3500201007,2075
3500201008,1560
3500201009,2310
3500201010,2890
3500201011,1425
3500201012,2530
3500201013,2075
3500201014,805
3500201015,1895
3500201016,1475
3500201017,2845
3500201018,2095
3500301001,2165
3500301002,2045
3500301003,3590
3500301004,700
3500301005,1885
3500401001,2325
3500401002,1200
3500401003,1080
3500401004,1425
3500401005,1690
3500401006,2960
3500401007,1095
3500401008,1320
3500401009,1745
3500401010,1785
3500401011,1380
3500401012,1005
3500402001,1650
3500402002,1795
3500402003,2040
3500402004,1685
3500402005,2060
3500402006,865
3500402007,1450
3500402008,1270
3500402009,2085
3500402010,1265
3500402011,1850
3500402012,2685
3500402013,1170
3500402014,2525
3500402015,1610
3500402016,5350
3500402017,3190
3500402018,1785
3500501001,1250
3500601001,1595
3500601002,1140
3500601003,1460
3500601004,1960
3500601005,1255
3500602001,1245
3500602002,875
3500602003,605
3500603001,715
3500603002,1560
3500603003,1600
3500603004,680
3500604001,2120
3500604002,915
3500604003,950
3500604004,980
3500605001,2105
3500605002,1950
3500605003,1600
3500605004,685
3500605005,1780
3500605006,2575
3500606001,2300
3500606002,1155
3500606003,740
3500607001,1180
3500607002,890
3500701001,770
3500801001,1085
3500801002,1275
3500802001,1095
3500803001,1095
3500803002,745
3500804001,1035
3500804002,1270
3500901001,2110
3500901002,1985
3500901003,1185
3500901004,910
3500901005,1110
3500901006,1705
3500901007,1610
3500901008,2130
3500901009,1035
3500901010,1725
3500901011,775
3500901013,1125
3500901014,2975
3500901015,2345
3500901016,990
3500901017,605
3501001001,1160
3501001002,775
3501001003,1850
3501001004,1225
3501101001,1430
3501101002,560
3501101003,2035
3501101004,1740
3501101005,1820
3501101006,1140
3501101007,1715
3501102001,1500
3501102002,1800
3501102003,1605
3501103001,2345
3501103002,2525
3501103003,2155
3501103004,1525
3501103005,2235
3501103006,2625
3501103007,1235
3501201001,1940
3501201002,1640
3501201003,2665
3501202001,5435
3501203001,745
3501203002,2030
3501204001,3680
3501204002,3660
3501205001,1050
3501301001,1370
3501301002,1695
3501301003,1175
3501301004,905
3501301005,2135
3501301006,750
3501401001,2815
3501401002,2325
3501401003,1050
3501401004,3275
3501401005,1900
3501401006,3090
3501401007,1485
3501401008,4060
3501401009,2825
3501501001,1030
3501502001,1350
3501502002,1505
3501502003,3035
3501503001,1490
3501504001,1600
3501504002,4180
3501504003,3720
3501504004,465
3501504005,1355
3501601001,345
3501601003,465
3501601004,695
3501601005,1820
3501601006,1420
3501601007,770
3501601008,805
3501601010,1230
3501601011,1170
3501601012,495
3501601013,630
3501601014,1040
3501601015,745
3501601017,620
3501601018,1135
3501601019,1090
3501601020,590
3501601021,1140
3501601023,770
3501601024,1180
3501601025,425
3501601026,640
3501601027,1195
3501601028,555
3501601029,1375
3501601030,1335
3501601031,1150
3501601032,1215
3501601033,1070
3501601034,780
3501601035,2030
3501601036,980
3501601037,915
3501601038,1450
3501601039,690
3501601040,855
3501601041,905
3501601042,1480
3501601043,1180
3501601044,1120
3501601045,665
3501601046,1140
3501601047,1620
3501601048,1660
3501601049,1050
3501601050,1290
3501601051,1085
3501601052,400
3501601053,725
3501601054,715
3501601055,930
3501601056,1205
3501601057,1175
3501601058,1935
3501601059,950
3501601060,570
3501601061,2065
3501601062,375
3501601063,695
3501602001,1095
3501602002,1915
3501602003,605
3501602004,770
3501602005,1845
3501602006,1655
3501602007,1485
3501602009,545
3501602010,1095
3501602011,320
3501602012,2940
3501602013,930
3501602014,2230
3501602015,2180
3501602016,1270
3501602018,3555
3501602019,1380
3501602020,1990
3501602021,935
3501602022,990
3501602023,1115
3501602025,715
3501602026,1190
3501602027,1365
3501602028,1065
3501602029,2730
3501602030,1440
3501602032,1075
3501602033,2115
3501602034,2605
3501602035,2140
3501602036,1240
3501602037,1320
3501602038,545
3501602039,1080
3501602040,1355
3501602041,2030
3501602042,855
3501602043,660
3501602044,1680
3501602045,1840
3501602046,1055
3501602047,1500
3501602048,1380
3501602049,1040
3501602050,555
3501602051,1135
3501602052,1060
3501602053,1515
3501602054,885
3501602055,1335
3501602056,1900
3501602057,820
3501602058,1860
3501602059,2025
3501602060,730
3501602061,1060
3501602062,580
3501602064,915
3501603001,4010
3501603002,870
3501603003,1235
3501603004,2705
3501603005,2610
3501603006,2045
3501603007,2590
3501603008,2940
3501603009,3300
3501603010,1550
3501603011,2180
3501603012,1105
3501603013,1120
3501603014,1265
3501603015,1225
3501603016,1785
3501603017,1075
3501603018,2420
3501603019,2275
3501603020,1585
3501603021,1810
3501603022,1525
3501603023,1650
3501603024,1975
3501603025,850
3501603026,1215
3501603027,1160
3501603028,1145
3501603029,1055
3501603030,820
3501603031,805
3501603032,840
3501603033,1670
3501603034,1085
3501603035,410
3501603036,910
3501603037,905
3501603038,650
3501603039,415
3501603040,2315
3501603041,770
3501603043,0
3501604001,1405
3501604002,1180
3501604003,675
3501604004,1410
3501604005,745
3501604006,2300
3501604007,1025
3501604008,1300
3501604009,680
3501604010,695
3501604011,1415
3501604012,805
3501604013,1035
3501604014,390
3501604015,2335
3501604016,805
3501604017,600
3501604018,695
3501604019,1135
3501604020,1800
3501604021,2595
3501604022,590
3501604023,1370
3501604024,855
3501604025,955
3501604026,520
3501604027,980
3501604028,890
3501604029,1355
3501604030,995
3501604031,1155
3501604032,865
3501604033,860
3501604034,1385
3501604035,1790
3501604036,960
3501604037,1285
3501604038,1730
3501604039,1580
3501604040,1415
3501604041,1270
3501604042,1655
3501604043,850
3501604045,1230
3501604046,2045
3501604047,1520
3501604048,1210
3501604049,975
3501604050,1020
3501604051,695
3501604052,1185
3501604053,820
3501604055,900
3501604056,2630
3501604057,895
3501604058,3905
3501604059,1150
3501604060,2360
3501604061,725
3501604062,2705
3501604063,2545
3501604064,1475
3501604065,1315
3501604066,975
3501604067,990
3501604068,1715
3501604069,730
3501604070,1870
3501604071,1940
3501604073,1780
3501604074,1665
3501604075,1485
3501604076,2285
3501604077,1490
3501604078,2190
3501604079,2300
3501604080,1645
3501604081,2270
3501604082,885
3501604083,1035
3501605001,2655
3501605002,3240
3501605003,2045
3501605004,1215
3501605005,1845
3501605006,1835
3501605007,2350
3501605008,1465
3501605009,5565
3501605010,3105
3501605011,1385
3501605012,2515
3501605013,1465
3501605014,2035
3501605015,865
3501605016,1520
3501605017,1050
3501605018,900
3501605019,570
3501605020,1765
3501605021,870
3501605022,2140
3501605023,2905
3501605024,1500
3501605025,2350
3501605026,1020
3501605027,3690
3501605028,2150
3501605029,3585
3501605030,1570
3501605031,3630
3501605032,1770
3501605033,0
3501701001,845
3501701002,1100
3501701003,2725
3501701004,2620
3501701006,3020
3501701007,2670
3501701008,3445
3501701009,3355
3501701010,2585
3501701011,2405
3501701012,945
3501701013,3255
3501702001,1240
3501702002,1490
3501703001,1680
3501703002,2415
3501801001,1720
3501801002,1995
3501801003,2400
3501801004,1945
3501802001,2240
3501802002,2125
3501802003,1215
3501802004,1240
3501802005,1710
3501802006,1500
3501901001,1010
3501902001,1395
3501902002,2710
3501902003,1810
3501903001,1350
3501903002,1245
3501903003,2545
3501903004,2895
3501903005,2010
3501903006,1295
3501903007,850
3501903008,1325
3501903009,3980
3501903010,2855
3501903011,3995
3501903012,1135
3501903013,2840
3501903014,1360
3501903015,2355
3501903016,4680
3501904001,1695
3501904002,1765
3501904003,1090
3501904004,1190
3501904005,1645
3501904006,2390
3502001001,1060
3502001002,1420
3502001003,1480
3502001004,940
3502001005,1320
3502001006,1155
3502001007,1140
3502101001,1765
3502101002,1505
3502101003,1795
3502101004,770
3502102001,1535
3502102002,1385
3502103001,2320
3502103002,1460
3502103003,2115
3502103004,1135
3502104001,1190
3502104002,1780
3502201001,580
3502202001,815
3502202002,2095
3502202003,2555
3502202004,1920
3502202005,1370
3502203001,2640
3502203002,2875
3502203003,1280
3502203004,820
3502203005,1580
3502203006,1750
3502203007,1690
3502203008,3450
3502203009,2025
3502203010,2725
3502203011,3120
3502203012,1075
3502203013,2080
3502203014,1710
3502203015,1825
3502203016,1660
3502203017,1215
3502203018,2575
3502203019,810
3502203020,2450
3502203021,1975
3502203022,2810
3502203023,1345
3502203024,1665
3502203025,2490
3502203026,2485
3502203027,2545
3502203028,1335
3502203029,1290
3502301001,1615
3502301002,1355
3502301003,1975
3502301004,2190
3502301005,1065
3502301006,1575
3502301007,670
3502301008,660
3502301009,855
3502301010,900
3502301011,570
3502301012,690
3502401001,1670
3502401002,1950
3502401003,1110
3502401004,2320
3502401005,3400
3502401006,2375
3502401007,3350
3502401008,2520
3502401009,1590
3502501001,1290
3502501002,845
3502601001,1460
3502601002,1645
3502601003,1625
3502602001,1265
3502602002,610
3502602003,1300
3502602004,1750
3502602005,1445
3502602006,1735
3502602007,2190
3502602008,1835
3502602009,2480
3502602010,625
3502602011,1900
3502603001,1750
3502603002,1050
3502603003,1480
3502603004,1385
3502603005,685
3502603006,945
3502603007,765
3502603008,2010
3502603009,670
3502603010,1805
3502603011,1525
3502603012,1775
3502603013,670
3502603014,1070
3502603015,1030
3502603016,1665
3502603017,1365
3502603018,1445
3502603019,3145
3502603020,1600
3502603021,1635
3502603022,1230
3502603023,910
3502604001,2105
3502604002,1050
3502604003,1575
3502604004,1485
3502605001,2490
3502605002,2335
3502605003,2390
3502605004,905
3502605005,1130
3502605006,1095
3502605007,2015
3502605008,2520
3502605009,1145
3502605010,945
3502606001,1630
3502606002,2730
3502606003,1925
3502606004,2150
3502606005,2420
3502606006,1410
3502606007,1055
3502606008,1760
3502606009,765
3502606010,2700
3502606011,1645
3502606012,1730
3502606013,1125
3502606014,925
3502701001,480
3502701002,1890
3502701003,1515
3502701004,1075
3502701005,865
3502701006,1295
3502701007,1485
3502701008,1575
3502701009,1485
3502701010,1180
3502801001,4470
3502801002,4450
3502801003,2465
3502801004,2965
3502801005,2170
3502801006,2555
3502901001,1415
3502901002,1265
3502901003,1450
3502901004,1580
3503001001,1375
3503001002,1455
3503001003,1615
3503001004,1630
3503001005,2125
3503001006,2470
3503001007,2635
3503101001,2380
3503101002,2190
3503101003,1305
3503101004,690
3503101005,1555
3503101006,995
3503201001,1660
3503201002,1670
3503201003,565
3503301001,1200
3503301002,880
3503301003,435
3503301004,1160
3503301005,935
3503301006,1515
3503301007,1610
3503401001,2390
3503401002,850
3503401003,2780
3503401004,4180
3503401005,4270
3600101001,485
3600101002,505
3600102001,1315
3600103001,825
3600201001,875
3600201002,950
3600202001,985
3600202002,900
3600301001,785
3600301002,1520
3600301003,1055
3600301004,1635
3600302001,1770
3600302002,1475
3600302003,1625
3600302004,2060
3600401001,2310
3600401002,675
3600401003,685
3600401004,1530
3600401005,2825
3600401006,595
3600402001,1455
3600402002,340
3600403001,1455
3600403002,465
3600501001,2750
3600501004,3745
3600502001,705
3600502002,1615
3600503002,1120
3600601001,1425
3600601002,2040
3600602001,2980
3600602002,1670
3600602003,0
3600602004,1725
3600603001,1650
3600603002,1815
3600603003,655
3600701001,605
3600702001,1415
3600801001,2445
3600801002,1245
3600801003,2770
3600801004,1680
3600802001,1645
3600802002,1380
3600802003,1945
3600802004,1115
3600802005,1530
3600802006,905
3600802007,1435
3600802008,2440
3600802009,750
3600802010,915
3600803001,775
3600803002,1120
3600803003,1440
3600803004,690
3600901001,890
3600901002,1640
3600901003,815
3600902001,1150
3600903001,935
3601001001,2225
3601001002,1275
3601101001,880
3601102001,970
3601201001,740
3601201002,790
3601202001,390
3601202002,680
3601203001,1795
3601301001,845
3601301003,735
3601302001,490
3601303001,765
3601401001,665
3601401002,1020
3601402001,525
3601501001,1630
3601501002,865
3601502001,1180
3601503001,610
3601503002,710
3601601001,735
3601602001,535
3601701001,1120
3601701002,1290
3601701003,925
3601701004,570
3601701005,285
3601701006,1835
3601701007,1255
3601701008,1670
3601701009,1305
3601701010,1365
3601702001,675
3601702002,1015
3601702003,930
3601703001,1100
3601703002,760
3601704001,540
3601704002,980
3601705001,720
3601705002,1480
3601706001,845
3601706002,925
3601801001,1010
3601801002,505
3601801003,1030
3601802001,970
3601803001,400
3601901001,1090
3601901002,810
3602001001,1215
3602002001,835
3602003001,725
3602101001,2160
3602101002,1880
3602101003,1400
3602101004,775
3602101005,1180
3602102001,1050
3602102002,1065
3602103001,2145
3602103002,2380
3602201001,2050
3602201002,2070
3602201003,2460
3602201004,1405
3602201005,1995
3602202001,665
3602202002,605
3602301001,995
3602301002,1365
3602301003,1630
3602301004,700
3602301005,1435
3602302001,1110
3602302002,2055
3602303001,1060
3602401001,1625
3602401002,2150
3602401003,925
3602401004,1415
3602401005,1460
3602401006,2170
3602401007,1720
3602401008,1975
3602402001,535
3602402002,805
3602402003,925
3602403001,995
3602403002,540
3602404001,860
3602404002,505
3602405001,1575
3602501001,2710
3602503001,185
3602601001,1780
3602601002,2020
3602601003,2725
3602601004,1160
3602601005,2180
3602601006,1770
3602601007,1725
3602601008,1240
3602601009,1000
3602601010,1495
3602601011,2145
3602602001,2395
3602602002,1215
3602603001,1555
3602603002,870
3602701001,1745
3602702002,1510
3602702003,2200
3602801001,690
3602801002,1590
3602802001,870
3602802002,490
3602802003,1295
3602901001,1355
3602901002,1655
3602901003,865
3602901004,2005
3602901005,2685
3602902001,2390
3602902002,1565
3602902003,2035
3602903001,2005
3602903002,1145
3602903003,1570
3603001001,1885
3603002001,775
3603002002,565
3603002003,400
3603003001,1225
3603101001,680
3603201001,1520
3603201002,1525
3603202001,1370
3603301001,1300
3603301002,1610
3603302001,1745
3603302002,1495
3603302003,1085
3603303001,1740
3603303002,930
3603303003,1600
3603303004,2365
3603303005,1325
3603401001,1115
3603401002,1030
3603402001,1385
3603403001,750
3603501001,1710
3603501002,1580
3603501003,1945
3603502001,1785
3603502002,1195
3603502003,930
3603502004,2435
3603503001,2055
3603503002,1835
3603503003,2350
3603601001,825
3603601002,1285
3603602001,990
3603701001,1700
3603702001,1450
3603801001,1125
3603801002,2715
3603801003,2220
3603801004,1480
3603801005,1415
3603801006,1535
3603801007,2540
3603801008,2115
3603801009,2435
3603801010,1180
3603802001,2250
3603802002,1745
3603802003,2060
3603802004,1725
3603802005,1525
3603802006,1960
3603802007,1330
3603802008,1820
3603802009,1460
3603802010,1205
3603802011,1750
3603802012,1820
3603802013,600
3603802014,2575
3603802015,1465
3603802016,1360
3603802017,2590
3603802018,1525
3603802019,995
3603802020,1260
3603802021,1785
3603802022,2710
3603802023,2845
3603802024,970
3603802025,1655
3603803001,0
3603803003,840
3603803004,1745
3603803005,1365
3603804001,780
3603804002,745
3603804003,1300
3603804004,1065
3603804007,1260
3603804008,1605
3603804009,885
3603804010,2345
3603804011,1935
3603805002,965
3603805003,1245
3603805005,900
3603805006,275
3603807001,1010
3603901001,2630
3603901002,745
3603901003,1375
3603901004,560
3603901005,2685
3603901006,1805
3603901007,1855
3603902001,585
3603902002,1000
3603902003,1430
3603903001,1740
3603903002,1610
3604001001,1330
3604002001,875
3604002002,870
3604101001,1375
3604101002,1985
3604101003,1895
3604101004,730
3604101005,1685
3604101006,1910
3604101007,2115
3604101008,1645
3604102001,1255
3604102002,810
3604102003,1220
3604201001,2310
3604201002,1720
3604201003,720
3604201004,505
3604201005,845
3604201006,1790
3604201007,1540
3604201008,2075
3604201009,2215
3604201010,1535
3604202001,1115
3604202002,855
3604203001,1105
3604203002,1140
3604203003,1045
3604204001,1055
3604204002,450
3604204003,1225
3604301001,1195
3604301002,510
3604301003,685
3604302001,940
3604303001,1155
3604303002,1255
3604401001,840
3604401002,2295
3604501001,2070
3604501002,2630
3604501003,1445
3604501004,1670
3604501005,780
3604501006,1995
3604502001,1045
3604502002,850
3604502003,1400
3604502004,1620
3604502005,1935
3604502006,920
3604502007,1275
3604502008,1290
3604503001,1005
3604503002,1395
3604503003,3380
3604504001,970
3604504002,1025
3604504003,1120
3604601001,1790
3604601002,835
3604602001,1585
3604602002,795
3604701001,950
3604702001,1005
3604703001,965
3604801001,1245
3604801002,835
3604801003,1135
3604801004,1380
3604802001,915
3604802002,1000
3604901001,2000
3604901002,1075
3604901003,555
3604901004,2700
3604902001,1675
3604902002,805
3605001001,1455
3605001002,1360
3605001003,885
3605001004,675
3605001005,1195
3605001006,810
3605001007,1520
3605001008,465
3605001009,1150
3605101001,3255
3605101002,1190
3605101003,2140
3605101004,1635
3605101005,2295
3605101006,1460
3605102001,920
3605102002,1805
3605102003,1175
3605103001,1670
3605201001,2065
3605201002,555
3605201003,1320
3605202001,635
3605202002,870
3605202003,565
3605203001,910
3605204001,1360
3605204002,825
3605301001,880
3605301002,1150
3605302001,1745
3605302002,1280
3605302003,2215
3605401001,2610
3605401002,1150
3605402001,1935
3605402002,2335
3605403001,895
3605403002,1480
3605404001,1900
3605404002,1340
3605501001,2620
3605501002,1765
3605501003,1700
3605502001,1950
3605502002,1260
3605502003,1100
3605502004,660
3605503001,1335
3605503002,1160
3605504001,1980
3605504002,985
3605504003,530
3605601001,2615
3605601002,1110
3605602001,0
3605602002,195
3605603001,2130
3605701001,1340
3605701002,1220
3605701003,1200
3605701004,1785
3605701005,955
3605701006,960
3605701007,1610
3605701008,1115
3605701009,1095
3605701010,1935
3605701011,1165
3605701012,1510
3605701013,1785
3605701014,1580
3605701015,925
3605701016,2170
3605702001,1285
3605702002,1010
3605702003,1205
3605702004,1260
3605702005,810
3605702006,1190
3605702007,1240
3605702008,770
3605702009,1095
3605702010,1230
3605702011,1680
3605702012,805
3605702013,850
3605702014,750
3605702015,1195
3605702016,725
3605702017,1830
3605702018,1210
3605702019,1000
3605702020,665
3605702021,795
3605702022,1225
3605702023,960
3605702024,395
3605702025,1025
3605702026,1400
3605702027,1400
3605702028,1575
3605702029,2015
3605702030,535
3605702031,510
3605703001,1670
3605703002,1570
3605703003,1495
3605703004,2010
3605703005,825
3605703006,1030
3605703007,1195
3605703008,670
3605703009,535
3605703010,1110
3605703011,995
3605703012,1650
3605703013,645
3605703014,1205
3605703015,1285
3605703016,1200
3605703017,1425
3605703018,540
3605703019,1360
3605703020,1390
3605703021,1030
3605703022,1885
3605703023,1010
3605703024,1350
3605703025,760
3605703026,760
3605703027,1025
3605703028,850
3605703029,895
3605703030,930
3605703031,895
3605703032,785
3605703033,700
3605703034,1345
3605703035,1250
3605703036,1350
3605703037,1580
3605704001,1085
3605704002,1305
3605704003,1145
3605704004,1370
3605704005,1495
3605704006,800
3605704007,865
3605704008,840
3605704009,710
3605704010,1080
3605704011,735
3605704012,830
3605704013,590
3605704014,705
3605704015,1480
3605704016,725
3605704017,490
3605704018,1300
3605704019,1355
3605704020,2040
3605704021,1205
3605704022,1015
3605704023,795
3605704024,1410
3605704025,1090
3605704026,650
3605704027,750
3605704028,1050
3605704029,890
3605704030,970
3605704031,1145
3605704032,825
3605704033,1490
3605704034,870
3605704035,1275
3605704036,1400
3605704037,770
3605704038,1815
3605704039,1225
3605704040,1195
3605704041,840
3605704042,1215
3605705001,1790
3605705002,1210
3605705003,755
3605705004,2335
3605705005,1260
3605705006,1425
3605705007,1180
3605705008,1485
3605705009,1545
3605705010,1770
3605705011,1205
3605705012,560
3605706001,890
3605706002,980
3605706003,1300
3605706004,1050
3605706005,1125
3605706006,715
3605706007,880
3605706008,925
3605706009,1565
3605706010,1090
3605706011,830
3605706012,1040
3605706013,580
3605706014,655
3605706015,1430
3605706016,1025
3605706017,1090
3605706018,955
3605706019,940
3605706020,1060
3605706021,1510
3605706022,890
3605706023,1195
3605706024,1335
3605706025,995
3605707001,1485
3605707002,1505
3605707003,1400
3605707004,1975
3605707005,1615
3605707006,1050
3605707007,795
3605707008,815
3605707009,1460
3605707010,1060
3605707011,1555
3605707012,1280
3605707013,650
3605707014,2285
3605707015,1250
3605707016,955
3605707017,535
3605707018,995
3605707019,850
3605707020,1995
3605707021,2430
3605707022,1695
3605707023,1430
3605707024,2385
3605707025,1365
3605707026,2180
3605707027,1865
3605707028,820
3605707029,2320
3605707030,1460
3605707031,1315
3605707032,915
3605707033,680
3605707034,1060
3605707035,990
3605707036,2095
3605707037,1540
3605707038,1090
3605707039,2285
3605707040,945
3605707041,1270
3605707042,1420
3605707043,1025
3605707044,1150
3605708001,835
3605708002,945
3605708003,1035
3605708004,1080
3605708005,1335
3605708006,960
3605708007,640
3605708008,1490
3605708009,660
3605708010,1060
3605708011,1600
3605708012,1545
3605708013,750
3605708014,1640
3605708015,1330
3605708016,1025
3605708017,1260
3605708018,895
3605709001,1480
3605709002,1750
3605709003,920
3605709004,1475
3605709005,2200
3605709006,1865
3605709007,1175
3605709008,1485
3605709009,1495
3605709010,1295
3605709011,1070
3605709012,830
3605709013,1225
3605709014,1575
3605709015,1400
3605709016,2665
3605709017,1220
3605709018,2405
3605802001,3290
3605802002,2745
3605901001,2275
3605901002,770
3605902001,1315
3605903001,500
3605903002,1215
3606001001,1880
3606001002,1615
3606001003,1185
3606001004,1295
3606001005,1120
3606001006,720
3606001007,2480
3606001008,1395
3606001009,2135
3606001010,2765
3606001011,1755
3606001012,1240
3606001013,1390
3606001014,985
3606002001,1150
3606002002,1565
3606002003,790
3606003001,1090
3606003003,1055
3606004001,1115
3606004002,1525
3606004003,1515
3606004004,1390
3606004005,1970
3606004006,660
3606004007,1590
3606101001,1440
3606101005,1875
3606102001,965
3606102002,850
3606103001,2460
3606103002,1025
3606103003,1825
3690101001,1845
3690101002,1235
3690101003,1895
3700101001,235
3700201001,135
3700301001,140
3700401001,40
3700501001,100
3700601001,155
3700701001,540
3700801001,1470
3700801002,1600
3700801003,2205
3700901001,250
3701001001,1190
3701101001,140
3701201001,165
3701301001,135
3701401001,1355
3701501001,355
3701601001,665
3701701001,290
3701801001,130
3701901001,165
3702001001,525
3702101001,90
3702201001,320
3702301001,1475
3702401001,105
3702501001,300
3702601001,215
3702701001,290
3702801001,170
3702901001,230
3703001001,100
3703101001,435
3703201001,610
3703301001,105
3703401001,95
3703501001,365
3703601001,75
3703701001,130
3703801001,935
3703901001,345
3704001001,455
3704101001,85
3704201001,50
3704401001,525
3704501001,30
3704601001,610
3704601002,1160
3704601003,855
3704602001,1170
3704602002,1100
3704603001,1010
3704603002,1530
3704603003,1595
3704604001,905
3704604002,1320
3704604003,425
3704604004,1045
3704604005,1415
3704701001,140
3704901001,165
3705001001,75
3705101001,95
3705201001,310
3705401001,310
3705501001,150
3705601001,75
3705701001,250
3705801001,70
3705901001,145
3706001001,250
3706101001,275
3706201001,95
3706301001,95
3706501001,370
3706701001,2090
3706701002,1960
3706801001,430
3706901001,1150
3707001001,605
3707101001,100
3707201001,200
3707301001,655
3707401001,190
3707701001,305
3707801001,1000
3707901001,80
3708001001,290
3708101001,1050
3708201001,1000
3708301001,210
3708501001,1900
3708501002,1775
3708501003,2790
3708601001,115
3708701001,1060
3708801001,240
3708901001,75
3709001001,60
3709101001,170
3709201001,1905
3709601001,255
3709701001,50
3709801001,375
3709901001,100
3710001001,90
3710101001,195
3710201001,445
3710301001,575
3710401001,35
3710601001,305
3710701001,550
3710701002,365
3710702001,1705
3710702002,740
3710702003,1315
3710702004,1880
3710702005,1245
3710702006,1200
3710702007,1810
3710702008,1175
3710703001,1180
3710801001,105
3710901001,200
3711001001,115
3711201001,180
3711301001,485
3711401001,95
3711501001,155
3711601001,90
3711701001,1685
3711801001,150
3711901001,120
3712001001,115
3712101001,625
3712201001,250
3712301001,215
3712401001,255
3712501001,265
3712601001,45
3712701001,265
3712801001,285
3712901001,290
3713001001,190
3713101001,220
3713201001,420
3713301001,115
3713401001,275
3713501001,1400
3713601001,735
3713701001,115
3713801001,255
3713901001,250
3714001001,1175
3714101001,175
3714201001,740
3714301001,470
3714401001,430
3714501001,305
3714601001,150
3714701001,200
3714801001,500
3714901001,80
3715001001,45
3715101001,155
3715201001,520
3715401001,165
3715501001,100
3715601001,2215
3715601002,1815
3715601003,1935
3715701001,95
3715801001,295
3715901001,105
3716001001,685
3716101001,165
3716201001,250
3716301001,50
3716401001,335
3716501001,35
3716601001,230
3716701001,175
3716801001,545
3716901001,210
3717001001,1830
3717101001,530
3717201001,930
3717301001,1110
3717302001,690
3717401001,1225
3717501001,465
3717601001,155
3717701001,330
3717801001,105
3717901001,215
3718001001,65
3718101001,315
3718201001,110
3718301001,450
3718401001,390
3718501001,640
3718601001,115
3718701001,665
3718801001,210
3718901001,155
3719001001,250
3719101001,135
3719201001,275
3719301001,495
3719401001,310
3719501001,55
3719601001,100
3719701001,105
3719801001,255
3719901001,165
3720001001,235
3720101001,305
3720201001,1295
3720301001,185
3720401001,305
3720501001,265
3720601001,115
3720701001,310
3720801001,95
3720901001,470
3721101001,240
3721201001,135
3721301001,110
3721401001,140
3721501001,180
3721601001,335
3721701001,60
3721801001,85
3721901001,205
3722101001,510
3722201001,130
3722301001,125
3722401001,230
3722501001,135
3722601001,175
3722801001,420
3722901001,165
3723001001,260
3723101001,305
3723201001,460
3723301001,60
3723401001,400
3723501001,255
3723601001,160
3723701001,390
3723801001,125
3723901001,250
3724001001,955
3724101001,190
3724201001,115
3724301001,125
3724401001,160
3724501001,380
3724601001,1570
3724601002,1940
3724602001,1980
3724602002,1275
3724701001,230
3724801001,170
3724901001,50
3725001001,430
3725101001,145
3725201001,130
3725301001,160
3725401001,210
3725501001,70
3725601001,260
3725701001,55
3725801001,230
3725901001,45
3726001001,180
3726101001,255
3726201001,80
3726301001,400
3726401001,75
3726501001,250
3726601001,90
3726701001,230
3726801001,120
3726901001,535
3727001001,240
3727101001,440
3727201001,170
3727301001,120
3727401001,780
3727401002,1575
3727401003,560
3727401004,875
3727401005,1640
3727401006,1495
3727401007,1100
3727401008,750
3727401009,1280
3727401010,965
3727401011,730
3727401012,705
3727402001,1095
3727402002,1325
3727402003,1215
3727402004,1325
3727402005,1635
3727402006,1035
3727402007,1105
3727402008,1335
3727402009,1145
3727402010,1495
3727402011,685
3727402012,1530
3727402013,925
3727402014,740
3727402015,860
3727402016,690
3727402017,815
3727402018,2125
3727402019,700
3727402020,1420
3727403001,395
3727403002,1480
3727403003,1020
3727403004,1115
3727403005,970
3727403006,430
3727403007,3065
3727403008,835
3727403009,2390
3727403010,1260
3727403011,1185
3727403012,710
3727403013,1520
3727403014,1475
3727403015,1075
3727403016,1030
3727403017,2005
3727403018,2180
3727403019,1290
3727404001,825
3727404002,1210
3727404003,850
3727404004,1430
3727404005,1520
3727404006,925
3727404008,1405
3727404009,2880
3727404010,2020
3727404011,1110
3727404012,2350
3727404013,1345
3727404014,920
3727404016,1240
3727404017,3030
3727404018,675
3727404019,2365
3727404020,740
3727404021,1705
3727404022,1895
3727404023,1320
3727405001,1295
3727405002,1395
3727405003,715
3727405004,985
3727405005,960
3727405006,1350
3727405007,1200
3727405008,1035
3727405009,1785
3727405010,1475
3727405011,1110
3727405012,1960
3727405013,1415
3727405014,935
3727405015,1140
3727405016,900
3727405017,1295
3727405018,970
3727405019,695
3727405020,1655
3727405021,595
3727405022,870
3727405025,1170
3727405026,1170
3727406001,1015
3727406002,1310
3727406003,1280
3727406004,705
3727406005,1335
3727406006,1165
3727406007,785
3727406008,1370
3727406009,1140
3727406010,1550
3727406011,2310
3727406012,1055
3727406013,1915
3727406014,1450
3727406015,690
3727406016,965
3727406017,1950
3727406019,1360
3727406020,1490
3727406021,2575
3727406022,675
3727406023,1680
3727501001,140
3727601001,190
3727701001,65
3727801001,990
3727901001,865
3728001001,90
3728101001,40
3728201001,245
3728301001,150
3728401001,360
3728501001,470
3728601001,260
3728701001,380
3728801001,290
3728901001,280
3729001001,145
3729101001,310
3729201001,95
3729301001,130
3729401001,1835
3729401002,1435
3729401003,1910
3729401004,1385
3729401005,2515
3729401006,1995
3729401007,1145
3729401008,1110
3729401009,1160
3729601001,400
3729701001,530
3729801001,220
3729901001,260
3730001001,670
3730101001,85
3730201001,385
3730301001,220
3730401001,200
3730501001,230
3730601001,325
3730701001,185
3730901001,45
3731001001,155
3731101001,265
3731201001,325
3731301001,650
3731401001,95
3731501001,100
3731601001,905
3731701001,355
3731801001,245
3731901001,140
3732001001,100
3732101001,175
3732201001,1310
3732201002,2045
3732301001,440
3732401001,420
3732501001,115
3732701001,210
3732801001,245
3732901001,45
3733001001,380
3733101001,250
3733201001,85
3733301001,270
3733401001,90
3733501001,490
3733601001,60
3733701001,160
3733801001,105
3733901001,350
3734001001,160
3734101001,75
3734201001,280
3734301001,70
3734401001,280
3734501001,200
3734601001,285
3734701001,580
3734801001,125
3734901001,140
3735001001,445
3735101001,315
3735201001,225
3735301001,150
3735401001,1340
3735401002,2110
3735401003,1960
3735401004,1185
3735501001,180
3735601001,100
3735701001,295
3735801001,180
3735901001,205
3736001001,275
3736101001,100
3736201001,2340
3736201002,2165
3736201003,1500
3736301001,135
3736401001,900
3736501001,215
3736601001,45
3736701001,225
3736801001,20
3736901001,175
3737001001,395
3737101001,235
3737201001,130
3737301001,865
3737401001,1465
3737501001,880
3737601001,1375
3737601002,1445
3737701001,285
3737801001,115
3737901001,190
3738001001,55
3738101001,160
3738201001,210
3800101001,2095
3800101002,2510
3800101003,2145
3800101004,1580
3800101005,1660
3800101006,940
3800101007,5495
3800101008,5785
3800101009,3590
3800101010,2550
3800101011,9050
3800101012,2195
3800101013,3265
3800201001,1150
3800301001,2000
3800401001,2240
3800401002,1565
3800401003,1705
3800501001,975
3800501002,720
3800501003,1340
3800501004,2635
3800501005,1185
3800501006,830
3800601001,960
3800601002,1195
3800601003,1635
3800601004,2385
3800601005,2395
3800601006,2935
3800601007,2925
3800601008,1065
3800601009,2145
3800601010,975
3800601011,3885
3800601012,3120
3800601013,2530
3800601014,4425
3800601015,4305
3800601016,5315
3800601017,1680
3800601018,2440
3800601019,5585
3800601020,1975
3800601021,3720
3800601022,3110
3800601023,1385
3800601024,2210
3800601025,1180
3800601026,2660
3800601027,1875
3800601028,2400
3800601029,3035
3800701001,1260
3800701002,805
3800801001,1385
3800801002,2300
3800801003,2455
3800801004,1025
3800901001,2490
3800901002,2830
3801001001,1245
3801001002,895
3801001003,1295
3801001004,1390
3801101001,1475
3801101002,1320
3801101003,3100
3801101004,1315
3801101005,1980
3801101006,2450
3801101007,2420
3801101008,805
3801101009,705
3801101010,1410
3801101011,1950
3801102001,1190
3801102002,1370
3801102003,1600
3801102004,1450
3801102005,1385
3801201001,1820
3801201002,1080
3801301001,2255
3801301002,1690
3801401001,1080
3801401002,735
3801501001,1675
3801501002,675
3801502001,1125
3801502002,1480
3801601001,630
3801602001,915
3801701001,1320
3801701002,1065
3801701003,2465
3801701004,1580
3801701005,705
3801701006,1400
3801701007,1385
3801701008,3370
3801701009,1570
3801701010,4705
3801701011,3655
3801701012,1175
3801701013,4725
3801701014,1655
3801701015,3565
3801701016,1440
3801701017,3300
3801701018,2095
3801801001,1515
3801801002,1965
3801801003,1940
3801901001,1550
3801901002,1965
3801901003,830
3801901004,1875
3801901005,4480
3801901007,1650
3801901008,1985
3801901009,735
3801901010,3015
3801901011,1645
3802001001,1390
3802001002,610
3802001003,1930
3802001004,1080
3802001005,720
3802001006,895
3802001007,1535
3802001008,1090
3802001009,1415
3802001010,545
3802001011,2455
3802002001,1495
3802002002,890
3802003001,970
3802003002,1160
3802101001,870
3802102001,1185
3802201001,1905
3802201002,1565
3802201003,1080
3802201004,815
3802201005,835
3802201006,1825
3802202001,975
3802202002,775
3802202003,750
3802203001,1315
3802203002,1285
3802203003,890
3802203004,925
3802204001,495
3802204002,1530
3802204003,1760
3802204004,740
3802205001,885
3802205002,2935
3802301001,735
3802301002,665
3802301003,1350
3802301004,970
3802301005,2185
3802301006,1665
3802301007,1960
3802301008,1080
3802301009,1500
3802301010,940
3802301011,695
3802301012,1645
3802301013,535
3802301014,1300
3802301015,970
3802301016,1385
3802301017,960
3802301018,1410
3802301019,1075
3802301020,870
3802301021,1245
3802301022,1450
3802301023,1695
3802301024,1215
3802301025,900
3802301026,1630
3802301027,665
3802301028,2240
3802301029,1005
3802301030,1630
3802301031,1435
3802301032,1420
3802302001,1245
3802302002,960
3802302003,1985
3802302004,745
3802302005,1650
3802302006,2450
3802302007,1585
3802302008,1075
3802302009,1700
3802302010,1675
3802302011,1245
3802302012,1235
3802302013,1615
3802302014,280
3802302015,1235
3802302016,1165
3802302017,1575
3802302018,2895
3802302019,1080
3802302020,1065
3802302021,2070
3802302022,1290
3802302023,1265
3802303001,1180
3802303002,3490
3802303003,2325
3802303004,1905
3802303005,1050
3802303006,1735
3802303007,1275
3802303008,2720
3802303009,1430
3802303010,1125
3802303011,2040
3802303012,1875
3802303013,1510
3802303014,480
3802303015,1505
3802303016,1680
3802303017,945
3802303018,915
3802303019,1775
3802303020,2530
3802303021,805
3802303022,830
3802303023,1960
3802303024,2310
3802304001,2705
3802304002,2275
3802304003,1410
3802304004,915
3802304005,990
3802304006,1305
3802304007,2590
3802305001,895
3802305002,1590
3802305003,975
3802305004,2095
3802305005,2240
3802305006,1245
3802305007,1780
3802305008,1020
3802305009,3230
3802305010,2145
3802305011,1190
3802305012,1285
3802305013,1785
3802306001,1425
3802306002,1745
3802306003,800
3802306004,1205
3802401001,2525
3802401002,2180
3802401003,1410
3802401004,1190
3802401005,2090
3802401006,1790
3802401007,1040
3802402001,1600
3802402002,1525
3802403001,2425
3802403002,1830
3802403003,840
3802501001,2925
3802501002,1755
3802501003,2200
3802501004,1105
3802501005,660
3802601001,855
3802601002,1550
3802601003,615
3802601004,1750
3802602001,2250
3802602002,1240
3802602003,2100
3802602004,1005
3802603001,1605
3802603002,1135
3802603003,1790
3802603004,2320
3802603005,1800
3802603006,2035
3802604001,2195
3802604002,1435
3802604003,1155
3802604004,660
3802604005,1630
3802605001,1840
3802605002,725
3802605003,2095
3802605004,1160
3802605005,1775
3802606001,585
3802606002,1390
3802606003,1180
3802606004,1545
3802701001,1425
3802702001,2320
3802703001,1465
3802703002,1555
3802704001,905
3802801001,1165
3802801002,3520
3802801003,2030
3802801004,1705
3802802001,1105
3802802002,460
3802802003,1070
3802802004,2450
3802802005,2325
3802803001,930
3802803002,1525
3802803003,540
3802803004,1425
3802803005,1470
3802803006,1170
3802804001,2100
3802804002,1420
3802804003,2685
3802804004,1065
3802804005,1030
3802901001,825
3802901002,905
3803001001,1575
3803001002,835
3803101001,1285
3803101002,2310
3803101003,2340
3803101004,2345
3803101005,1780
3803101006,2875
3803101007,1310
3803102001,1600
3803102002,1220
3803102003,1190
3803103001,1240
3803103002,1205
3803103003,1860
3803103004,1275
3803103005,1885
3803104001,1830
3803104002,1930
3803104003,1220
3803104004,1795
3803105001,935
3803105002,1010
3803105003,855
3803106001,1165
3803106002,1070
3803201001,1065
3803201002,980
3803201003,1130
3803201004,1550
3803201005,595
3803201006,2455
3803201007,1490
3803201008,2425
3803201009,595
3803201010,1515
3803201011,2660
3803201012,790
3803301001,1255
3803301002,770
3803301003,1650
3803302001,895
3803401001,1595
3803401002,1795
3803401003,720
3803401004,935
3803501001,2200
3803501002,2510
3803501003,1755
3803501004,3350
3803501005,810
3803501006,1400
3803501007,4415
3803601001,2320
3803601002,1740
3803601003,815
3803601005,2110
3803601006,1280
3803601007,645
3803701001,1420
3803701002,725
3803701003,2505
3803702001,590
3803702002,1340
3803702003,1160
3803702004,515
3803702005,1300
3803703001,1665
3803703002,1175
3803703003,820
3803703004,1660
3803703005,1600
3803801001,1035
3803801002,915
3803801003,2090
3803801004,1570
3803801005,930
3803801006,1655
3803801007,1290
3803801008,1475
3803801009,965
3803801010,1280
3803801011,1540
3803801012,1760
3803802001,1265
3803802002,320
3803802003,1690
3803802004,650
3803802005,1615
3803802006,1355
3803802007,570
3803802008,1055
3803802009,1295
3803803001,2780
3803803002,795
3803803003,1240
3803803004,620
3803803005,1015
3803803006,575
3803803007,755
3803803008,990
3803803009,795
3803803010,745
3803803011,895
3803803013,1100
3803803014,1760
3803803015,1175
3803803016,350
3803803017,410
3803803018,745
3803803019,670
3803803020,780
3803804001,895
3803804002,675
3803804003,1265
3803804004,1395
3803804005,1295
3803804006,1260
3803804007,1005
3803804009,1010
3803804010,665
3803804011,995
3803804012,745
3803804014,640
3803804015,620
3803805001,1550
3803805002,1655
3803805003,1105
3803805004,970
3803805005,1580
3803805006,1090
3803805007,1530
3803805008,780
3803805009,1590
3803805010,1490
3803805011,1030
3803805012,1580
3803805013,855
3803805014,1200
3803805015,740
3803806001,1340
3803806002,385
3803806003,1195
3803806004,530
3803806005,1135
3803806006,305
3803806007,1940
3803806008,845
3803806010,1290
3803806011,1195
3803806012,1115
3803806013,885
3803806014,1120
3803806016,1400
3803806017,530
3803806018,1345
3803806019,805
3803806020,1035
3803806021,1720
3803806022,1940
3803806023,1545
3803806024,845
3803806025,2100
3803806026,835
3803806027,915
3803806028,2110
3803806029,765
3803807001,1650
3803807002,2640
3803807003,1450
3803807004,880
3803807005,1190
3803807006,1670
3803807007,1570
3803807008,575
3803807009,1675
3803808001,1740
3803809001,1115
3803809002,645
3803809003,1420
3803809006,1120
3803809007,490
3803809009,1675
3803809010,1595
3803809011,1020
3803809012,1475
3803809014,1170
3803809015,1135
3803809016,1605
3803809018,885
3803809019,1665
3803809021,1460
3803809022,1385
3803810001,945
3803810002,875
3803810003,960
3803810004,1135
3803810005,990
3803810006,685
3803810007,830
3803810008,1190
3803810009,910
3803810010,675
3803810011,1465
3803810012,920
3803810013,630
3803810014,1285
3803810015,1090
3803810016,1035
3803810017,565
3803811001,1325
3803811002,1550
3803811003,2090
3803811004,1240
3803811005,1395
3803811006,2715
3803811007,2225
3803811008,1125
3803811009,1385
3803811010,835
3803811011,700
3803811012,2745
3803811013,1340
3803811014,1620
3803811015,1565
3803811016,890
3803811017,860
3803811018,2125
3803812001,1825
3803812002,1880
3803812003,1130
3803812004,1405
3803812005,1520
3803812006,1870
3803812007,1740
3803812008,1860
3803812009,3850
3803812010,1265
3803901001,1440
3803901002,1440
3803901003,840
3803901004,1975
3803901005,1435
3803901006,1640
3803901007,2085
3803901008,1195
3803901009,2030
3804001001,1945
3804001002,2235
3804001003,1925
3804001004,4565
3804101001,1870
3804101002,1910
3804101003,1285
3804101004,2130
3804101005,1700
3804201001,1355
3804201002,1630
3804201003,1170
3804201004,675
3804301001,1925
3804301002,1115
3804301003,2295
3804301004,1150
3804301005,1550
3804301006,1150
3804301007,1095
3804301008,1425
3804301009,1170
3804301010,1490
3804301011,2490
3804301012,2075
3804301013,1665
3804301014,1725
3804301015,1295
3804401001,1380
3804401002,1435
3804501001,625
3804501002,1480
3804501003,1380
3804501004,1275
3804601001,1520
3804601002,1945
3804601003,1385
3804601004,2100
3804601005,1305
3804601006,1220
3804601007,1405
3804701001,1745
3804701002,930
3804801001,2560
3804801002,1450
3804801004,985
3804901001,3690
3804901002,795
3805001001,2160
3805003001,795
3805101001,1030
3805101002,1810
3805101003,1450
3805101004,1295
3805101005,1470
3805101006,1895
3805201001,1785
3805301001,1375
3805301002,800
3805301003,1250
3805301004,785
3805301005,615
3890101001,1750
3900101001,990
3900101002,900
3900101003,595
3900201001,2475
3900201002,1185
3900201003,595
3900301001,350
3900401001,965
3900401002,830
3900501001,1700
3900601001,965
3900601002,1155
3900701001,520
3900801001,1100
3900801002,965
3900801003,1625
3900801004,1315
3900801005,1610
3900801006,3405
3900801007,790
3900801008,960
3900802001,1495
3900802002,1580
3900802003,1765
3900802004,1200
3900901001,1525
3900901002,1270
3900901003,1310
3901001001,765
3901101001,2065
3901201001,1430
3901201002,1320
3901201003,1490
3901201004,1470
3901202001,1050
3901202002,1385
3901301001,705
3901401001,1035
3901501001,1030
3901601001,945
3901601002,1875
3901601003,1670
3901601004,2100
3901601005,2720
3901601006,750
3901601007,805
3901601008,2205
3901601009,1670
3901601010,695
3901601011,1305
3901601012,995
3901601013,1430
3901601014,1740
3901601015,765
3901602001,1505
3901602002,950
3901602003,2390
3901603001,1625
3901603002,1235
3901603003,2065
3901701001,690
3901801001,1165
3901801002,865
3901801003,2040
3901801004,1460
3901901001,2525
3902001001,1245
3902001002,1260
3902001003,2110
3902002001,1040
3902002002,2205
3902002003,1825
3902002004,2590
3902002005,1525
3902002006,1530
3902002007,2680
3902002008,1060
3902002009,1315
3902002010,1405
3902002011,1140
3902002012,2030
3902002013,1040
3902003001,1190
3902003002,2230
3902003003,570
3902003004,1560
3902003005,675
3902101001,600
3902201001,1340
3902301001,1965
3902301002,1095
3902301003,2795
3902301004,2255
3902401001,640
3902401002,1695
3902501001,1070
3902501002,1725
3902501003,1000
3902501004,1590
3902501005,1145
3902501006,1125
3902501007,1950
3902501008,800
3902502001,1055
3902601001,825
3902601002,1320
3902701001,780
3902701002,775
3902701003,825
3902701004,1430
3902801001,2090
3902801002,1425
3902801003,1125
3902901001,755
3903001001,1685
3903001002,720
3903101001,1510
3903201001,1005
3903201002,730
3903301001,650
3903401001,305
3903501001,1305
3903501002,1320
3903501003,1485
3903502001,905
3903502002,1285
3903502003,880
3903502004,1410
3903502005,665
3903503001,1140
3903503002,1580
3903601001,1285
3903701001,1495
3903701002,920
3903801001,1860
3903901001,695
3904001001,2070
3904001002,1695
3904001003,1500
3904101001,2120
3904201001,2760
3904201002,1110
3904201003,2310
3904202001,1405
3904301001,1780
3904401001,1525
3904401002,1635
3904401003,1505
3904501001,430
3904601001,1095
3904601002,520
3904701001,1555
3904701002,1095
3904801001,770
3904801002,1155
3904901001,360
3905001001,340
3905101001,70
3905201001,1830
3905201002,2520
3905201003,2695
3905201004,1445
3905201005,1690
3905202001,2260
3905202002,1680
3905202003,1880
3905202004,2260
3905202005,1115
3905202006,1800
3905202007,1775
3905301001,255
3905401001,2215
3905401002,2055
3905401003,1195
3905501001,1440
3905601001,875
3905601002,1965
3905701001,1730
3905701002,1020
3905801001,1020
3905901001,745
3905901002,780
3905901003,1080
3905901004,1270
3905901005,930
3905902001,1515
3905902002,1095
3905902003,700
3905902004,765
3905902005,1150
3906001001,1270
3906001002,1345
3906002001,2065
3906002002,1855
3906002003,1710
3906101001,2580
3906101002,835
3906101003,1055
3906201001,1150
3906201002,985
3906301001,1040
3906401001,1635
3906501001,290
3906601001,1050
3906701001,990
3906801001,790
3906901001,1310
3906901002,1045
3907001001,175
3907101001,505
3907201001,425
3907301001,1760
3907301002,1340
3907301003,1425
3907301004,1645
3907301005,2260
3907301006,1795
3907301007,1775
3907401001,1635
3907401002,1095
3907401003,930
3907401004,2155
3907401005,2065
3907401006,1185
3907501001,1170
3907501002,825
3907501003,840
3907501004,800
3907501005,1085
3907501006,955
3907501007,920
3907501008,1160
3907501009,750
3907501010,995
3907501011,720
3907502001,675
3907502002,965
3907502003,1100
3907502004,940
3907502005,1700
3907502006,1000
3907502007,640
3907502008,1155
3907502009,730
3907502010,915
3907502011,975
3907502012,680
3907502013,1295
3907502014,615
3907502015,555
3907502016,1140
3907502017,1125
3907502018,1105
3907502019,1555
3907502020,480
3907502021,1105
3907502022,755
3907502023,1450
3907502024,1505
3907502025,545
3907502026,775
3907502027,1340
3907503001,1260
3907503002,1365
3907503003,1325
3907503004,1190
3907503005,930
3907503006,1345
3907503007,760
3907503008,1280
3907503009,1045
3907503010,1600
3907503011,1805
3907503012,700
3907503013,1095
3907503014,1005
3907503015,975
3907504001,1095
3907504002,1170
3907504003,800
3907504004,1650
3907504005,1545
3907504006,1325
3907504007,1090
3907504008,950
3907504009,1675
3907504010,1125
3907504011,695
3907504012,900
3907504013,1090
3907504014,1565
3907505001,815
3907505002,1110
3907505003,1445
3907505004,1650
3907505005,895
3907505006,1405
3907505007,775
3907505008,545
3907505009,665
3907505010,1665
3907505011,1470
3907505012,1565
3907505013,1180
3907505014,1410
3907505015,690
3907506001,1460
3907506002,1785
3907506003,1250
3907506004,855
3907506005,1365
3907506006,1280
3907506007,1040
3907506008,705
3907506009,1475
3907506010,990
3907506011,1185
3907506012,690
3907506013,1095
3907506014,1055
3907507001,1080
3907507002,1425
3907507003,945
3907507004,1690
3907507005,2000
3907507006,1805
3907507007,910
3907507008,1125
3907507009,1345
3907507010,1265
3907507011,1345
3907507012,1525
3907507013,1205
3907507014,1960
3907507015,1080
3907507016,1735
3907507017,905
3907507018,900
3907507019,740
3907507020,785
3907507021,1485
3907507022,1530
3907507023,1170
3907508001,1545
3907508002,2310
3907508003,705
3907508004,1375
3907508005,1630
3907508006,680
3907508007,1910
3907508008,1450
3907508009,840
3907508010,1245
3907508011,810
3907508012,1040
3907508013,1235
3907508014,960
3907508015,935
3907508016,965
3907508017,1105
3907508018,1890
3907508019,1070
3907508020,3490
3907508021,1895
3907508022,1415
3907508023,2520
3907508024,1505
3907508025,1645
3907508026,1985
3907508027,2340
3907508028,1650
3907601001,2225
3907601002,1960
3907701001,295
3907801001,1595
3907901001,1115
3907901002,2355
3907901003,1115
3907901004,1715
3907902001,1530
3907902002,1710
3907902003,1870
3908001001,1000
3908001002,985
3908001003,880
3908001004,1485
3908101001,505
3908201001,2005
3908301001,1320
3908401001,1035
3908501001,1630
3908501002,1320
3908501003,2495
3908502001,1750
3908502002,1200
3908601001,425
3908701001,1200
3908701002,1055
3908701003,585
3908701004,1310
3908701005,1115
3908701006,1135
3908701007,1470
3908701008,1070
3908701009,1590
3908701010,2105
3908701011,695
3908701012,1755
3908701013,1350
3908701014,670
3908702001,725
3908702002,1390
3908702003,470
3908702004,1060
3908702005,775
3908702006,630
3908702007,1140
3908702008,990
3908702009,1150
3908703001,1065
3908703002,1820
3908703003,1700
3908703004,1075
3908703005,625
3908703006,1720
3908703007,1055
3908703008,1025
3908703009,2225
3908703010,1400
3908703011,760
3908703012,1195
3908704001,1530
3908704002,1420
3908704003,1305
3908704004,710
3908704005,940
3908704006,1025
3908704007,1145
3908704008,1165
3908704009,1490
3908705001,760
3908705002,1270
3908705003,665
3908801001,75
3908901001,165
3909001001,850
3909101001,1145
3909101002,410
3909101003,755
3909201001,1135
3909301001,360
3909401001,1055
3909501001,2070
3909501002,735
3909601001,840
3909701001,790
3909801001,1690
3909901001,1495
3909901002,2240
3910001001,1115
3910101001,360
3910201001,900
3910201002,1870
4000101001,875
4000201001,50
4000301001,165
4000401001,675
4000501001,35
4000601001,25
4000701001,95
4000801001,85
4000901001,50
4001001001,150
4001201001,345
4001301001,70
4001401001,60
4001501001,35
4001601001,60
4001701001,135
4001801001,105
4001901001,45
4002001001,245
4002101001,35
4002201001,240
4002401001,1400
4002501001,215
4002601001,175
4002801001,115
4002901001,45
4003001001,595
4003101001,700
4003201001,790
4003301001,80
4003401001,100
4003501001,185
4003601001,705
4003701001,40
4003901001,345
4004001001,725
4004001002,2030
4004002001,1160
4004101001,1395
4004301001,1515
4004301002,1040
4004401001,165
4004501001,175
4004601001,140
4004701001,50
4004801001,35
4004901001,60
4005101001,55
4005201001,125
4005301001,150
4005401001,190
4005501001,40
4005601001,40
4005701001,635
4005701002,1310
4005801001,395
4005901001,160
4006001001,95
4006101001,90
4006201001,70
4006301001,805
4006301002,2020
4006301003,380
4006302001,1595
4006302002,1485
4006302003,995
4006302004,2390
4006501001,920
4006801001,40
4006901001,115
4007001001,175
4007101001,55
4007201001,220
4007301001,585
4007401001,340
4007501001,215
4007601001,2915
4007601002,2595
4007601003,1840
4007602001,2320
4007701001,1025
4007801001,195
4007901001,255
4008001001,100
4008101001,155
4008201001,135
4008301001,165
4008401001,85
4008601001,955
4008701001,115
4008801001,370
4008901001,275
4009101001,145
4009201001,110
4009301001,95
4009401001,480
4009501001,715
4009701001,245
4009901001,70
4010001001,350
4010101001,1120
4010301001,170
4010401001,365
4010501001,65
4010601001,250
4010701001,140
4010801001,120
4010901001,90
4011001001,445
4011101001,90
4011201001,1730
4011201002,1675
4011301001,530
4011501001,135
4011801001,60
4011901001,255
4012001001,205
4012101001,380
4012201001,665
4012301001,225
4012401001,295
4012501001,105
4012601001,100
4012701001,45
4012801001,170
4012901001,215
4013001001,150
4013101001,65
4013201001,85
4013401001,1030
4013501001,320
4013601001,190
4013801001,1235
4013801002,1695
4013901001,345
4014001001,115
4014101001,1160
4014201001,55
4014301001,110
4014401001,20
4014501001,1440
4014601001,430
4014801001,335
4014901001,675
4015001001,75
4015101001,100
4015201001,1000
4015401001,20
4015501001,3035
4015501002,1430
4015601001,460
4015701001,75
4015801001,25
4015901001,165
4016001001,130
4016101001,55
4016201001,595
4016301001,60
4016401001,210
4016501001,100
4016601001,320
4016801001,35
4017001001,2405
4017101001,45
4017201001,35
4017301001,210
4017401001,475
4017601001,500
4017701001,185
4017801001,130
4017901001,960
4018001001,400
4018101001,1685
4018101002,1275
4018101003,1795
4018102001,790
4018201001,280
4018301001,165
4018401001,315
4018501001,1115
4018601001,45
4018801001,120
4018901001,635
4019001001,60
4019101001,325
4019201001,215
4019301001,275
4019401001,1115
4019401002,1065
4019401003,880
4019401004,565
4019401005,615
4019402001,1575
4019402002,1055
4019403001,860
4019403002,815
4019403003,1285
4019403004,625
4019403005,1150
4019403006,1190
4019403007,975
4019403008,945
4019403009,900
4019404001,1650
4019404002,1665
4019404003,1075
4019404004,940
4019404005,705
4019404006,1715
4019404007,975
4019404008,1035
4019404009,2705
4019404010,1940
4019405001,750
4019405002,905
4019405003,1250
4019405004,1730
4019405005,1165
4019405006,1265
4019405007,2055
4019405008,1915
4019406001,2035
4019406002,1045
4019406003,1150
4019406004,865
4019406005,960
4019407001,980
4019407002,2700
4019407003,2420
4019407004,1300
4019501001,1200
4019601001,50
4019801001,35
4019901001,135
4020001001,75
4020101001,60
4020201001,90
4020301001,1255
4020401001,215
4020501001,305
4020601001,200
4020701001,935
4020801001,1095
4021001001,115
4021101001,90
4021201001,30
4021301001,115
4021401001,295
4021501001,130
4021601001,1085
4021801001,115
4021901001,775
4022001001,80
4022101001,60
4022201001,285
4022301001,285
4022401001,30
4022501001,1615
4022801001,680
4022901001,40
4023001001,160
4023101001,160
4023301001,585
4023401001,495
4090101001,560
4090201001,155
4090301001,125
4090401001,410
4090501001,150
4090601001,1575
4090601002,1305
4100101001,1000
4100102001,1140
4100201001,1040
4100201002,820
4100301001,1215
4100301002,1780
4100401001,425
4100401002,2785
4100401003,930
4100402001,955
4100402003,2105
4100402004,2555
4100402005,1110
4100402006,1885
4100403001,1915
4100403002,795
4100403003,1505
4100403004,3270
4100403005,1205
4100403006,1570
4100403007,1350
4100403008,2130
4100403009,720
4100404001,1980
4100404002,1140
4100404003,1680
4100404004,2925
4100404005,990
4100404006,1985
4100404007,1870
4100404008,960
4100404009,775
4100404010,2140
4100404011,585
4100404012,615
4100404013,2165
4100404014,2570
4100404015,890
4100404016,1065
4100404017,615
4100404018,1005
4100404019,2690
4100404020,1320
4100404021,1420
4100404022,1525
4100404023,2150
4100404024,300
4100404025,2230
4100404026,2955
4100404027,1495
4100404028,1970
4100404029,1810
4100501001,1385
4100501002,910
4100502001,2530
4100502002,1700
4100502003,1965
4100502004,1620
4100502005,1335
4100601001,1830
4100602001,990
4100602002,590
4100701001,1060
4100701002,1245
4100701003,485
4100701004,2695
4100702001,1880
4100702002,1645
4100702003,1975
4100702004,660
4100702005,850
4100702006,1205
4100702007,2035
4100801001,1310
4100901001,580
4100901002,940
4101001001,1725
4101001002,2330
4101001003,1690
4101101001,960
4101101002,1660
4101101003,1620
4101101004,1545
4101102001,425
4101102002,2565
4101102003,2075
4101103001,615
4101103002,920
4101103003,1310
4101103004,1235
4101104001,1715
4101104002,1770
4101104003,1005
4101201001,1665
4101201002,1305
4101201003,1220
4101301001,1430
4101301002,1370
4101302001,1190
4101302002,2120
4101401001,1970
4101401002,1235
4101501001,3110
4101502001,1435
4101502002,1585
4101502003,835
4101601001,1615
4101601002,2695
4101601003,2470
4101602001,1535
4101602002,1395
4101701001,1700
4101701002,1850
4101701003,1900
4101701004,2160
4101701005,1470
4101701006,2315
4101701007,3625
4101701008,1845
4101701009,1155
4101701010,2130
4101801001,1555
4101801002,1895
4101801003,920
4101801004,2170
4101801005,2820
4101801006,1215
4101801007,2195
4101901001,2170
4101901002,1710
4101901003,2535
4102001001,860
4102001002,1865
4102001003,1245
4102002001,2165
4102002002,3470
4102002003,1880
4102002005,3070
4102002006,2040
4102101001,960
4102101002,1765
4102101003,1020
4102101004,1050
4102101005,2550
4102101006,1815
4102102001,1975
4102102002,1585
4102102003,1340
4102102004,2100
4102102005,1065
4102102006,1180
4102102007,1160
4102102008,1475
4102103001,1260
4102103002,2420
4102104001,815
4102104002,875
4102201001,1235
4102201002,1210
4102202001,1300
4102202002,1740
4102301001,855
4102301002,1900
4102301003,970
4102301004,1745
4102302001,705
4102302002,2735
4102302003,1870
4102401001,975
4102401002,795
4102402001,1220
4102403001,940
4102404001,1475
4102404002,1140
4102404003,1625
4102404004,955
4102404005,1925
4102404006,1920
4102404007,1515
4102405001,1190
4102405002,1240
4102405003,2525
4102405004,2055
4102405005,1295
4102406001,1305
4102406002,1940
4102406003,1755
4102406004,910
4102501001,1535
4102502001,985
4102601001,1845
4102601002,1330
4102602001,1405
4102602002,1050
4102701001,2240
4102702001,1120
4102702002,1685
4102801001,2810
4102901001,1950
4102901002,1565
4102901003,2135
4102901004,2495
4102901005,1070
4102901006,1295
4102901007,1235
4102901008,1365
4102901009,1325
4102901010,1595
4102901011,1360
4103001001,640
4103101001,1565
4103201001,730
4103201002,695
4103201003,1010
4103202001,1250
4103202002,1360
4103301001,2345
4103301002,1005
4103302001,1055
4103303001,485
4103303002,635
4103304001,805
4103401001,2555
4103401002,1130
4103401003,670
4103401004,2160
4103401005,2360
4103401006,1100
4103401007,1430
4103401008,1660
4103401009,1705
4103401010,3070
4103402001,2595
4103402002,1230
4103403001,1490
4103403002,2560
4103403003,2135
4103403004,1950
4103501001,1395
4103601001,870
4103601002,985
4103602001,725
4103602002,1020
4103602003,1410
4103701001,2040
4103702001,2040
4103801001,1345
4103801002,3845
4103801003,1050
4103801004,1150
4103801005,1215
4103801006,425
4103801007,1100
4103802001,1935
4103802002,2630
4103802003,2040
4103802004,2985
4103802005,1405
4103802006,635
4103802007,1470
4103802008,1175
4103802009,725
4103802010,1180
4103802011,1110
4103803001,1350
4103803002,1490
4103803003,1135
4103803004,2310
4103803005,2040
4103803006,1205
4103803007,1645
4103803008,1420
4103803009,1470
4103803010,1455
4103803011,1805
4103803012,1440
4103803013,2895
4103803014,1890
4103803015,830
4103804001,1055
4103804002,2265
4103804003,1345
4103804004,1690
4103804005,1600
4103804006,1540
4103804007,2300
4103804008,1795
4103804009,1265
4103804010,635
4103804011,2655
4103804012,2675
4103804013,2450
4103804014,1675
4103804015,3375
4103804016,2150
4103804017,2095
4103804018,2100
4103804019,2335
4103805001,995
4103805002,1405
4103805003,2225
4103805004,1885
4103805005,610
4103805006,75
4103805007,1920
4103805008,1865
4103805009,2835
4103805010,1400
4103805011,1140
4103805012,1655
4103805013,3225
4103805014,915
4103805015,2605
4103805016,1770
4103805017,2015
4103805018,1385
4103805019,1430
4103805020,3005
4103805021,3320
4103805022,1535
4103901001,685
4103901002,1755
4103901003,1665
4103901004,1085
4103901005,1520
4103901006,1365
4103901007,1330
4103901008,2370
4103901009,1055
4103902001,500
4103902002,1320
4103902003,1420
4103902004,1985
4103902005,890
4103903001,2130
4103903002,1235
4103903003,1010
4103903004,1750
4103903005,805
4103903006,1415
4103903007,2330
4103904001,2425
4103904002,1000
4103904004,785
4103904005,435
4103904006,1735
4103905001,1185
4103905002,1725
4103905003,1495
4104001001,2390
4104001002,1545
4104001003,3060
4104001004,2855
4104001005,3155
4104001006,975
4104101001,1805
4104101002,1820
4104102001,1525
4104102002,1720
4104103001,1660
4104103002,880
4104104001,1785
4104104002,1445
4104201001,750
4104201002,560
4104202001,830
4104202002,1670
4104203001,1735
4104203002,1735
4104301001,775
4104401001,1400
4104401002,1325
4104401003,1300
4104401004,3125
4104401005,1150
4104401006,1150
4104501001,1920
4104501002,800
4104502001,1075
4104502002,2045
4104502003,1295
4104601001,1945
4104602001,1970
4104701001,1565
4104701002,1995
4104701003,3190
4104701004,1995
4104701005,1885
4104701006,1805
4104701007,775
4104801001,1180
4104802001,795
4104803001,910
4104901001,2385
4104901002,1800
4104901003,2655
4104901004,1615
4104901005,2290
4104901006,1340
4105001001,1430
4105002001,1195
4105002002,1135
4105003001,2690
4105101001,735
4105101002,1970
4105201001,1455
4105201002,2465
4105301001,2610
4105301003,2105
4105301004,2135
4105301005,1775
4105302001,2450
4105302002,1140
4105302003,1180
4105303001,2080
4105303002,1920
4105303003,1940
4105304001,1270
4105304002,1585
4105304007,750
4105304008,1365
4105304009,2810
4105401001,870
4105501001,1310
4105501002,670
4105501003,1135
4105501004,1390
4105501005,695
4105501006,790
4105502001,790
4105502002,1640
4105502003,1785
4105502004,1380
4105502005,1995
4105502006,520
4105502007,925
4105503001,525
4105503002,300
4105503003,955
4105503004,2485
4105601002,1670
4105601003,1920
4105601004,1055
4105701001,320
4105801001,375
4105801002,815
4105801003,2200
4105802001,1620
4105802002,1420
4105802003,2790
4105802004,1320
4105802005,1705
4105803001,855
4105803002,2455
4105803003,1285
4105803004,1890
4105803005,1990
4105803006,1170
4105901001,1890
4105901002,1730
4105901003,1420
4105901004,1770
4105901005,1905
4105901006,1425
4105901007,905
4105901008,2230
4105901009,2340
4105901010,995
4105901011,1930
4105901012,1370
4105901013,830
4105901014,860
4105901015,1250
4105901016,1315
4105901017,2545
4105901018,1515
4105901019,1215
4105901020,3165
4105901021,1600
4105901022,1735
4105901023,1975
4105901024,1985
4105901025,1105
4105901026,1530
4106001001,2545
4106001002,1560
4106001003,2050
4106002001,1500
4106002002,1925
4106003001,625
4106003002,1430
4106003003,1445
4106003004,1045
4106003005,2930
4106003006,2780
4106101001,1435
4106101002,1345
4106201001,1330
4106201002,1475
4106301001,1575
4106301002,1875
4106401001,765
4106401002,940
4106402001,1385
4106402002,985
4106402003,1850
4106403001,1215
4106501001,2880
4106501002,1665
4106501003,1970
4106501004,2165
4106501005,1695
4106502001,820
4106502002,1070
4106502003,1530
4106502004,2115
4106502005,2495
4106503001,985
4106503002,560
4106503003,1455
4106503005,1190
4106503006,1025
4106504001,815
4106504002,1450
4106504003,1080
4106504004,750
4106505001,470
4106601001,935
4106602001,765
4106701001,1575
4106701002,2130
4106701003,2215
4106702001,2035
4106702002,1545
4106801001,1720
4106801002,1050
4106802001,780
4106802002,675
4106803001,1375
4106803002,2445
4106804001,1780
4106804002,2040
4106804003,1610
4106805001,1040
4106805002,2075
4106805003,1260
4106901001,865
4106901002,1715
4106901003,2450
4106901004,1640
4106901005,2395
4106902001,1240
4106902002,1325
4106902003,710
4106902004,1125
4106902005,1165
4106902006,1440
4106903001,1890
4106903002,915
4106903003,2555
4106903004,2245
4106903005,1935
4106903006,2580
4106904001,2105
4106904002,1650
4106904003,2185
4106904004,1580
4106904005,1340
4106904006,605
4107001001,1375
4107001002,3030
4107001003,1870
4107001004,1385
4107101001,785
4107101002,900
4107102001,1675
4107102002,1140
4107103001,1645
4107103002,890
4107201001,1535
4107201002,2145
4107201003,1695
4107301001,1340
4107301002,855
4107401001,1955
4107401002,1830
4107501001,1640
4107501002,1315
4107501003,1910
4107501004,1465
4107501005,1180
4107501006,2500
4107501007,1395
4107501008,2285
4107601001,1310
4107601002,1490
4107701001,1700
4107701002,895
4107701003,445
4107702001,885
4107702002,2460
4107702003,2290
4107702004,1060
4107703001,865
4107703002,800
4107801001,640
4107802001,945
4107802002,1560
4107901001,2060
4107901002,2385
4107901003,1155
4107901004,2785
4107901005,1385
4107901006,2480
4108001001,1085
4108002001,525
4108101001,2955
4108101002,2450
4108101003,2005
4108101004,2375
4108102001,1400
4108102002,1810
4108102003,2385
4108102004,515
4108102005,1695
4108102006,1700
4108102007,820
4108102008,850
4108102009,1015
4108102010,1380
4108102011,2180
4108102012,895
4108102013,1555
4108102014,2530
4108102015,1425
4108102016,2155
4108102017,1610
4108102018,1640
4108201001,1305
4108201002,2035
4108201003,1025
4108301001,1395
4108401001,2305
4108402001,1240
4108501001,2385
4108501002,1475
4108501003,1505
4108601001,1095
4108601002,1025
4108601003,545
4108602001,3260
4108603001,1730
4108603002,1020
4108603003,895
4108603004,1570
4108603005,3735
4108604001,2485
4108604002,715
4108604003,1005
4108604004,2050
4108604005,330
4108701001,1760
4108701002,1565
4108701003,2150
4108701004,1635
4108701005,1925
4108702001,745
4108702002,1850
4108702003,1435
4108801001,630
4108901001,935
4108902001,2710
4108902002,965
4108902003,1095
4108902004,2695
4109001001,860
4109001002,1155
4109001003,1125
4109001004,1300
4109101001,1275
4109101002,1040
4109101003,1195
4109101004,775
4109101005,1065
4109101006,1315
4109101007,1525
4109101008,1225
4109101009,835
4109101010,1220
4109101011,1175
4109101012,1400
4109101013,845
4109101014,1250
4109101015,1160
4109101016,500
4109101017,2725
4109101018,500
4109101019,1115
4109101020,440
4109101021,1045
4109101022,940
4109101023,1705
4109101024,1130
4109101025,2065
4109101026,1265
4109101027,1080
4109101028,645
4109101029,2185
4109101030,640
4109101031,870
4109101032,1145
4109101033,1200
4109101034,1345
4109101035,405
4109101036,310
4109101037,445
4109101038,1800
4109101039,1775
4109101040,985
4109101041,1700
4109101042,770
4109101043,1215
4109101044,660
4109101045,890
4109101046,1160
4109101047,2165
4109101048,1005
4109101049,945
4109101050,540
4109101051,1890
4109102001,2135
4109102002,500
4109102003,1655
4109102004,1015
4109102005,1735
4109102006,1035
4109102007,1195
4109102008,1800
4109102009,1640
4109102010,1780
4109102011,900
4109102012,885
4109102013,2450
4109102014,1430
4109102015,1820
4109102016,1305
4109102017,625
4109102018,1315
4109102019,1055
4109102020,1415
4109102021,785
4109102022,770
4109102023,2090
4109102024,855
4109102025,1200
4109102026,1085
4109102027,2240
4109102028,1210
4109102029,880
4109102030,1000
4109102031,695
4109102032,640
4109102033,1255
4109102036,625
4109102037,1145
4109102038,1450
4109102039,445
4109102040,1960
4109102041,695
4109102042,1065
4109102043,2090
4109102044,1735
4109102045,515
4109102046,1250
4109102047,1040
4109102048,990
4109102049,1460
4109102050,1140
4109102051,3135
4109102052,400
4109102053,745
4109102054,1105
4109102055,1420
4109102056,1255
4109102057,960
4109102058,1390
4109102059,785
4109102060,720
4109102061,905
4109102062,1015
4109102063,945
4109102064,1115
4109102065,1135
4109102066,810
4109102067,740
4109103001,1945
4109103002,1675
4109103003,1745
4109103004,1980
4109103005,2115
4109103006,1915
4109103007,2040
4109103008,1365
4109103009,1025
4109103010,1200
4109103011,805
4109103012,940
4109103013,1400
4109103014,655
4109103015,940
4109103016,840
4109103017,1305
4109103019,1285
4109103020,945
4109103021,1160
4109103022,1185
4109103023,1550
4109103024,1275
4109103025,925
4109103026,355
4109103027,1390
4109103028,1270
4109103029,505
4109103030,1120
4109103031,735
4109103032,1915
4109103033,1365
4109103034,865
4109103035,985
4109103036,830
4109103037,1840
4109103038,1500
4109103039,1260
4109103040,845
4109103041,2075
4109104001,845
4109104002,960
4109104003,995
4109104004,655
4109104005,1990
4109104006,1155
4109104007,360
4109104008,335
4109104009,1350
4109104010,2090
4109104011,1175
4109104012,980
4109104013,885
4109104014,1385
4109104015,2080
4109104016,960
4109104017,850
4109104018,1550
4109104019,675
4109104020,1115
4109104021,1850
4109104022,1085
4109104023,950
4109104024,1560
4109104025,1115
4109104026,1365
4109104027,995
4109104028,670
4109104029,650
4109104030,1040
4109104031,700
4109104032,1355
4109104033,1365
4109104034,1550
4109104035,1505
4109104036,1255
4109104037,2050
4109104038,695
4109104039,1585
4109104040,1590
4109104041,1505
4109104042,1945
4109104043,1530
4109104044,1185
4109104045,1725
4109104046,1320
4109104047,365
4109104048,810
4109104049,1425
4109104050,1210
4109104052,2080
4109104053,575
4109104054,1705
4109104055,1095
4109104056,775
4109104057,1120
4109104058,2325
4109104059,1895
4109104060,2070
4109104061,1550
4109104062,2325
4109104063,2275
4109104064,2870
4109104065,1110
4109104066,2080
4109104067,2165
4109104068,1635
4109105001,1625
4109105002,990
4109105003,1680
4109105004,1185
4109105005,1240
4109105006,950
4109105007,925
4109105008,890
4109105009,1925
4109105010,1455
4109105011,270
4109105012,735
4109105013,155
4109105014,725
4109105015,1230
4109105016,1310
4109105017,1245
4109105018,1390
4109105019,935
4109105020,2735
4109105021,1620
4109105022,2000
4109105023,790
4109105024,1565
4109105025,2315
4109105026,870
4109105027,1260
4109105028,405
4109105029,815
4109105030,1870
4109105031,805
4109105032,1505
4109105033,655
4109105034,750
4109105035,920
4109105036,1210
4109105037,1110
4109105038,1240
4109105039,970
4109105040,1795
4109105041,2455
4109105042,2115
4109105043,1375
4109105044,345
4109105045,265
4109105046,1505
4109105047,655
4109105048,2715
4109105049,2660
4109105050,915
4109105051,1270
4109105052,1045
4109105053,670
4109105054,2435
4109105055,1465
4109105056,975
4109105057,1920
4109106001,1390
4109106002,1745
4109106003,1145
4109106004,1295
4109106005,1095
4109106006,995
4109106007,1320
4109106008,1115
4109106009,1325
4109106010,755
4109106011,875
4109106012,1795
4109106013,1585
4109106014,1205
4109106015,1435
4109106016,730
4109106017,1950
4109106018,1385
4109106019,1615
4109106020,1125
4109106021,410
4109106022,720
4109106023,880
4109106024,1450
4109106025,1100
4109106026,825
4109106027,620
4109106028,1095
4109106029,1530
4109106030,1140
4109106031,1180
4109106032,905
4109106033,1250
4109106034,975
4109106035,850
4109106036,1115
4109106037,1145
4109106038,1295
4109106039,1185
4109106040,900
4109106041,1315
4109106042,1075
4109106043,760
4109107001,1905
4109107002,880
4109107003,2010
4109107004,1105
4109107005,2095
4109107006,1445
4109107007,1120
4109107008,1110
4109107009,1055
4109107010,1410
4109107011,1860
4109107012,1910
4109107013,1080
4109107014,1385
4109107015,1620
4109107016,995
4109107017,930
4109107018,730
4109107019,1090
4109107020,865
4109107021,1065
4109107022,700
4109107023,1375
4109107024,1140
4109107025,1760
4109107026,3020
4109107027,1125
4109107028,1340
4109107029,1475
4109107030,1020
4109107031,2065
4109107032,1855
4109107033,1750
4109107034,2705
4109107035,1270
4109107036,1010
4109107037,1820
4109107038,1425
4109107039,1255
4109107040,1900
4109107041,1155
4109107042,1090
4109107043,800
4109107044,1645
4109107045,1750
4109107046,2480
4109107047,1390
4109107048,1260
4109107049,1905
4109108001,1225
4109108002,1135
4109108003,2385
4109108004,550
4109108005,2120
4109108006,1120
4109108007,1575
4109108008,2095
4109108009,1540
4109108010,2310
4109108011,1575
4109108012,975
4109108013,710
4109108014,545
4109108015,1400
4109108016,1005
4109108017,555
4109108018,1435
4109108019,1275
4109108020,1385
4109108021,1040
4109108022,915
4109108023,1155
4109108024,1450
4109108025,2590
4109108026,1100
4109108027,1480
4109108028,855
4109108029,1220
4109108030,950
4109108031,1295
4109108032,2190
4109108033,1365
4109108034,1265
4109108035,620
4109108036,3000
4109108037,770
4109108038,1205
4109108039,930
4109108041,1185
4109108042,665
4109108043,1145
4109108044,495
4109108045,815
4109108046,610
4109108047,765
4109108048,1255
4109108049,995
4109108050,625
4109108051,490
4109108052,1240
4109109001,1440
4109109002,710
4109109003,1815
4109109004,1760
4109109005,1275
4109109006,1595
4109109007,1520
4109109008,1310
4109109009,810
4109109010,3405
4109109011,1560
4109109012,495
4109109013,960
4109109014,2430
4109109015,1650
4109109016,1655
4109109017,4275
4109109018,910
4109109019,375
4109109020,345
4109109021,720
4109109022,1350
4109109023,1750
4109109024,1190
4109109025,1280
4109109026,1120
4109109027,1420
4109109028,2955
4109109029,3245
4109109030,2310
4109109031,1785
4109109032,1660
4109109033,2185
4109109034,2040
4109109035,960
4109109036,3055
4109109037,2325
4109109038,1355
4109109039,1070
4109109040,970
4109109041,1415
4109109042,940
4109109043,1140
4109109044,1620
4109109045,1165
4109109046,1825
4109109047,915
4109109048,1635
4109109049,1295
4109109050,2210
4109109051,2350
4109109052,1345
4109109053,1880
4109109054,1850
4109109055,1275
4109109056,1400
4109109057,890
4109109058,1785
4109109059,2415
4109109060,2145
4109109061,1515
4109110001,1410
4109110002,1650
4109110003,1755
4109110004,1035
4109110005,845
4109110006,1310
4109110007,1140
4109110008,2635
4109110009,2000
4109110010,1505
4109110011,800
4109110012,620
4109110013,580
4109110014,495
4109110015,535
4109110016,1220
4109110017,975
4109110018,2395
4109110019,820
4109110020,1530
4109110021,2835
4109110022,1495
4109110023,2095
4109110024,2745
4109110025,2245
4109110026,2510
4109111001,1325
4109111002,1410
4109111003,650
4109111004,1080
4109111005,1640
4109111006,2085
4109111007,1605
4109111008,1155
4109111009,1125
4109111010,1590
4109111011,925
4109111012,2220
4109111013,660
4109111014,1105
4109111015,1055
4109111016,1390
4109111017,1250
4109111018,1455
4109111019,1030
4109201002,1450
4109201003,2120
4109201004,1565
4109202001,1045
4109202002,1325
4109202003,2060
4109301001,2155
4109301002,1830
4109301003,1150
4109301004,2000
4109301005,1625
4109301006,2290
4109301007,1850
4109301008,1450
4109301009,1585
4109301010,2175
4109301011,1910
4109301012,2095
4109301013,1830
4109401001,2745
4109401002,1820
4109402001,1130
4109402002,1270
4109402003,1405
4109501001,1605
4109501002,1700
4109501003,2920
4109501004,1870
4109501005,1460
4109501006,960
4109501007,1800
4109501008,790
4109501009,1100
4109501010,1325
4109502001,1785
4109502002,1865
4109502003,1865
4109502004,1160
4109502005,1545
4109503002,1045
4109503003,1665
4109503004,1800
4109503005,2275
4109503006,1945
4109503007,1370
4109504001,505
4109504002,1865
4109504003,745
4109505001,240
4109505003,1925
4109505004,1520
4109505005,550
4109505006,3060
4109505007,2440
4109505008,1865
4109505009,2925
4109601001,1750
4109601002,2210
4109601003,2125
4109601004,1115
4109601005,835
4109701001,1875
4109702001,2370
4109801001,1635
4109801002,1730
4109801003,1340
4109801004,1435
4109901001,1255
4109902001,1350
4109902002,700
4109903001,1200
4109903002,665
4110001001,575
4110001002,755
4110101001,1520
4110101002,2175
4110101003,1770
4110101004,2095
4110201001,1310
4110201002,1995
4110201003,1790
4110201004,1560
4110201005,1120
4110202001,1715
4110203001,1900
4110203002,3335
4110203003,1555
4110203004,1370
4110203005,1270
4190101001,1685
4190101002,660
4190101003,925
4190201001,1470
4190201002,1650
4190201003,1345
4190201004,1450
4190301001,855
4190301002,1990
4190301003,2475
4190301004,1260
4190301005,2090
4200101001,360
4200301001,70
4200401001,2280
4200401002,685
4200601001,195
4200701001,155
4200801001,70
4200901001,105
4201001001,25
4201101001,25
4201201001,45
4201301001,50
4201401001,85
4201501001,35
4201601001,25
4201701001,215
4201801001,185
4201901001,645
4202001001,1665
4202001002,2130
4202001003,2025
4202101001,100
4202201001,270
4202301001,80
4202401001,95
4202501001,1195
4202501002,565
4202601001,30
4202701001,90
4202801001,65
4202901001,175
4203001001,120
4203101001,30
4203201001,200
4203301001,55
4203401001,40
4203501001,950
4203601001,55
4203701001,45
4203801001,40
4203901001,285
4204101001,35
4204201001,55
4204301001,2365
4204301002,1390
4204301003,1220
4204401001,65
4204501001,410
4204601001,65
4204801001,80
4204901001,135
4205001001,30
4205101001,25
4205201001,20
4205301001,30
4205401001,20
4205501001,205
4205601001,30
4205701001,215
4205801001,135
4205901001,25
4206001001,40
4206101001,345
4206201001,35
4206301001,70
4206401001,100
4206501001,30
4206801001,105
4206901001,1855
4207001001,45
4207101001,185
4207301001,85
4207501001,95
4207601001,260
4207801001,1290
4207901001,30
4208001001,185
4208101001,195
4208201001,10
4208301001,25
4208401001,30
4208501001,220
4208601001,45
4208701001,60
4208801001,80
4208901001,60
4209001001,105
4209201001,100
4209301001,55
4209401001,625
4209501001,2200
4209601001,360
4209701001,25
4209801001,15
4210001001,30
4210301001,805
4210501001,65
4210601001,15
4210701001,90
4210801001,15
4211001001,85
4211101001,325
4211301001,770
4211501001,80
4211601001,65
4211701001,175
4211801001,25
4211901001,240
4212001001,190
4212101001,85
4212301001,200
4212401001,70
4212501001,80
4212701001,50
4212801001,45
4212901001,870
4213001001,65
4213101001,60
4213201001,185
4213401001,1810
4213401002,2015
4213501001,100
4213901001,25
4214001001,15
4214101001,120
4214201001,70
4214401001,510
4214501001,150
4214801001,15
4214901001,520
4215101001,40
4215201001,105
4215301001,20
4215401001,105
4215501001,205
4215601001,35
4215701001,20
4215801001,135
4215901001,40
4216001001,250
4216101001,175
4216201001,2190
4216201002,415
4216201003,510
4216301001,65
4216401001,2265
4216501001,640
4216601001,75
4216701001,345
4216801001,135
4217101001,120
4217201001,35
4217301001,2105
4217301002,2060
4217301003,975
4217301004,1865
4217301005,2015
4217301006,1845
4217301007,2000
4217301008,870
4217302001,1005
4217302002,1480
4217302003,1510
4217302004,1895
4217302005,1960
4217302006,3285
4217302007,2520
4217302008,985
4217302009,1430
4217302010,1715
4217302011,1170
4217302012,725
4217302013,1830
4217303001,1285
4217303002,1440
4217303003,1875
4217401001,205
4217501001,25
4217601001,30
4217701001,85
4217801001,140
4218101001,460
4218201001,55
4218301001,135
4218401001,80
4218501001,30
4218701001,70
4218801001,55
4218901001,80
4219001001,130
4219101001,205
4219201001,40
4219301001,15
4219401001,205
4219501001,125
4219601001,15
4219701001,90
4219801001,25
4220001001,100
4220101001,30
4220201001,30
4220401001,65
4220501001,100
4220601001,10
4220701001,55
4220801001,25
4220901001,170
4221101001,100
4221201001,75
4221301001,40
4221501001,980
4221601001,25
4221701001,40
4221801001,115
4221901001,50
4300101001,890
4300201001,2355
4300301001,445
4300401001,1135
4300401002,2145
4300401003,2570
4300401004,1705
4300402001,2025
4300402002,780
4300501001,3280
4300502001,1805
4300601001,955
4300701001,910
4300801001,405
4300901001,1785
4301001001,400
4301101001,1370
4301201001,1040
4301201002,1050
4301201003,2765
4301301001,2815
4301301002,1175
4301301003,3350
4301401001,550
4301401002,2150
4301402001,775
4301402002,755
4301403001,1235
4301403002,1470
4301404001,1825
4301404002,1505
4301404003,2370
4301404004,3840
4301404005,2745
4301404006,2025
4301501001,115
4301601001,2390
4301601002,3060
4301701001,155
4301801001,480
4301901001,1645
4302001001,1980
4302001002,1010
4302101001,520
4302201001,1280
4302201002,800
4302301001,330
4302401001,2100
4302501001,770
4302601001,1225
4302701001,225
4302801001,3405
4302901001,415
4303001001,635
4303101001,2095
4303201001,680
4303301001,1115
4303401001,670
4303501001,340
4303601001,1150
4303701001,4370
4303701002,2320
4303701003,2700
4303702001,3705
4303702002,3495
4303702003,4010
4303703001,3735
4303801001,2385
4303801002,3625
4303801003,2075
4303801004,2980
4303801005,1720
4303802001,2350
4303802002,2320
4303802003,1945
4303802004,1785
4303802005,1715
4303802006,1925
4303802007,2135
4303802008,1395
4303802009,4585
4303901001,125
4304001001,420
4304101001,280
4304201001,2850
4304301001,1610
4304301002,2555
4304401001,2930
4304402001,2120
4304402002,890
4304501001,175
4304601001,130
4304701001,2400
4304701002,1095
4304702001,3220
4304801001,1170
4304901001,1015
4305001001,3325
4305101001,2785
4305101002,2825
4305101003,3200
4305101004,1585
4305101005,2005
4305201001,1270
4305301001,240
4305401001,2010
4305402001,1760
4305501001,1340
4305502001,1540
4305601001,1100
4305701001,50
4305801001,125
4305901001,340
4306001001,1340
4306001002,1395
4306002001,1070
4306101001,50
4306201001,455
4306301001,830
4306401001,1790
4306402001,1275
4306501001,580
4306601001,190
4306701001,905
4306801001,770
4306901001,265
4307001001,305
4307101001,1280
4307201001,115
4307301001,110
4307401001,2220
4307501001,110
4307601001,640
4307701001,635
4307801001,1110
4307901001,520
4308001001,295
4308101001,740
4308201001,555
4308301001,175
4308401001,775
4308501001,295
4308601001,745
4308601002,870
4308602001,2100
4308602002,2235
4308602003,1355
4308801001,2490
4308901001,385
4309001001,1505
4309101001,165
4309201001,1290
4309201002,915
4309201003,1065
4309201004,1280
4309201005,2090
4309201006,2455
4309201007,1330
4309201008,1865
4309301001,1755
4309301002,2270
4309302001,1560
4309401001,1945
4309402001,1250
4309501001,2260
4309501002,1225
4309601001,160
4309701001,535
4309801001,440
4309901001,395
4310001001,1405
4310001002,2955
4310101001,160
4310201001,600
4310301001,1265
4310401001,1180
4310401002,1950
4310501001,210
4310601001,1110
4310701001,500
4310801001,2385
4310901001,2910
4311001001,365
4311101001,2860
4311201001,370
4311301001,600
4311401001,460
4311501001,200
4311601001,650
4311701001,185
4311801001,775
4311901001,1035
4312001001,550
4312101001,880
4312201001,135
4312301001,1760
4312301002,2295
4312301003,1335
4312302001,1660
4312302002,2050
4312302003,810
4312302004,1655
4312302006,2145
4312302007,1755
4312302008,1445
4312302009,1125
4312302010,2210
4312302011,1595
4312302012,1360
4312302013,1015
4312302014,615
4312302015,710
4312303001,2065
4312303003,1135
4312303004,960
4312303005,1405
4312303007,1555
4312303008,1790
4312303009,2165
4312303010,1695
4312303011,2560
4312303012,700
4312303013,2075
4312304002,1455
4312304003,2695
4312304004,1855
4312304005,1355
4312304007,1040
4312304008,1570
4312305001,2945
4312305002,1780
4312305003,1025
4312305004,2345
4312305005,1595
4312305007,1210
4312306001,835
4312306002,1125
4312306003,1775
4312306004,1965
4312306005,2055
4312306006,2265
4312306007,1490
4312306008,1135
4312306009,1175
4312306011,3080
4312306012,1150
4312306013,1015
4312307001,1235
4312307002,3045
4312307003,2885
4312308001,1510
4312308002,1160
4312308003,1450
4312308004,985
4312308005,1345
4312308006,1925
4312308007,2630
4312309001,1285
4312309002,380
4312310001,2190
4312401001,685
4312501001,1270
4312601001,1680
4312701001,1150
4312801001,1285
4312901001,1485
4312902001,1135
4312902002,2340
4312902003,1445
4313001001,270
4313101001,3070
4313101002,1010
4313101003,2090
4313201001,500
4313301001,1590
4313301002,1635
4313302001,2080
4313302002,3025
4313401001,390
4313501001,520
4313601001,1885
4313601002,1350
4313601003,1025
4313601004,3000
4313601005,1280
4313602001,915
4313602002,920
4313602003,1550
4313602004,1525
4313602005,1415
4313701001,2505
4313801001,2315
4313802001,1595
4313901001,2015
4313902001,955
4314001001,3275
4314101001,140
4314201001,1640
4314301001,70
4314401001,1600
4314501001,2220
4314502001,1740
4314502002,1585
4314601001,55
4314701001,655
4314801001,1560
4314802001,1465
4314803001,720
4314803002,1705
4314803003,2555
4314804001,1160
4314804002,515
4314804003,710
4314804004,895
4314804005,1310
4314804006,1335
4314804007,1260
4314804008,1130
4314804009,865
4314804010,1370
4314804012,565
4314804013,820
4314804014,1565
4314804015,770
4314804016,2040
4314805001,1025
4314805002,1015
4314805003,1320
4314805004,850
4314805005,1345
4314805006,830
4314805007,1075
4314805008,1845
4314805009,440
4314806001,1380
4314806002,2805
4314806003,1820
4314806004,540
4314806005,1555
4314806006,565
4314806008,1475
4314806009,2735
4314806010,1755
4314806011,1405
4314806012,1455
4314806013,810
4314806014,490
4314806015,1925
4314806016,2140
4314807001,665
4314807002,2085
4314807003,1755
4314807004,3330
4314807005,1965
4314807006,985
4314807007,1430
4314807008,2125
4314807009,2490
4314807010,1465
4314807011,1855
4314807012,1885
4314807013,2985
4314807014,1000
4314807015,1280
4314807016,2995
4314807017,2005
4314807018,1735
4314807019,1325
4314807020,3130
4314807021,2205
4314807022,1470
4314808001,1755
4314808002,1290
4314808003,2240
4314808004,925
4314808005,2005
4314808006,1990
4314808007,2320
4314808008,2410
4314808009,2680
4314808010,3020
4314808011,1420
4314808012,760
4314808013,1800
4314808014,1220
4314809001,1605
4314809002,910
4314809003,765
4314809004,1785
4314809008,1290
4314809009,530
4314809010,1240
4314901001,915
4315001001,1775
4315101001,130
4315201001,680
4315301001,2250
4315301002,985
4315301003,1840
4315301004,3150
4315301005,2110
4315301006,2860
4315301007,1995
4315401001,170
4315501001,1285
4315501002,865
4315501003,1050
4315501004,1620
4315501005,1575
4315501006,1000
4315501007,2470
4315502002,1940
4315502003,1630
4315502004,775
4315502005,880
4315503001,1830
4315503002,1060
4315503003,1595
4315503004,1605
4315504001,1645
4315504002,1225
4315504003,2145
4315504004,1300
4315504005,2115
4315504006,785
4315504007,720
4315504008,775
4315504009,2270
4315601001,1585
4315601002,2315
4315602001,1240
4315602002,1405
4315603001,555
4315701001,430
4315801001,125
4315901001,120
4316001001,1650
4316101001,1300
4316102001,1080
4316103001,2440
4316104001,1180
4316104002,1800
4316104003,1820
4316105001,2410
4316105002,2055
4316105003,1510
4316106001,1770
4316106002,2135
4316106003,1455
4316106004,1215
4316106005,1270
4316106006,1200
4316201001,1050
4316201002,2110
4316201003,1725
4316201004,1025
4316301001,2470
4316301002,1945
4316301003,1520
4316302001,1175
4316302002,1740
4316302003,2585
4316302004,2110
4316302005,2610
4316303001,2365
4316303002,1980
4316303003,1535
4316303004,2670
4316303005,1190
4316303006,2345
4316303007,2610
4316303008,3315
4316303009,1175
4316303010,1035
4316401001,395
4316501001,830
4316601001,2210
4316701001,560
4316801001,125
4316901001,620
4317001001,1275
4317101001,3265
4317101002,4010
4317101003,1055
4317101004,890
4317101005,1010
4317101006,1425
4317101007,2910
4317101008,1825
4317101009,1235
4317101010,1495
4317101011,2635
4317201001,495
4317301001,140
4317401001,220
4317501001,710
4317601001,975
4317701001,480
4317801001,1885
4390101001,1480
4390101002,2565
4390101003,1490
4390101004,2370
4390101005,2310
4390101006,1820
4390201001,1205
4390201002,2335
4390301001,2535
4390301002,985
4390401001,1770
4390401002,2675
4390501001,2130
4390501002,3205
4390501003,1035
4390501004,1830
4390501005,1010
4390501006,4380
4390501007,1470
4390501008,2390
4390501009,975
4390501010,2890
4390501011,4940
4390601001,3340
4390701001,2975
4390701002,2735
4390701003,0
4400101001,70
4400201001,60
4400301001,20
4400401001,645
4400501001,75
4400601001,335
4400701001,230
4400801001,865
4400801002,570
4400801003,615
4400901001,1020
4401001001,290
4401101001,70
4401201001,495
4401301001,1255
4401302001,570
4401303001,750
4401303002,2030
4401303003,965
4401303004,1705
4401303005,2565
4401304001,710
4401304002,1940
4401305001,1305
4401305002,2495
4401401001,1930
4401401002,1530
4401601001,540
4401701001,360
4401801001,30
4401901001,75
4402001001,25
4402101001,120
4402201001,670
4402301001,20
4402401001,25
4402501001,1925
4402501002,1685
4402501003,890
4402502001,1525
4402502002,1485
4402502003,645
4402601001,105
4402701001,200
4402801001,220
4402901001,860
4403101001,130
4403201001,20
4403301001,365
4403401001,160
4403501001,140
4403601001,30
4403701001,580
4403801001,125
4403901001,275
4404001001,255
4404101001,80
4404201001,165
4404301001,125
4404401001,130
4404501001,465
4404601001,60
4404701001,190
4404801001,80
4404901001,1095
4405001001,1860
4405001002,1995
4405001003,695
4405101001,1085
4405101002,1435
4405101003,1380
4405201001,90
4405301001,130
4405401001,145
4405501001,115
4405601001,715
4405901001,740
4406001001,40
4406101001,105
4406201001,40
4406301001,105
4406401001,95
4406501001,65
4406601001,140
4406701001,180
4406801001,835
4407001001,65
4407101001,775
4407401001,590
4407501001,415
4407601001,1115
4407601002,1765
4407701001,110
4408001001,365
4408201001,105
4408401001,70
4408501001,60
4408601001,590
4408701001,90
4408801001,50
4408901001,65
4409001001,105
4409201001,90
4409301001,150
4409401001,125
4409601001,205
4409701001,185
4409901001,985
4410001001,265
4410101001,70
4410201001,30
4410301001,170
4410501001,100
4410601001,220
4410701001,285
4410801001,480
4410901001,155
4411001001,60
4411101001,115
4411201001,570
4411301001,130
4411401001,315
4411501001,170
4411601001,125
4411701001,410
4411801001,220
4411901001,140
4412001001,240
4412101001,80
4412201001,710
4412201002,1085
4412301001,155
4412401001,80
4412501001,85
4412601001,485
4412701001,85
4412801001,90
4412901001,50
4413001001,45
4413101001,40
4413201001,70
4413301001,30
4413501001,145
4413601001,55
4413701001,280
4413801001,170
4414101001,165
4414201001,40
4414301001,555
4414401001,425
4414501001,1305
4414601001,275
4414701001,575
4414801001,115
4414901001,125
4415001001,35
4415101001,285
4415201001,65
4415301001,1375
4415301002,1230
4415401001,385
4415501001,1355
4415601001,65
4415701001,65
4415801001,1625
4415901001,65
4416001001,595
4416101001,650
4416301001,155
4416401001,30
4416501001,195
4416701001,40
4416801001,215
4416901001,445
4417101001,250
4417201001,445
4417301001,120
4417401001,570
4417501001,155
4417601001,185
4417701001,130
4417801001,70
4417901001,495
4418001001,80
4418101001,80
4418201001,270
4418301001,90
4418401001,45
4418501001,140
4418701001,255
4418901001,70
4419001001,90
4419101001,990
4419201001,545
4419301001,135
4419401001,155
4419501001,110
4419601001,175
4419701001,70
4419801001,245
4419901001,60
4420001001,45
4420101001,725
4420301001,5
4420401001,25
4420501001,885
4420601001,175
4420701001,190
4420801001,40
4420901001,1125
4421001001,1110
4421101001,40
4421201001,45
4421301001,85
4421501001,190
4421601001,1185
4421601002,2275
4421602001,1370
4421602002,2915
4421602003,1830
4421602004,1365
4421602005,2155
4421602006,2280
4421603001,1570
4421603002,1365
4421603003,2160
4421603004,1205
4421603005,1755
4421603006,1665
4421603007,2300
4421603008,1745
4421603009,1540
4421603010,2105
4421604001,1885
4421701001,35
4421801001,35
4421901001,225
4422001001,175
4422101001,440
4422201001,145
4422301001,95
4422401001,35
4422501001,150
4422601001,200
4422701001,95
4422801001,135
4422901001,165
4423001001,195
4423101001,60
4423201001,490
4423401001,90
4423501001,115
4423601001,100
4423701001,515
4423801001,595
4423802001,740
4423802002,935
4423802003,920
4423901001,25
4424001001,205
4424101001,655
4424301001,55
4424401001,105
4424501001,320
4424601001,2255
4424701001,385
4424901001,55
4425001001,20
4425101001,330
4425201001,100
4425601001,50
4425701001,205
4425801001,80
4426001001,200
4426101001,905
4426201001,165
4426301001,475
4426401001,345
4426501001,300
4426601001,145
4426701001,90
4426801001,25
4500101001,1410
4500101002,895
4500201001,1955
4500201002,1560
4500301001,750
4500401001,755
4500501001,315
4500601001,915
4500602001,1095
4500701001,915
4500801001,210
4500901001,650
4501001001,510
4501101001,360
4501201001,875
4501301001,1145
4501301002,1310
4501401001,2290
4501401002,1145
4501401003,1945
4501501001,780
4501601001,1760
4501601002,1810
4501601003,2055
4501701001,290
4501801001,750
4501901001,1820
4501901002,2240
4501901003,730
4501901004,2445
4501901005,2395
4502001001,605
4502002001,1175
4502101001,2345
4502102001,1165
4502201001,475
4502301001,1455
4502301002,1340
4502401001,1450
4502501001,1905
4502601001,310
4502701001,475
4502801001,1625
4502801002,1415
4502802001,1660
4502901001,255
4503001001,530
4503101001,1995
4503101002,1755
4503201001,565
4503301001,450
4503401001,820
4503401002,1070
4503501001,385
4503601001,805
4503701001,885
4503702001,1210
4503801001,2915
4503801002,1515
4503901001,295
4504001001,2160
4504101001,1945
4504101002,2245
4504101003,1300
4504201001,210
4504301001,990
4504501001,1825
4504601001,1635
4504602001,2095
4504701001,1320
4504701002,2070
4504801001,460
4504901001,475
4505001001,660
4505101001,2345
4505201001,1665
4505201002,2455
4505301001,1500
4505301002,2015
4505301003,1345
4505302001,1260
4505302002,1405
4505303001,1985
4505303002,1265
4505401001,700
4505401002,805
4505402001,1545
4505403001,1195
4505403002,1720
4505501001,1515
4505601001,1865
4505601002,2200
4505701001,270
4505801001,475
4505901001,1595
4505901002,750
4506001001,240
4506101001,1630
4506101002,1755
4506201001,1535
4506301001,565
4506401001,1790
4506401002,2560
4506401003,1105
4506501001,310
4506601001,1285
4506601002,2825
4506601003,1395
4506602001,2095
4506602002,1730
4506602003,1795
4506701001,1150
4506702001,2140
4506801001,175
4506901001,2435
4507001001,1825
4507101001,1040
4507101002,1305
4507201001,835
4507301001,410
4507401001,450
4507501001,200
4507601001,790
4507701001,680
4507801001,640
4507801002,1255
4507901001,435
4508001001,0
4508101001,2450
4508101002,2085
4508101003,1090
4508101004,730
4508101005,1875
4508102001,1275
4508102002,1105
4508102003,1685
4508102004,1810
4508102005,1500
4508102006,2885
4508102007,2150
4508102008,1030
4508102009,1645
4508102010,920
4508201001,695
4508201002,760
4508301001,595
4508401001,1785
4508401002,1230
4508501001,2305
4508601001,640
4508701001,760
4508701002,1950
4508702001,1810
4508702002,1315
4508703001,1360
4508703002,915
4508703003,1560
4508703004,1485
4508801001,1370
4508801002,1705
4508901001,2060
4509001001,435
4509101001,510
4509201001,310
4509301001,155
4509401001,515
4509501001,990
4509601001,1305
4509701001,1320
4509801001,805
4509801002,650
4509802001,1625
4509901001,2935
4509901002,1985
4510001001,240
4510101001,910
4510101002,2025
4510102001,1230
4510102002,1240
4510201001,1860
4510201002,1650
4510201003,1345
4510301001,485
4510401001,560
4510501001,455
4510601001,1245
4510601002,615
4510602001,1155
4510602002,1200
4510603001,2370
4510603002,1515
4510604001,1000
4510604002,1200
4510701001,1625
4510701002,900
4510701003,1715
4510801001,615
4510901001,1945
4510902001,970
4510902002,1155
4511001001,1015
4511002001,1305
4511101001,70
4511201001,1495
4511202001,1145
4511301001,885
4511301002,765
4511302001,865
4511401001,680
4511501001,1725
4511502001,1915
4511601001,980
4511701001,1005
4511801001,1650
4511801002,1275
4511901001,2600
4511901002,2300
4512001001,170
4512101001,1740
4512102001,940
4512102002,2885
4512103001,2325
4512103002,3020
4512201001,1415
4512201002,2285
4512201003,1865
4512201004,1360
4512301001,1780
4512301002,2295
4512401001,860
4512402001,1925
4512501001,1740
4512502001,1120
4512601001,370
4512701001,910
4512801001,1595
4512801002,1745
4512901001,165
4513001001,415
4513101001,370
4513201001,2545
4513301001,1980
4513302001,2035
4513401001,2235
4513501001,1280
4513501002,2225
4513502001,805
4513502002,1585
4513601001,2050
4513601002,1950
4513602001,1750
4513603001,1270
4513603002,1295
4513701001,995
4513702001,1335
4513801001,1395
4513901001,245
4514001001,1655
4514101001,1260
4514201001,1785
4514201002,1025
4514202001,1805
4514202002,1110
4514202003,2725
4514203001,2135
4514203002,1635
4514301001,1700
4514401001,1090
4514501001,2200
4514501002,1900
4514601001,120
4514701001,800
4514801001,370
4514901001,740
4515001001,560
4515101001,790
4515201001,825
4515301001,1370
4515302001,865
4515401001,1840
4515501001,525
4515601001,1770
4515602001,1320
4515602002,1665
4515701001,995
4515701002,1985
4515801001,1255
4515802001,2155
4515901001,110
4516001001,1325
4516101001,1835
4516101002,1505
4516101003,2175
4516101004,1505
4516101005,1765
4516101006,2115
4516101007,2620
4516101008,1855
4516101009,3335
4516201001,835
4516301001,755
4516301002,1270
4516301003,920
4516301004,1050
4516302001,2080
4516302002,1725
4516302003,1690
4516302004,1930
4516401001,210
4516501001,2495
4516501002,2320
4516501003,1275
4516501004,1535
4516501005,1400
4516501006,1365
4516501007,1140
4516501008,1850
4516502001,920
4516502002,950
4516502003,1765
4516502004,1135
4516502005,940
4516502006,1395
4516502007,1050
4516502008,1335
4516502009,1210
4516502010,1020
4516502011,1075
4516502012,1425
4516502013,940
4516502014,1255
4516502015,2010
4516502016,1460
4516502017,1640
4516502018,1470
4516502019,1160
4516502020,850
4516503001,1580
4516503002,1250
4516503003,1460
4516503004,1215
4516503005,1300
4516503006,1280
4516503007,1300
4516503008,1510
4516503009,1965
4516503010,2335
4516503011,1400
4516503012,1225
4516503013,2220
4516503014,870
4516503015,1355
4516503016,1210
4516503017,1805
4516503018,760
4516503019,1240
4516503020,2355
4516503021,1575
4516503022,1525
4516503023,1125
4516503024,1240
4516504001,1645
4516504002,1505
4516504003,980
4516504004,1280
4516504005,1600
4516504006,1640
4516504007,1085
4516504008,2240
4516504009,1415
4516601001,1370
4516602001,935
4516701001,2100
4516801001,1240
4516801002,950
4516802001,900
4516802002,870
4516802003,595
4516803001,1135
4516803002,975
4516803003,840
4516804001,900
4516804002,1365
4516804004,810
4516805001,975
4516805002,720
4516805003,730
4516805004,1405
4516805005,1440
4516805006,1310
4516805007,1385
4516805008,1070
4516805009,735
4516805010,1625
4516805011,1850
4516805012,1290
4516805014,2020
4516805015,2440
4516805016,1860
4516805017,840
4516805018,865
4516805019,1060
4516805020,635
4516805021,1530
4516805022,1520
4516805023,1245
4516805024,1785
4516805025,1020
4516805026,1010
4516805027,3115
4516805028,2400
4516806001,1270
4516806002,955
4516806003,2555
4516807001,1290
4516807002,1510
4516807003,1975
4516807004,1650
4516807005,975
4516807006,2850
4516807007,1495
4516807008,2155
4516807009,1195
4516807010,2150
4516807011,835
4516807012,765
4516807013,1615
4516807014,1150
4516807015,1390
4516807016,1530
4516807017,890
4516807018,1360
4516807019,3065
4516901001,275
4517001001,280
4517101001,1760
4517201001,860
4517301001,1130
4517301002,2300
4517301003,2485
4517301004,1095
4517302001,2270
4517302002,1135
4517302003,1650
4517302004,1300
4517401001,420
4517501001,860
4517601001,1400
4517601002,1675
4517601003,1140
4517601004,1035
4517701001,1510
4517702001,1445
4517901001,715
4518001001,2455
4518002001,1680
4518101001,2055
4518102001,800
4518201001,700
4518202001,605
4518301001,1930
4518301002,1380
4518401001,175
4518501001,985
4518501002,1790
4518501003,1245
4518501004,1650
4518501005,970
4518502001,975
4518502002,2045
4518503001,720
4518601001,1520
4518601002,600
4518602001,1225
4518602002,770
4518701001,1505
4518701002,1670
4518701003,970
4518702001,1205
4518801001,2070
4518801002,2010
4518901001,925
4519001001,580
4519101001,730
4519201001,1605
4519202001,2070
4519301001,815
4519401001,70
4519501001,1260
4519502001,1515
4519601001,1830
4519701001,930
4519701002,1715
4519801001,1330
4519802001,1350
4519901001,2400
4519901002,1495
4520001001,740
4520001002,1155
4520001003,1060
4520002001,1160
4520002002,1340
4520002003,850
4520101001,1320
4520101002,2645
4520101003,1100
4520201001,2445
4520201002,770
4520202001,655
4520202002,1340
4520301001,1280
4520301002,2435
4520401001,850
4520501001,1590
4520501002,2885
4520501003,1600
4520501004,2300
4520501005,1050
4520501006,1155
4590101001,1055
4600101001,1205
4600201001,1430
4600301001,1225
4600401001,2460
4600501001,1130
4600501002,1735
4600501003,805
4600501004,1440
4600501005,820
4600501006,1530
4600501007,1115
4600501008,1105
4600501009,800
4600501010,1925
4600502001,1420
4600502002,1920
4600502003,1790
4600502004,2225
4600502005,1780
4600502006,655
4600502007,1270
4600503001,1390
4600503002,1220
4600503003,1010
4600503004,1330
4600503005,1735
4600601001,650
4600601002,910
4600601003,845
4600601004,870
4600601005,790
4600601006,945
4600601007,1100
4600701001,1690
4600701002,1850
4600701003,1905
4600701004,2075
4600702001,1780
4600702002,2680
4600702003,1625
4600703001,1220
4600704001,875
4600801001,1625
4600801002,1865
4600901001,870
4600901002,1460
4600901003,1580
4601001001,1140
4601101001,680
4601101002,1380
4601101003,1860
4601101004,1405
4601101005,1755
4601101006,2200
4601101007,1840
4601201001,1220
4601301001,1785
4601301002,1055
4601301003,1520
4601301004,2180
4601301005,1710
4601301006,1610
4601301007,2245
4601301008,915
4601301009,1730
4601301010,3035
4601301011,2215
4601301012,2855
4601401001,1710
4601401002,2190
4601501001,1220
4601501002,975
4601501003,1390
4601501004,1660
4601501005,2060
4601501006,2160
4601601001,1380
4601701001,1175
4601701002,1735
4601701003,1135
4601702001,930
4601702002,1565
4601702003,555
4601702004,745
4601702005,890
4601702006,1140
4601702007,1565
4601702008,2440
4601702009,525
4601703001,1425
4601703002,1740
4601703003,1390
4601703004,2705
4601704001,1935
4601704002,825
4601704003,2295
4601704004,1050
4601704005,2125
4601704006,750
4601704007,705
4601704008,2085
4601704009,1290
4601704010,1545
4601704011,2225
4601704012,1395
4601704013,1755
4601705001,455
4601705002,1550
4601705003,900
4601801001,770
4601901001,1275
4601901002,1280
4601901003,1330
4601902001,1350
4601902002,1470
4601902003,1465
4601902004,1165
4601902005,950
4601902006,1120
4602001001,2710
4602001002,1200
4602001003,1280
4602101001,2010
4602101002,1805
4602101003,855
4602101004,1355
4602101005,1760
4602101006,1580
4602101007,1400
4602101008,1550
4602101009,2155
4602101010,1945
4602101011,1040
4602101012,1470
4602101013,2165
4602101014,1735
4602101015,1195
4602101016,2235
4602101017,1380
4602101018,1065
4602101019,1830
4602201001,1805
4602201002,1530
4602201003,835
4602201004,1475
4602201005,1465
4602201006,890
4602201007,1185
4602201008,1075
4602201009,775
4602201010,805
4602201011,835
4602201012,915
4602201013,760
4602201014,1440
4602201015,885
4602201016,1255
4602201017,730
4602201018,2040
4602301001,420
4602401001,560
4602501001,1315
4602501002,1900
4602601001,1540
4602701001,1300
4602801001,550
4602901001,1045
4602901004,1615
4602902001,690
4602902002,690
4602902003,980
4602902004,1165
4602902005,740
4602903001,845
4602903002,1510
4602903003,860
4602903004,1510
4602903005,1490
4602903006,1695
4602903007,960
4602903008,1240
4602903009,1630
4602903010,1505
4602904001,860
4602904002,735
4602904003,810
4602904004,1100
4602904005,1235
4602904006,885
4602904007,820
4602905001,1535
4603001001,1035
4603101001,2020
4603101002,1350
4603102001,1620
4603102002,1285
4603102003,1400
4603103001,1330
4603103002,3150
4603103003,1455
4603201001,1300
4603201002,1940
4603201003,2030
4603201004,2030
4603301001,310
4603401001,2355
4603501001,2910
4603501002,1680
4603501003,1580
4603501004,2260
4603601001,760
4603701001,1515
4603801001,400
4603901001,1400
4603901002,1225
4604001001,1415
4604101001,420
4604201001,1925
4604201002,2770
4604301001,185
4604401001,1225
4604401002,1420
4604401003,1705
4604401004,1085
4604501001,1620
4604601001,1155
4604701001,720
4604801001,2790
4604801002,1890
4604901001,355
4605001001,170
4605101001,1770
4605102001,1565
4605102002,1660
4605102003,1755
4605103001,2310
4605103002,955
4605103003,1110
4605201001,630
4605301001,705
4605401001,2580
4605401002,1165
4605401003,910
4605401004,975
4605401005,1425
4605401006,2495
4605401007,1460
4605401008,1415
4605401009,1805
4605401010,690
4605501001,1810
4605601001,235
4605701001,555
4605801001,2235
4605901001,1635
4606001001,1190
4606001002,1105
4606001003,1170
4606001004,1140
4606001005,1865
4606001006,1290
4606001007,1140
4606001008,1695
4606001009,1370
4606101001,460
4606201001,2135
4606201002,2490
4606201003,1665
4606301001,2280
4606401001,675
4606501001,1995
4606601001,1630
4606701001,2265
4606801001,415
4606901001,190
4607001001,1670
4607001002,1260
4607001003,2160
4607001004,1680
4607002001,1425
4607002002,2470
4607002003,1540
4607002004,1680
4607002005,1625
4607002006,1940
4607002007,1895
4607002008,1005
4607002009,1110
4607101001,555
4607201002,1620
4607201003,1450
4607201004,1370
4607301001,1460
4607401001,1905
4607401002,1555
4607501001,185
4607601001,815
4607701001,1340
4607701002,1090
4607701003,1445
4607701004,1740
4607701005,1205
4607701006,1235
4607701007,1740
4607801001,995
4607801002,1630
4607801003,1650
4607801004,2340
4607801005,785
4607801006,1565
4607801007,975
4607801008,1565
4607801009,1750
4607801010,775
4607802001,1180
4607802002,1360
4607802003,1845
4607802004,1620
4607802005,2105
4607802006,2265
4607802007,1270
4607802008,1350
4607802009,2410
4607802010,1105
4607802011,2470
4607802012,655
4607802013,1030
4607802014,1365
4607802015,1220
4607802016,545
4607901001,470
4608001001,1400
4608101001,1885
4608101002,1455
4608101003,1160
4608101004,2715
4608101005,1530
4608101006,1300
4608101007,1705
4608101008,2190
4608201001,1135
4608201002,1855
4608201003,870
4608201004,690
4608201005,1375
4608301001,735
4608301002,1255
4608301003,1130
4608302001,1005
4608302002,1410
4608302003,1925
4608303001,650
4608303002,1190
4608303003,1585
4608304001,2540
4608304002,1645
4608304003,1080
4608304004,1390
4608304005,1015
4608304006,415
4608304007,1595
4608401001,2050
4608501001,2045
4608501002,1660
4608501003,2550
4608501004,1400
4608501005,1395
4608501006,1285
4608501007,860
4608501008,265
4608501009,1410
4608501010,2030
4608601001,100
4608701001,155
4608801001,225
4608901001,645
4608901002,2190
4609001001,2330
4609101001,170
4609201001,300
4609301001,1730
4609301002,1030
4609401001,1385
4609401002,965
4609401003,980
4609401004,1045
4609401005,1305
4609401006,795
4609401007,1010
4609401008,915
4609401009,2340
4609401010,1460
4609401011,1175
4609401012,1025
4609401013,2190
4609401014,1365
4609401015,1625
4609401016,1380
4609401017,2440
4609401018,1480
4609401019,2670
4609501001,760
4609601001,405
4609701001,1010
4609801001,1165
4609801002,1255
4609801003,890
4609901001,1005
4610001001,385
4610101001,1085
4610201001,2220
4610201002,1165
4610201003,1410
4610201004,1715
4610201005,1230
4610201006,640
4610201007,1660
4610201008,1075
4610201009,1565
4610201010,455
4610201011,955
4610201012,1110
4610201013,1340
4610201014,710
4610201015,795
4610201016,1235
4610201018,1310
4610201019,800
4610201020,1420
4610201021,1075
4610201022,1320
4610301001,1420
4610401001,1715
4610401002,735
4610501001,535
4610501003,1630
4610502001,1420
4610502002,1550
4610502003,1065
4610503001,1890
4610504001,1950
4610504002,870
4610504003,1080
4610505001,2125
4610505002,2015
4610505003,2015
4610505004,1055
4610506001,1160
4610506002,2235
4610601001,1020
4610601003,645
4610701001,1110
4610701002,1640
4610801001,590
4610901001,1855
4610901002,1150
4610901003,1250
4610902001,1975
4610902002,1010
4610903001,1295
4611001001,640
4611001003,1455
4611001005,1935
4611001006,1655
4611001007,750
4611001008,1635
4611001009,990
4611001010,1415
4611001011,2025
4611001012,1365
4611001013,1365
4611001015,700
4611001016,770
4611001017,1075
4611001018,840
4611001019,1595
4611001020,2490
4611001021,1735
4611001022,2310
4611001023,1310
4611001024,1805
4611101001,1855
4611101002,1360
4611101003,2260
4611101004,1550
4611101005,1820
4611101006,820
4611101007,2045
4611101008,3170
4611201001,710
4611301001,965
4611301002,2110
4611401001,715
4611501001,505
4611601001,1855
4611601002,2345
4611601003,2135
4611601004,2460
4611601005,1600
4611601006,995
4611601007,2080
4611601008,810
4611601009,1880
4611601010,795
4611701001,630
4611801001,1885
4611801002,2120
4611801003,1345
4611901001,1000
4612001001,1315
4612101001,130
4612201001,1945
4612201002,1575
4612301001,2280
4612401001,1010
4612501001,1030
4612601001,1595
4612601002,1905
4612601003,805
4612601004,1525
4612601005,1190
4612701001,2625
4612701002,1380
4612801001,975
4612801002,1195
4612901001,715
4613001001,1115
4613101001,1055
4613101003,1075
4613102001,1880
4613102002,1485
4613102003,1215
4613102004,1705
4613102005,1350
4613102006,1025
4613102007,2530
4613102008,910
4613102009,1815
4613102010,2895
4613102011,1600
4613102012,1565
4613102013,1725
4613102014,3665
4613102015,1825
4613103001,1620
4613103002,2055
4613103003,1075
4613103004,1085
4613104001,3970
4613104002,3735
4613104003,2220
4613104004,1725
4613104005,1145
4613104006,2025
4613105001,1215
4613105002,990
4613105003,820
4613105004,1480
4613105005,1455
4613105006,1170
4613105007,1645
4613105008,1615
4613105009,405
4613105010,2135
4613106001,1835
4613106002,1950
4613106003,1775
4613106004,2360
4613106005,2440
4613107001,2415
4613107002,890
4613107003,925
4613201001,1400
4613201002,1435
4613301001,745
4613401001,3290
4613501001,2435
4613502001,1225
4613502002,2765
4613503001,2400
4613503002,1475
4613504001,1705
4613504002,1030
4613601001,1590
4613601002,1735
4613701001,410
4613801001,445
4613901001,800
4613901002,2035
4613901003,2230
4613901004,975
4614001001,500
4614101001,510
4614201001,975
4614301001,2335
4614301002,2110
4614301003,1585
4614401001,820
4614501002,1570
4614501003,1095
4614502001,1250
4614502002,1095
4614502003,705
4614503001,1280
4614503002,970
4614503003,1115
4614503004,1225
4614503005,2110
4614504001,3350
4614504002,1745
4614504003,985
4614504004,1795
4614504005,1550
4614504006,1115
4614505001,1955
4614505002,2065
4614505003,1085
4614505004,925
4614601001,2290
4614701001,1535
4614701002,1820
4614702001,1455
4614702002,1225
4614702003,2495
4614702004,1150
4614702005,1445
4614702006,1485
4614702007,930
4614702008,1425
4614702009,1060
4614702010,1655
4614702011,2255
4614702012,1445
4614702013,1805
4614801001,1825
4614901001,565
4615001001,785
4615001002,920
4615001003,800
4615101001,900
4615201001,150
4615301001,570
4615401001,1075
4615501001,1305
4615601001,1545
4615601002,1260
4615701001,1325
4615701002,2645
4615801001,1305
4615901001,1415
4615901002,1460
4615901003,1910
4615901004,1880
4615902001,810
4615902002,1115
4615902003,920
4615902004,2275
4615902005,1980
4615902006,785
4615902007,1205
4615902008,2060
4615903001,430
4615903002,750
4615903003,1975
4615903004,1240
4615903005,1435
4615903006,1580
4615903007,1305
4615903008,2230
4615903009,1960
4616001001,1660
4616001002,905
4616101001,1850
4616201001,1645
4616301001,2350
4616401001,2745
4616401002,2015
4616401003,1740
4616401004,1380
4616401005,1050
4616401006,2745
4616401007,1840
4616401008,1775
4616501001,1010
4616501002,895
4616501003,1020
4616501004,2070
4616501005,1680
4616501006,770
4616501007,1420
4616601001,1645
4616601002,1880
4616601003,1495
4616601004,2435
4616601005,830
4616601006,2385
4616701001,450
4616801001,1770
4616801002,705
4616901001,970
4616901002,1540
4616901003,1910
4616901004,1645
4616901005,1875
4616901006,1605
4616901007,1295
4616901008,1345
4616901009,1050
4616901010,1085
4616901011,1710
4616901012,1585
4616901013,1170
4616901014,1360
4616901015,955
4616901016,785
4616901017,1405
4616901018,1835
4616901019,2005
4616901020,625
4616901021,1760
4616901022,1525
4616901023,1225
4616901024,1065
4616901025,965
4616901026,1425
4616901027,795
4616901028,1255
4616901029,1410
4616901030,1305
4616901031,1215
4616901032,1795
4617001001,970
4617001002,1090
4617001003,1015
4617001004,1580
4617101001,1915
4617101002,1140
4617101003,1750
4617101004,1195
4617101005,440
4617101006,915
4617101007,1235
4617102001,1385
4617102002,1330
4617102003,1150
4617102004,1450
4617102005,1065
4617102006,2200
4617102007,1155
4617102008,1250
4617102009,835
4617102010,1375
4617201001,1745
4617201002,2195
4617201003,3085
4617301001,1815
4617401001,1315
4617501001,665
4617601001,2850
4617701001,2280
4617701002,1150
4617701003,2740
4617801001,3135
4617801002,2310
4617801003,390
4617901001,1580
4617901002,1565
4618001001,875
4618101001,2435
4618101002,2635
4618101003,1355
4618101004,870
4618101005,3010
4618101006,2400
4618102001,1950
4618102002,1230
4618102003,995
4618102004,1525
4618102005,1335
4618102006,1590
4618102007,2385
4618103001,1370
4618104001,1340
4618104002,480
4618201001,1580
4618301001,1370
4618301002,1330
4618301003,2205
4618301004,1540
4618301005,1955
4618401001,735
4618401002,1815
4618401003,1935
4618401004,2085
4618401005,2180
4618401006,1615
4618401007,680
4618401008,1335
4618402001,875
4618402003,1540
4618402005,125
4618402006,620
4618402007,50
4618402008,900
4618403001,1195
4618403002,1150
4618403003,1370
4618403004,2005
4618403005,1300
4618403006,2045
4618403007,1825
4618403008,1390
4618403009,1905
4618403010,1170
4618403011,1995
4618403012,2230
4618403013,865
4618501001,475
4618601001,1935
4618601002,2000
4618601003,1840
4618601004,2055
4618601005,1850
4618601006,1410
4618601007,1415
4618601008,2355
4618601009,2220
4618601010,1540
4618601011,1945
4618601012,2455
4618601013,720
4618601014,655
4618701001,1790
4618801001,1015
4618901001,600
4619001001,1220
4619001002,1165
4619001003,975
4619001004,725
4619001005,950
4619001006,980
4619001007,1355
4619001008,1445
4619001009,1365
4619001010,1485
4619001011,1590
4619001012,990
4619001013,985
4619001014,985
4619001015,1790
4619001016,1815
4619001017,2050
4619001018,1295
4619001019,1650
4619001020,835
4619001021,1635
4619001022,1150
4619001023,760
4619001024,1520
4619001025,1200
4619001026,790
4619001027,710
4619001028,1850
4619001030,4480
4619001031,1610
4619001032,2890
4619001033,3070
4619001034,1030
4619001035,1500
4619001036,2255
4619001037,1905
4619001038,1095
4619001039,2460
4619001040,1165
4619001041,1445
4619001042,1665
4619001043,3000
4619001044,1005
4619001047,745
4619101001,2890
4619201001,990
4619301001,1555
4619301002,1185
4619301003,1225
4619301004,895
4619301005,2035
4619301006,1845
4619301007,2300
4619401001,1590
4619401002,1750
4619401003,1535
4619401004,925
4619401005,1240
4619401006,925
4619401007,1735
4619401008,1060
4619401009,1660
4619401010,1595
4619401011,1280
4619401012,2180
4619401013,1470
4619401014,1140
4619501001,2800
4619601001,175
4619701001,2530
4619801001,990
4619901001,1755
4619901002,1640
4619901003,2050
4619901004,1230
4619901005,1010
4620001001,920
4620001002,1595
4620101001,80
4620201001,2920
4620201002,2315
4620201003,2275
4620201004,2295
4620201005,2375
4620201006,2145
4620201007,2960
4620201008,1240
4620201009,1685
4620201010,1600
4620301001,1160
4620301002,2005
4620301003,1415
4620401001,2320
4620401002,2260
4620402001,2095
4620402002,2200
4620501001,2725
4620501002,1335
4620501003,1515
4620501004,1330
4620501005,1390
4620501006,1975
4620501007,1815
4620501008,1510
4620501009,2340
4620501010,1200
4620501011,1255
4620501012,865
4620601001,725
4620701001,2465
4620701002,1720
4620701003,2635
4620701004,1765
4620801001,1460
4620901001,1170
4620901002,1340
4621001001,425
4621101001,2235
4621201001,2310
4621301001,3140
4621301002,1980
4621301003,1245
4621302002,2130
4621302003,1550
4621302004,1280
4621302005,1350
4621302006,1990
4621302007,2625
4621303001,1635
4621303002,620
4621303003,820
4621304001,740
4621401001,1970
4621401002,950
4621402001,2070
4621402002,2020
4621402003,2490
4621402004,1610
4621402005,2095
4621403001,2290
4621403002,1830
4621403003,2235
4621403004,1470
4621501001,1875
4621601001,1920
4621601002,3060
4621601003,1750
4621701001,1165
4621801001,1290
4621901001,185
4622001001,1155
4622001002,2190
4622001003,1085
4622001004,775
4622001005,1085
4622001006,955
4622002002,1565
4622002003,1020
4622002004,1420
4622003001,1315
4622003002,1110
4622003003,980
4622003004,1275
4622003005,1965
4622003006,785
4622003007,1735
4622003008,625
4622003009,660
4622004001,1515
4622004002,445
4622004003,690
4622004004,790
4622004005,2545
4622004006,1530
4622004007,1405
4622004008,1370
4622004009,1570
4622004010,610
4622004011,2180
4622004012,2105
4622004013,1945
4622004014,1275
4622004015,690
4622004016,900
4622004017,2645
4622004018,2500
4622004019,1400
4622004020,1890
4622004021,540
4622004022,705
4622004023,950
4622004024,1205
4622004025,2760
4622004026,880
4622004027,660
4622004028,2255
4622004029,1320
4622004030,1395
4622004031,1055
4622101001,450
4622201001,480
4622301001,855
4622301002,1870
4622301003,1275
4622301004,2900
4622301005,1665
4622301006,1465
4622401001,190
4622501001,425
4622601001,45
4622701001,1195
4622801001,2325
4622801002,1015
4622901001,1435
4623001001,1405
4623001002,1300
4623001003,720
4623001004,1740
4623001005,2015
4623001006,800
4623001007,2165
4623001008,1785
4623001009,690
4623001010,1960
4623001011,1420
4623001012,1020
4623001013,1800
4623101001,1820
4623101002,1705
4623201001,1175
4623301001,1845
4623301002,1640
4623301003,1430
4623401001,415
4623501001,2370
4623501002,1795
4623501003,1495
4623501004,2240
4623502001,1385
4623502002,2025
4623502003,2785
4623502004,990
4623503001,1995
4623503002,960
4623503003,2040
4623503004,2130
4623504001,1100
4623504002,765
4623504003,2350
4623504004,2200
4623601001,1240
4623701001,1215
4623701002,540
4623701003,1105
4623701004,1190
4623701005,980
4623701006,725
4623701007,1395
4623701008,1355
4623701009,820
4623801001,605
4623801002,740
4623801003,570
4623801004,585
4623801005,1775
4623802001,1300
4623802002,1245
4623802003,845
4623803001,1855
4623803002,2500
4623803003,805
4623803004,2240
4623803005,1740
4623803006,1210
4623901001,660
4624001001,310
4624101001,510
4624201001,445
4624301001,160
4624401001,1250
4624401002,740
4624401003,1635
4624401004,600
4624401005,1310
4624401006,1150
4624401007,1860
4624401008,1180
4624401010,1670
4624401011,2225
4624401012,1410
4624401013,1745
4624401014,590
4624402001,2185
4624402002,1380
4624402004,1140
4624402005,1135
4624402006,1265
4624402007,1760
4624403001,1840
4624403002,1790
4624403003,1290
4624403004,1400
4624403005,2320
4624403006,760
4624403007,1255
4624403008,1660
4624403009,1365
4624403010,2085
4624403011,1125
4624403012,885
4624403013,1855
4624403014,1770
4624403015,625
4624403016,1745
4624403017,1025
4624403018,1730
4624403019,2150
4624403020,1320
4624403021,1385
4624403023,1215
4624403024,1025
4624403025,1845
4624403026,1155
4624404001,1285
4624404002,3470
4624404003,1375
4624404004,1690
4624404005,1595
4624404006,3030
4624404007,900
4624404008,755
4624404009,3210
4624501001,595
4624601001,1265
4624701001,1220
4624801001,2080
4624801002,1090
4624802001,1775
4624802002,1660
4624901001,1230
4624901002,970
4624902001,1380
4624902002,1200
4624902003,1885
4624903001,1390
4624903002,1395
4624903003,900
4624904002,1850
4625001001,1325
4625001002,1015
4625001003,1005
4625001005,1160
4625001007,770
4625001008,775
4625001009,835
4625001010,740
4625001011,1720
4625001012,665
4625001013,760
4625001014,1090
4625001017,705
4625001018,595
4625001019,1780
4625001022,1480
4625001023,1010
4625001024,1070
4625001025,720
4625001026,1565
4625001028,670
4625001030,815
4625001031,790
4625001032,1215
4625001034,1520
4625002001,860
4625002003,1275
4625002004,1605
4625002006,1245
4625002008,1745
4625002009,1065
4625002010,920
4625002013,1030
4625002014,855
4625002015,1005
4625002016,1840
4625002018,610
4625002019,1015
4625002020,1125
4625002021,970
4625002022,1105
4625002023,1305
4625002024,850
4625002025,845
4625002026,1050
4625002030,1090
4625002031,1475
4625002032,865
4625002033,1710
4625002035,800
4625002036,790
4625002037,1280
4625002039,580
4625002040,775
4625002041,695
4625002042,1100
4625002043,680
4625002044,520
4625002045,930
4625002046,735
4625002047,745
4625002050,920
4625002051,1035
4625002053,1020
4625002054,630
4625002055,1480
4625002057,710
4625003001,690
4625003002,1650
4625003004,1495
4625003007,775
4625003008,1290
4625003010,1915
4625003013,915
4625003014,785
4625003015,870
4625003017,1950
4625003018,930
4625003019,1160
4625003020,1235
4625003021,1870
4625003023,1805
4625003025,1285
4625003026,820
4625003027,520
4625003028,1340
4625003029,810
4625003030,1150
4625003032,885
4625003033,1050
4625003034,1440
4625003035,1730
4625003036,1555
4625003037,1330
4625003038,640
4625003040,940
4625003041,2175
4625003044,1430
4625003046,635
4625003047,1685
4625003048,2040
4625003049,1015
4625003050,1130
4625003052,2030
4625003053,890
4625003055,940
4625004001,965
4625004002,740
4625004003,1435
4625004004,1125
4625004005,1205
4625004006,1375
4625004007,1265
4625004008,975
4625004009,1530
4625004010,1135
4625004011,840
4625004012,1530
4625004014,595
4625004015,920
4625004016,700
4625004017,2450
4625004018,3155
4625004019,2605
4625004020,1145
4625004021,2015
4625004022,1025
4625004023,1200
4625004024,3005
4625004025,2055
4625004026,980
4625005001,1320
4625005002,790
4625005003,885
4625005004,1410
4625005005,1310
4625005006,1185
4625005007,950
4625005008,1970
4625005009,890
4625005010,1130
4625005011,1625
4625005013,1175
4625005014,880
4625005015,1360
4625005016,1185
4625005017,580
4625005018,725
4625005019,1585
4625005021,1735
4625005022,1825
4625005025,835
4625005026,1620
4625005027,2245
4625005028,1005
4625005029,865
4625005031,1305
4625005033,1765
4625005034,1215
4625005036,1240
4625005037,800
4625005038,1240
4625005039,1490
4625005040,1905
4625005041,2395
4625005042,1475
4625005043,1700
4625006001,775
4625006002,1630
4625006003,550
4625006004,735
4625006005,1140
4625006006,930
4625006007,1560
4625006008,2225
4625006009,1500
4625006011,1185
4625006012,1100
4625006013,1175
4625006014,2150
4625006015,2300
4625006016,710
4625006017,1125
4625006018,810
4625006019,480
4625006020,520
4625006021,970
4625006022,810
4625006023,1175
4625006024,1555
4625006026,2170
4625006027,1385
4625007001,1200
4625007002,1940
4625007003,1460
4625007004,745
4625007005,1155
4625007006,1205
4625007007,980
4625007008,795
4625007009,1265
4625007010,1115
4625007012,1060
4625007013,825
4625007014,740
4625007015,800
4625007016,1795
4625007017,2645
4625007018,1500
4625007019,1915
4625007020,2235
4625007021,1470
4625007022,1430
4625007023,1060
4625007024,1780
4625007025,785
4625007026,960
4625007027,665
4625007029,1440
4625007030,1665
4625007031,1000
4625007032,975
4625007036,1830
4625007037,2105
4625007039,1745
4625007040,1240
4625007041,690
4625007042,2400
4625008001,770
4625008002,850
4625008003,675
4625008004,1645
4625008005,1040
4625008006,1055
4625008007,915
4625008008,1185
4625008009,805
4625008010,2285
4625008012,1330
4625008013,2035
4625008014,2115
4625008015,1185
4625008016,1120
4625008017,800
4625008018,2375
4625008019,1885
4625008020,2065
4625008021,1975
4625008022,1590
4625008023,935
4625008024,1230
4625008025,770
4625008026,1590
4625008027,1525
4625008028,710
4625008029,915
4625008030,1690
4625008031,1655
4625008032,1875
4625008033,1280
4625008034,1330
4625008035,2160
4625008036,1245
4625008037,1435
4625008038,1465
4625008039,945
4625008040,1355
4625008041,1060
4625008042,2430
4625009001,1500
4625009002,1055
4625009003,1085
4625009004,655
4625009005,2210
4625009007,1800
4625009008,765
4625009009,1720
4625009010,1165
4625009012,1430
4625009013,1455
4625009015,790
4625009016,1305
4625009017,795
4625009018,1485
4625009019,1220
4625009020,1370
4625009021,2040
4625009022,1235
4625009023,815
4625009024,1045
4625009025,1505
4625009026,2635
4625009028,1820
4625009029,1730
4625009030,1860
4625009031,1955
4625009032,1205
4625009033,1730
4625009034,815
4625009035,1010
4625009036,670
4625009037,925
4625009038,2425
4625009039,1420
4625009040,1010
4625009041,1340
4625009042,1390
4625010001,2000
4625010002,1290
4625010003,1485
4625010004,1135
4625010005,1220
4625010006,1660
4625010007,2040
4625010008,1725
4625010009,870
4625010010,995
4625010011,1075
4625010012,870
4625010013,2200
4625010014,1015
4625010015,935
4625010016,1440
4625010017,960
4625010018,1665
4625010019,1380
4625010021,1165
4625010022,2435
4625010023,1250
4625010024,2360
4625010025,915
4625010026,1650
4625010027,1180
4625010028,1205
4625010029,1560
4625010030,890
4625010031,1875
4625010032,1370
4625010033,845
4625010034,1310
4625010035,1500
4625010036,850
4625010037,960
4625010039,1480
4625010040,2635
4625010041,790
4625010043,1010
4625010044,1320
4625010045,725
4625010046,1020
4625010047,1270
4625010048,1515
4625010049,1930
4625010050,1245
4625010051,1470
4625010052,2330
4625010053,3320
4625010054,1645
4625011001,1300
4625011002,1620
4625011003,690
4625011004,1155
4625011005,1400
4625011006,1280
4625011008,910
4625011009,2150
4625011010,1745
4625011011,1770
4625011012,655
4625011013,640
4625011015,1150
4625011017,1245
4625011018,895
4625011019,915
4625011021,1275
4625011022,1235
4625011024,1060
4625011026,1065
4625011027,670
4625011028,560
4625011029,1095
4625011030,1280
4625011031,750
4625011032,785
4625011033,1880
4625011034,2215
4625011035,1460
4625011036,730
4625011037,1000
4625011038,1355
4625011039,1420
4625011040,1510
4625011041,2780
4625011042,1360
4625011044,870
4625011045,735
4625011046,765
4625011047,2315
4625011048,1205
4625011050,1485
4625011051,1220
4625011052,2375
4625011053,1495
4625011054,970
4625012001,1275
4625012002,1350
4625012003,2260
4625012005,625
4625012006,840
4625012008,1375
4625012009,1245
4625012010,1490
4625012011,1125
4625012012,2095
4625012013,1790
4625012014,1640
4625012015,1520
4625012016,1605
4625012018,1720
4625012019,1625
4625012020,1405
4625012021,625
4625012023,1075
4625012024,1430
4625012025,2735
4625012026,1395
4625012027,960
4625012028,2910
4625012029,925
4625012030,1250
4625012031,1115
4625012032,440
4625012033,1010
4625012034,985
4625012035,1445
4625012036,2665
4625012037,1885
4625012038,1885
4625012039,1505
4625012040,1640
4625012041,3880
4625012042,2970
4625012043,1205
4625012044,1495
4625012045,1920
4625013001,1395
4625013002,2190
4625013003,835
4625013004,970
4625013005,1835
4625013007,835
4625013008,1705
4625013009,1105
4625013010,1405
4625013011,750
4625013012,2225
4625013013,1125
4625013014,1585
4625013015,1520
4625013016,895
4625013017,1460
4625013019,745
4625013020,595
4625013021,1495
4625013022,1165
4625013023,1670
4625013024,2180
4625013025,2205
4625013026,845
4625013027,1385
4625013028,1930
4625013029,1030
4625013030,1080
4625014001,2385
4625014002,1390
4625014003,760
4625014004,1140
4625014005,965
4625014006,1175
4625014007,1335
4625014008,1240
4625014009,1020
4625014010,895
4625014011,785
4625014012,980
4625014013,1850
4625014014,1335
4625014015,1155
4625014016,895
4625014018,1275
4625014019,1760
4625014020,2240
4625014021,1680
4625014022,815
4625014023,1095
4625014024,1075
4625015001,1240
4625015002,1350
4625015003,1170
4625015004,1215
4625015005,985
4625015006,1380
4625015007,2230
4625015008,760
4625015010,865
4625015011,915
4625015012,1370
4625015013,1350
4625015014,1685
4625015015,1115
4625015016,1180
4625015017,1210
4625015018,2345
4625015019,1095
4625015020,925
4625015021,1225
4625015022,1150
4625015023,1345
4625015024,1930
4625015025,1085
4625015026,1620
4625015027,1320
4625015028,2070
4625015029,1200
4625015030,1560
4625015031,890
4625015032,560
4625015033,3800
4625015034,2010
4625015035,2995
4625015036,1405
4625015037,1755
4625016001,1115
4625016002,1845
4625016003,2560
4625016004,655
4625016005,1370
4625016006,2225
4625016008,1690
4625016009,1055
4625016010,1085
4625016011,1155
4625016012,945
4625016013,1410
4625016014,1130
4625016015,1390
4625016016,1620
4625016017,2025
4625016018,755
4625016019,3770
4625016020,1785
4625016021,1210
4625016022,710
4625016023,1510
4625016024,1450
4625016025,1120
4625016026,1275
4625016027,1095
4625016028,1935
4625016029,3205
4625016030,1300
4625017001,1540
4625017002,905
4625017003,1310
4625017006,1830
4625017007,800
4625018001,1195
4625018002,1100
4625018003,1815
4625018004,2270
4625018005,860
4625018006,1390
4625018007,1775
4625018008,1760
4625018009,910
4625018010,1045
4625019001,1140
4625019002,525
4625019003,2165
4625019004,1465
4625019005,2205
4625019006,1785
4625019007,735
4625019008,2110
4625019009,910
4625019011,810
4625019012,765
4625019013,1945
4625019014,1255
4625019015,840
4625019016,1700
4625101001,1795
4625101002,1490
4625201001,160
4625301001,150
4625401001,1420
4625501001,1505
4625501002,985
4625501003,1870
4625601001,2625
4625601002,1760
4625601003,2490
4625601004,2455
4625701001,2470
4625701002,1830
4625701003,1375
4625701004,1730
4625801001,1795
4625801002,1935
4625901001,660
4626001001,2250
4626001002,970
4626101001,2105
4626201001,255
4626301001,490
4690201001,435
4690301001,3120
4690301002,2195
4690301003,1565
4690401001,965
4700101001,55
4700201001,30
4700301001,305
4700401001,785
4700401002,680
4700501001,715
4700601001,235
4700701001,2600
4700701002,980
4700701003,940
4700801001,30
4700901001,120
4701001001,2535
4701001002,1430
4701001003,2150
4701001004,1535
4701001005,1805
4701001006,1875
4701001007,4185
4701101001,660
4701201001,160
4701301001,125
4701401001,55
4701501001,290
4701601001,95
4701701001,215
4701801001,40
4701901001,105
4702001001,315
4702101001,90
4702201001,65
4702301001,2545
4702301002,1355
4702401001,340
4702501001,135
4702601001,70
4702701001,2295
4702701002,1235
4702801001,35
4702901001,65
4703001001,540
4703001002,700
4703101001,230
4703201001,170
4703301001,285
4703401001,90
4703501001,1100
4703601001,300
4703701001,220
4703801001,145
4703901001,195
4704001001,65
4704101001,170
4704201001,75
4704301001,365
4704401001,380
4704501001,960
4704601001,160
4704701001,250
4704801001,260
4704901001,100
4705001001,1635
4705001002,1780
4705001003,1350
4705101001,400
4705201001,2395
4705201002,1265
4705201003,1945
4705201004,1885
4705201005,885
4705301001,160
4705401001,795
4705501001,225
4705601001,100
4705701001,275
4705801001,220
4705901001,130
4706001001,285
4706101001,280
4706201001,200
4706301001,120
4706401001,35
4706501001,995
4706601001,1430
4706701001,205
4706801001,45
4706901001,145
4707001001,40
4707101001,500
4707301001,150
4707401001,180
4707501001,1065
4707501002,1910
4707502001,1420
4707502002,2315
4707601001,1620
4707601002,2435
4707601003,2690
4707601004,1200
4707601005,1900
4707601006,1675
4707601007,1445
4707601008,1340
4707601009,895
4707601010,1040
4707601011,815
4707601012,960
4707601013,955
4707601014,2280
4707601015,1145
4707701001,310
4707801001,200
4707901001,70
4708001001,65
4708101001,55
4708201001,1015
4708301001,95
4708401001,870
4708401002,740
4708501001,890
4708501002,2390
4708501003,1840
4708501004,2270
4708501005,1710
4708501006,1090
4708502001,1475
4708502002,1695
4708502003,915
4708502004,1260
4708503001,1210
4708503002,960
4708503003,2345
4708503004,1260
4708601001,930
4708601002,1430
4708602001,860
4708602002,1565
4708701001,455
4708801001,130
4708901001,195
4709001001,1220
4709001002,2040
4709101001,105
4709201001,130
4709301001,970
4709401001,200
4709501001,40
4709601001,160
4709701001,395
4709801001,745
4709901001,180
4710001001,175
4710101001,960
4710101002,1095
4710201001,320
4710301001,330
4710401001,730
4710401002,1160
4710402001,930
4710402002,925
4710501001,235
4710601001,70
4710901001,210
4711001001,525
4711101001,1165
4711201001,2030
4711201002,1525
4711301001,190
4711401001,2255
4711401002,1375
4711402001,870
4711402002,825
4711501001,340
4711601001,510
4711701001,345
4711801001,185
4711901001,115
4712101001,650
4712201001,805
4712202001,1690
4712301001,545
4712401001,530
4712501001,60
4712601001,55
4712701001,165
4712801001,70
4712901001,1115
4713001001,115
4713101001,205
4713201001,45
4713301001,1695
4713301002,1525
4713401001,200
4713501001,100
4713701001,30
4713801001,280
4713901001,860
4713902001,540
4714001001,135
4714101001,150
4714201001,185
4714301001,155
4714401001,100
4714501001,740
4714601001,290
4714701001,135
4714801001,560
4714901001,50
4715001001,395
4715101001,35
4715201001,100
4715301001,140
4715401001,180
4715501001,2245
4715501002,1715
4715601001,190
4715701001,665
4715801001,1090
4715901001,1215
4716001001,535
4716101001,1775
4716101002,1940
4716101003,1615
4716201001,75
4716301001,325
4716401001,460
4716501001,1280
4716501002,670
4716501003,1120
4716502001,2675
4716502002,1355
4716502003,1955
4716601001,315
4716701001,285
4716801001,35
4716901001,80
4717001001,45
4717101001,495
4717201001,175
4717301001,1070
4717401001,330
4717501001,800
4717501002,525
4717501003,2315
4717502001,1190
4717502002,1415
4717502003,2440
4717601001,250
4717701001,115
4717801001,205
4717901001,490
4718001001,120
4718101001,210
4718201001,1720
4718301001,170
4718401001,535
4718501001,115
4718601001,670
4718601003,920
4718601005,665
4718601006,765
4718601007,745
4718602001,635
4718602002,765
4718602004,915
4718602005,1410
4718602006,950
4718602007,900
4718602008,540
4718602009,640
4718602010,490
4718602011,735
4718602012,1030
4718602013,1450
4718602014,1315
4718602015,1500
4718602017,785
4718602019,1095
4718603001,800
4718603002,770
4718603003,830
4718603004,1005
4718603005,1410
4718603007,740
4718603008,1485
4718603009,750
4718604001,1470
4718604002,1035
4718604003,1865
4718604004,1845
4718604005,1180
4718604006,1310
4718604007,1170
4718604008,765
4718604009,1660
4718604010,915
4718604011,1940
4718604012,1070
4718604013,1075
4718604014,960
4718604015,1005
4718604016,1630
4718604017,1430
4718604018,990
4718604020,785
4718604021,690
4718604022,790
4718604023,845
4718604024,1095
4718604025,720
4718604026,1545
4718604027,1270
4718604028,1555
4718604029,705
4718604030,945
4718604032,1275
4718604033,715
4718604034,1260
4718604035,590
4718604036,1160
4718604037,1615
4718604038,1715
4718604039,1235
4718604040,1465
4718604041,1605
4718605001,1065
4718605002,745
4718605003,485
4718605004,725
4718605006,1065
4718605007,655
4718606001,1080
4718606002,960
4718606003,1445
4718606005,1325
4718606006,1220
4718606007,740
4718606008,880
4718606009,705
4718606010,1085
4718606011,625
4718606012,1035
4718606013,985
4718606014,710
4718606015,965
4718606016,750
4718606017,1110
4718606018,680
4718606019,1225
4718606020,1325
4718606021,640
4718606022,1125
4718606023,1275
4718606024,675
4718606025,1020
4718606026,570
4718606027,1610
4718606028,905
4718606029,840
4718606030,870
4718606031,1170
4718606032,980
4718606033,1320
4718606034,1165
4718606036,1710
4718606037,1230
4718606038,1860
4718606039,1165
4718607001,1150
4718607003,865
4718607004,1115
4718607005,1610
4718607006,1175
4718607007,985
4718607008,630
4718607009,680
4718607010,720
4718607011,2700
4718607013,1510
4718607014,1565
4718607015,650
4718607016,730
4718607017,580
4718607018,1460
4718607019,685
4718607020,825
4718607021,1010
4718608001,1235
4718608002,1435
4718608004,750
4718608005,915
4718608006,1690
4718608009,585
4718608010,1115
4718608012,1155
4718608013,1015
4718608014,1230
4718608015,1000
4718608016,675
4718608017,1065
4718608018,1070
4718608020,395
4718608021,1135
4718608023,1260
4718608024,1135
4718608025,1120
4718608026,1060
4718608027,1060
4718608028,1825
4718608030,665
4718608031,1670
4718608032,1200
4718608033,640
4718608034,795
4718608035,1120
4718608036,1485
4718608037,645
4718608038,1075
4718608039,630
4718608040,1035
4718608041,710
4718609001,770
4718609002,1325
4718609003,895
4718609004,1540
4718609006,945
4718609007,2100
4718609009,1460
4718609010,850
4718609011,585
4718609012,880
4718610001,1145
4718610002,1035
4718610003,980
4718610004,785
4718610005,1665
4718610006,1280
4718610007,1720
4718610008,1675
4718610009,1295
4718610010,1325
4718610011,935
4718610013,1070
4718610014,1560
4718610015,965
4718610016,930
4718610017,965
4718610018,1410
4718610019,1280
4718610020,1155
4718610021,1360
4718610022,1285
4718610024,1605
4718610025,845
4718610026,1230
4718610027,955
4718610028,880
4718610029,1810
4718610030,2150
4718610031,795
4718610032,740
4718610033,1480
4718610034,1180
4718610035,1495
4718610036,1015
4718610037,1885
4718610038,1345
4718610039,1155
4718610040,1550
4718610041,790
4718610042,1840
4718610043,1745
4718610044,1710
4718610045,1700
4718610046,1760
4718610047,1650
4718610048,800
4718610049,1405
4718610050,1235
4718610051,1700
4718610052,3030
4718610053,2865
4718611001,1450
4718611002,930
4718611003,1425
4718611004,765
4718611005,950
4718611006,860
4718611007,725
4718611008,1090
4718611009,710
4718611010,1290
4718611012,790
4718611013,805
4718611014,995
4718611015,1275
4718611016,1165
4718611017,1395
4718611018,1165
4718611019,830
4718611020,770
4718611021,1215
4718611022,905
4718611023,565
4718611024,640
4718611025,1590
4718611026,2050
4718611027,790
4718611028,1040
4718611029,650
4718611030,545
4718611031,2350
4718611032,2405
4718611033,1740
4718611034,1555
4718611035,1595
4718611036,1765
4718611037,1755
4718611038,2095
4718611039,1515
4718611040,1175
4718611041,2215
4718611042,950
4718612001,940
4718612002,825
4718612003,1095
4718612004,1490
4718701001,115
4718801001,130
4718901001,180
4719001001,120
4719101001,110
4719201001,130
4719301001,1960
4719401001,365
4719501001,510
4719601001,40
4719701001,1085
4719801001,85
4719901001,90
4720001001,105
4720301001,90
4720401001,315
4720501001,515
4720601001,115
4720701001,370
4720801001,70
4720901001,45
4721001001,465
4721101001,60
4721201001,455
4721301001,135
4721401001,1125
4721401002,620
4721501001,65
4721601001,140
4721701001,2360
4721801001,1205
4721901001,65
4722001001,215
4722101001,120
4722201001,110
4722301001,190
4722401001,110
4722501001,90
4722601001,200
4722701001,65
4722801001,540
4722901001,220
4723001001,355
4723101001,1720
4723101002,1330
4723101003,1525
4723101004,1235
4723201001,120
4800101001,1420
4800101002,1430
4800101003,1245
4800101004,1355
4800101005,1885
4800201001,1750
4800201002,1315
4800201004,705
4800201005,1395
4800202001,1460
4800202002,1360
4800202003,1695
4800301001,1540
4800301002,1845
4800301003,1850
4800301004,1585
4800301005,2445
4800301006,1400
4800301007,2180
4800301008,1520
4800301009,825
4800301010,1540
4800302001,770
4800303001,800
4800401001,415
4800501001,130
4800601001,360
4800701001,415
4800801001,720
4800901001,955
4801001001,550
4801101001,1430
4801101002,2185
4801101003,1475
4801101004,2485
4801102001,810
4801102002,1485
4801102003,1315
4801102004,1285
4801201001,2575
4801301001,880
4801301002,1355
4801301003,880
4801301004,1500
4801301005,1010
4801301006,900
4801301007,520
4801301008,580
4801301009,670
4801302001,1190
4801302002,1155
4801302003,825
4801302004,1480
4801302005,660
4801302006,1220
4801302007,790
4801302008,1745
4801302009,1220
4801302010,1210
4801302011,2235
4801303001,1000
4801303002,1225
4801303003,620
4801303004,1270
4801303005,705
4801303006,840
4801303007,550
4801303008,1150
4801304001,980
4801304002,470
4801304003,1055
4801304004,1300
4801304005,690
4801304006,610
4801304007,1365
4801304008,1240
4801304009,825
4801304010,935
4801304011,1230
4801305001,1800
4801305002,1425
4801305003,845
4801305004,705
4801305005,1935
4801305006,1290
4801305007,1240
4801305008,1030
4801305009,1345
4801305010,1270
4801305011,1595
4801306001,1735
4801306002,1030
4801306003,1145
4801306004,1105
4801306005,1210
4801306006,870
4801306007,1465
4801306008,855
4801306009,1075
4801306010,1355
4801306011,1085
4801306012,1225
4801306013,900
4801307001,1435
4801307002,995
4801307003,2040
4801307004,1195
4801307005,1675
4801308001,1235
4801308002,1615
4801308003,915
4801308004,1295
4801308005,1000
4801308006,935
4801308007,1305
4801308008,1020
4801309001,800
4801309002,1125
4801309003,1345
4801309004,1305
4801309005,1240
4801309006,655
4801309007,1975
4801309008,1170
4801309009,1165
4801309010,905
4801309011,685
4801309012,865
4801401001,1415
4801501001,1270
4801501002,955
4801501003,985
4801501004,980
4801501005,845
4801501006,1320
4801501007,925
4801501008,1225
4801501009,1750
4801501010,2010
4801501011,1200
4801501012,805
4801502002,1570
4801502003,820
4801502004,880
4801502005,1050
4801502006,785
4801502007,1130
4801502008,655
4801502009,695
4801502010,1305
4801502011,735
4801502012,665
4801502013,1415
4801502014,1265
4801502015,1000
4801502016,1655
4801502017,480
4801502018,635
4801503001,1440
4801503002,1380
4801503003,840
4801504001,700
4801504002,1340
4801505001,1555
4801505002,1345
4801505003,1050
4801505004,1060
4801601001,1555
4801601002,1020
4801601003,1790
4801601004,1105
4801601005,1415
4801701001,1480
4801701002,915
4801701003,1495
4801702001,1665
4801702002,1955
4801702003,1395
4801702004,1390
4801702005,815
4801702006,440
4801703001,1115
4801703002,2225
4801703003,2130
4801801001,1240
4801901001,1025
4801901002,745
4801901003,1465
4801901004,1630
4802001002,1255
4802001003,845
4802001005,1585
4802001006,1340
4802001007,820
4802001008,730
4802001009,1195
4802001010,1555
4802001011,775
4802001012,925
4802001013,1020
4802001015,625
4802001016,1870
4802001017,955
4802001018,1315
4802001019,1245
4802001020,1320
4802001021,1205
4802001022,1555
4802001023,1500
4802001025,1525
4802001026,1375
4802001027,1055
4802001028,1280
4802001029,1595
4802001030,1610
4802001031,1265
4802001032,1995
4802001033,795
4802001034,900
4802001035,895
4802001036,755
4802001037,730
4802001038,1770
4802001039,545
4802001040,550
4802001041,980
4802001042,1570
4802001043,945
4802001044,1335
4802001045,1475
4802001046,1280
4802002001,1225
4802002002,755
4802002003,1340
4802002005,1265
4802002006,700
4802002007,885
4802002008,900
4802002009,1055
4802002010,850
4802002011,1520
4802002012,1660
4802002013,700
4802002014,1175
4802002015,1000
4802002016,1130
4802002017,580
4802002018,1145
4802002019,1585
4802002020,1530
4802002021,1070
4802002022,1365
4802002023,1020
4802002024,1060
4802002025,1555
4802002026,1480
4802002027,1085
4802002028,850
4802002029,1395
4802002030,1215
4802002031,1735
4802002032,1210
4802002033,1480
4802002034,1425
4802002035,905
4802003001,1920
4802003002,1335
4802003003,1270
4802003005,2065
4802003006,835
4802003007,1610
4802003008,780
4802003009,1095
4802003010,725
4802003011,530
4802003012,590
4802003013,1205
4802003014,865
4802003015,920
4802003016,1315
4802003017,1645
4802003018,1175
4802003019,1375
4802003020,2295
4802003021,1410
4802003022,1190
4802003023,1685
4802004002,1245
4802004003,1720
4802004005,940
4802004006,1260
4802004008,1785
4802004009,1575
4802004010,1740
4802004012,1415
4802004013,1295
4802004014,1940
4802004015,1085
4802004016,745
4802004017,815
4802004018,860
4802004019,845
4802004020,850
4802004021,1280
4802004022,1440
4802004024,1790
4802004025,1390
4802004026,995
4802004027,955
4802004028,1225
4802004029,1580
4802004030,1860
4802004031,695
4802004032,1040
4802004033,1310
4802004035,860
4802004036,1265
4802004037,1610
4802004038,705
4802004039,2140
4802005001,1845
4802005002,550
4802005003,1795
4802005004,1880
4802005005,980
4802005006,1170
4802005007,1290
4802005008,1695
4802005009,2015
4802005010,1060
4802005011,1010
4802005012,1365
4802005013,860
4802005014,770
4802005015,1810
4802005016,1240
4802005017,1625
4802005018,845
4802005019,740
4802005020,695
4802005021,1855
4802005022,1305
4802005024,1590
4802005025,1790
4802005026,635
4802005028,965
4802005029,1935
4802005030,2175
4802005031,1440
4802005032,1905
4802005034,1410
4802005035,2225
4802005036,2600
4802005037,1265
4802005038,1565
4802005039,900
4802005040,1830
4802005041,1300
4802005042,2360
4802005043,2015
4802005044,1150
4802006001,1055
4802006002,1410
4802006003,1195
4802006004,715
4802006005,975
4802006006,880
4802006007,1475
4802006008,905
4802006009,1610
4802006010,2050
4802006011,1000
4802006012,895
4802006013,2085
4802006015,1475
4802006016,865
4802006017,1575
4802006018,640
4802006019,805
4802006020,1160
4802006021,1220
4802006022,1140
4802006023,930
4802006024,1100
4802006025,1025
4802006026,1120
4802006027,635
4802006028,850
4802006029,1345
4802006030,880
4802006031,920
4802006032,550
4802006033,905
4802006034,1100
4802006035,1145
4802006036,955
4802006037,935
4802006038,925
4802006039,1405
4802006041,1180
4802006042,1220
4802006043,1120
4802006044,725
4802006045,905
4802006046,1605
4802006047,715
4802006048,735
4802007001,1140
4802007002,655
4802007003,1005
4802007004,695
4802007005,1200
4802007006,1375
4802007007,905
4802007008,1505
4802007010,865
4802007011,765
4802007012,1125
4802007013,2175
4802007014,875
4802007015,815
4802007016,1350
4802007017,1720
4802007019,1450
4802007021,1345
4802007022,1750
4802007023,1550
4802007024,1175
4802007025,675
4802007026,1520
4802007027,1690
4802007028,960
4802007029,1130
4802007030,990
4802007031,765
4802007032,1200
4802007033,1165
4802007034,935
4802007035,1620
4802007036,745
4802007037,620
4802007038,1510
4802007039,555
4802007040,1010
4802007041,1310
4802007042,1335
4802007043,1005
4802008001,1560
4802008002,1495
4802008003,1275
4802008004,1400
4802008005,1425
4802008006,1230
4802008007,1490
4802008008,2395
4802008009,730
4802008010,1185
4802008012,1270
4802008013,1660
4802008014,1225
4802008015,1995
4802008016,530
4802008018,1655
4802008019,1665
4802008020,1310
4802008021,1110
4802008022,2075
4802008023,1440
4802008024,2305
4802008025,1385
4802101001,805
4802101002,885
4802201001,1695
4802201002,505
4802202001,535
4802301001,770
4802401001,1295
4802501001,1065
4802601001,1335
4802701001,710
4802701002,1245
4802701003,970
4802701004,795
4802702001,965
4802702002,1240
4802702003,1105
4802703001,1980
4802703002,1305
4802704001,1905
4802704002,2000
4802704003,1645
4802704004,1670
4802704005,2100
4802704006,1420
4802704007,950
4802705001,715
4802705002,2510
4802705003,1695
4802705004,1320
4802801001,870
4802901001,1520
4802901002,2190
4802901003,975
4802901004,910
4802901005,1875
4802901006,1465
4802901007,1295
4803001001,805
4803101001,410
4803201001,2075
4803201002,1560
4803201003,1940
4803201004,875
4803201005,735
4803301001,260
4803401001,1090
4803401002,1150
4803401003,1840
4803401004,2000
4803401005,1165
4803401006,1270
4803401007,1695
4803401008,1845
4803401009,1390
4803401010,1110
4803401011,1640
4803501001,515
4803601001,685
4803601002,1195
4803601003,1135
4803601004,1785
4803601005,1210
4803601006,2160
4803601007,1075
4803601008,770
4803601009,1355
4803601010,1995
4803601011,2285
4803601012,1675
4803601013,815
4803601014,1385
4803601015,855
4803601016,745
4803601017,1005
4803602001,1735
4803603001,635
4803604001,745
4803604002,1680
4803604003,2200
4803701001,845
4803801001,1325
4803901001,345
4804001001,1600
4804101001,905
4804201001,1110
4804201002,580
4804301001,1940
4804301002,1455
4804301003,2105
4804401001,1320
4804401002,1560
4804401003,1820
4804401004,1950
4804401005,1705
4804401006,1150
4804401007,1875
4804401008,1590
4804401009,2270
4804402001,1950
4804402002,890
4804402003,1570
4804402004,670
4804402005,850
4804402006,1375
4804402007,2020
4804402008,1360
4804402009,1010
4804402010,1325
4804402011,675
4804402012,2000
4804402013,1690
4804402014,1160
4804402015,2210
4804402016,1370
4804402017,850
4804402018,860
4804402019,1760
4804402020,1710
4804402021,1200
4804402022,1375
4804402023,580
4804402024,1140
4804402025,845
4804402026,1205
4804402027,720
4804402028,660
4804402029,795
4804402030,1550
4804402031,825
4804403001,905
4804403002,745
4804403003,1140
4804403004,1640
4804403005,1730
4804403006,1130
4804403007,855
4804403008,1325
4804403009,1245
4804403010,1760
4804403011,885
4804403012,640
4804403013,1305
4804403014,1205
4804403015,1005
4804403016,905
4804403017,1235
4804403019,1095
4804403020,700
4804403021,745
4804403022,805
4804403023,1085
4804403024,545
4804403025,1245
4804403026,650
4804501001,1460
4804502001,1130
4804502002,1480
4804502003,1645
4804502004,645
4804601001,1815
4804601002,1860
4804601003,1200
4804601004,2510
4804601005,1145
4804601006,1340
4804601007,1725
4804601008,805
4804602001,1915
4804602002,1400
4804602003,925
4804701001,205
4804801001,635
4804901001,695
4805001001,275
4805101001,245
4805201001,1980
4805301001,1130
4805401001,1330
4805401002,1645
4805401003,1475
4805401004,855
4805401005,945
4805401006,1285
4805401007,1285
4805401008,1935
4805401009,1170
4805402001,2140
4805402002,1605
4805402003,1495
4805403001,1045
4805403002,1070
4805403003,2305
4805403004,815
4805403005,1185
4805403006,950
4805403007,1820
4805403008,2085
4805403009,1765
4805501001,990
4805501002,2415
4805601001,1060
4805701001,845
4805701002,910
4805702001,620
4805702002,1305
4805702003,1185
4805702004,1015
4805702005,1435
4805801001,1190
4805901001,500
4806001001,1750
4806001002,1655
4806001003,1475
4806101001,960
4806201001,380
4806301001,435
4806401001,710
4806501001,1120
4806501002,800
4806501003,945
4806501004,1190
4806601001,400
4806701001,1465
4806801001,1900
4806901001,1720
4806901002,2125
4806901003,2200
4806901004,1300
4806901005,1010
4806901006,1460
4806901007,995
4806901008,2110
4806902001,860
4806902002,2960
4807001001,670
4807101001,730
4807101002,1560
4807101003,1085
4807101004,1945
4807101005,1125
4807102001,1020
4807201001,1300
4807301001,1750
4807301002,1175
4807301003,1120
4807302001,820
4807302002,1380
4807302003,1815
4807303001,690
4807401001,1155
4807401002,1065
4807402001,1970
4807501001,2510
4807601001,350
4807701001,1630
4807701002,2700
4807801001,1015
4807801002,1310
4807801003,1295
4807801004,1010
4807801005,665
4807801006,1610
4807801007,735
4807801008,1180
4807801009,1895
4807802001,1375
4807802002,890
4807802003,975
4807802004,820
4807802005,780
4807802006,1415
4807802007,670
4807802008,1270
4807802009,845
4807802010,1520
4807803001,905
4807803002,785
4807803003,1465
4807803004,1210
4807803005,985
4807803006,1250
4807803007,1275
4807803008,1260
4807803009,1265
4807803010,710
4807803011,930
4807803012,1465
4807804001,805
4807804002,970
4807804003,1345
4807804004,1000
4807804005,1525
4807804006,1020
4807804007,1455
4807805001,2730
4807805002,1970
4807901001,545
4808001001,1480
4808001002,830
4808001003,1000
4808001004,1065
4808001005,835
4808001006,960
4808001007,1045
4808001008,1080
4808001009,1605
4808001010,1395
4808002001,860
4808101001,2465
4808201001,1245
4808201002,1590
4808201003,1170
4808201004,1365
4808201005,1245
4808201006,1775
4808201007,1555
4808201008,565
4808201009,1760
4808201010,1320
4808201011,1450
4808201012,1295
4808201013,630
4808201014,1275
4808201016,1200
4808201017,865
4808201018,1370
4808202001,1130
4808202003,1425
4808202004,855
4808202005,1520
4808202006,920
4808202007,1090
4808202008,1070
4808203001,1040
4808203002,825
4808203003,1670
4808203004,1225
4808203005,1435
4808203006,1010
4808203007,945
4808203008,1120
4808204001,1015
4808204002,835
4808204003,2085
4808204004,1390
4808204005,1570
4808205001,1185
4808301001,935
4808301002,1795
4808301003,965
4808301004,1685
4808301005,1790
4808302001,1160
4808401001,1680
4808401002,1235
4808401003,1550
4808401004,1240
4808401005,820
4808401006,1310
4808401007,1105
4808401008,1060
4808402001,840
4808402002,1260
4808402003,1020
4808402004,1105
4808402005,875
4808402006,740
4808403001,835
4808403002,1305
4808403003,875
4808403004,1070
4808403005,895
4808403006,1020
4808404001,1020
4808404002,1275
4808404003,975
4808404004,1330
4808404005,835
4808404006,1340
4808501001,1190
4808501002,2390
4808501003,1670
4808501004,2155
4808501005,1245
4808501006,1785
4808501007,2360
4808601001,1255
4808601002,1200
4808701001,520
4808801001,185
4808901001,2275
4808901002,1275
4809001001,1280
4809001002,650
4809001003,410
4809001004,1535
4809002001,2150
4809002002,1590
4809101001,1430
4809201001,975
4809301001,1225
4809401001,1365
4809401002,1585
4809401003,1290
4809501001,1505
4809501002,610
4809501003,900
4809601001,2140
4809601002,890
4809601003,2135
4809601004,1465
4809602001,1735
4809701001,680
4809701002,970
4890101001,1240
4890101002,1450
4890101003,1540
4890101004,1310
4890201001,1640
4890201002,645
4890201003,1980
4890201004,975
4890201005,1095
4890201006,1040
4890201007,1515
4890201008,1235
4890201009,950
4890202001,1510
4890202002,1525
4890202003,1735
4890202004,1230
4890202005,800
4890202006,735
4890202007,785
4890202008,1925
4890203001,870
4890203002,1140
4890203003,860
4890301001,2255
4890401001,1630
4890401002,2120
4890401003,760
4890501001,2295
4890501002,980
4890601001,980
4890701001,430
4890801001,305
4890901001,225
4891001001,990
4891001002,910
4891001003,1955
4891101001,455
4891201001,825
4891201002,915
4891201003,1095
4891301001,1455
4891401001,385
4891501001,410
4900201001,80
4900301001,1115
4900401001,145
4900501001,165
4900601001,175
4900701001,395
4900801001,560
4900901001,485
4901001001,410
4901101001,260
4901201001,80
4901301001,325
4901401001,135
4901501001,280
4901601001,300
4901701001,280
4901801001,365
4901901001,280
4902001001,340
4902101001,715
4902101002,680
4902101003,875
4902101004,1835
4902101005,1570
4902101006,1500
4902101007,605
4902102001,935
4902102002,1950
4902102003,1710
4902102004,930
4902102005,3570
4902103001,1165
4902103002,775
4902201001,360
4902301001,1175
4902401001,865
4902501001,200
4902601001,250
4902701001,180
4902801001,130
4902901001,755
4903001001,95
4903101001,165
4903201001,385
4903301001,885
4903401001,505
4903501001,270
4903601001,565
4903701001,230
4903801001,120
4903901001,405
4904001001,130
4904101001,490
4904201001,280
4904301001,365
4904401001,80
4904601001,330
4904701001,130
4904801001,160
4905001001,615
4905201001,220
4905301001,1120
4905401001,1085
4905501001,125
4905601001,350
4905701001,130
4905801001,395
4905901001,110
4906101001,160
4906201001,150
4906301001,400
4906401001,600
4906501001,770
4906502001,615
4906601001,535
4906701001,450
4906801001,545
4906901001,420
4907101001,940
4907501001,165
4907601001,395
4907701001,225
4907801001,220
4907901001,120
4908001001,815
4908101001,880
4908102001,1010
4908201001,490
4908301001,75
4908401001,340
4908501001,1375
4908601001,135
4908701001,600
4908801001,100
4909001001,245
4909101001,300
4909201001,165
4909301001,370
4909401001,300
4909501001,340
4909601001,195
4909701001,95
4909801001,250
4909901001,130
4910001001,355
4910101001,205
4910201001,235
4910301001,505
4910401001,390
4910501001,165
4910701001,170
4910801001,555
4910901001,755
4911001001,395
4911101001,160
4911201001,145
4911301001,195
4911401001,55
4911501001,210
4911601001,420
4911701001,535
4911801001,240
4911901001,280
4912001001,80
4912101001,445
4912201001,920
4912301001,610
4912401001,305
4912501001,1615
4912601001,255
4912701001,1280
4912701002,1475
4912801001,675
4912901001,1060
4913001001,220
4913101001,345
4913201001,385
4913301001,365
4913401001,210
4913501001,750
4913601001,400
4913701001,205
4913801001,285
4913901001,205
4914101001,425
4914201001,275
4914301001,275
4914501001,300
4914601001,345
4914701001,315
4914801001,180
4914901001,470
4915001001,175
4915101001,790
4915201001,665
4915301001,190
4915401001,150
4915501001,120
4915601001,275
4915701001,185
4915801001,255
4915901001,330
4916001001,50
4916201001,220
4916301001,230
4916401001,170
4916501001,75
4916601001,1535
4916701001,245
4916801001,105
4916901001,40
4917001001,120
4917101001,755
4917201001,650
4917301001,445
4917401001,175
4917501001,285
4917601001,820
4917701001,320
4917801001,815
4917901001,480
4918001001,160
4918101001,425
4918301001,110
4918401001,200
4918501001,205
4918601001,285
4918701001,1505
4918801001,155
4918901001,265
4919001001,80
4919101001,335
4919201001,175
4919301001,565
4919401001,390
4919701001,195
4919901001,295
4920001001,1145
4920101001,355
4920201001,215
4920301001,375
4920401001,85
4920501001,400
4920601001,1115
4920701001,300
4920801001,465
4920901001,615
4921001001,570
4921401001,850
4921601001,185
4921901001,1430
4921901002,1040
4921901003,1265
4921902001,970
4921902002,950
4921902003,740
4921902004,1780
4921903001,1210
4922001001,170
4922101001,305
4922201001,455
4922301001,975
4922401001,190
4922501001,175
4922601001,310
4922701001,340
4922801001,60
4922901001,160
4923001001,120
4923101001,400
4923201001,120
4923301001,115
4923401001,455
4923501001,540
4923601001,95
4923701001,160
4923801001,290
4923901001,825
4924001001,255
4924101001,295
4924201001,570
4924301001,120
4924401001,50
4924501001,320
4924601001,270
4924701001,515
4924801001,290
4924901001,90
4925001001,855
4925002001,660
4925101001,200
4925201001,425
4925501001,465
4925601001,335
4925701001,320
4925801001,140
4925901001,120
4926001001,915
4926101001,1865
4926201001,390
4926301001,65
4926401001,700
4926501001,150
4926601001,100
4926701001,115
4926801001,435
4926901001,250
4927001001,175
4927101001,225
4927201001,100
4927301001,225
4927501001,1000
4927501002,1825
4927501003,1620
4927501004,1095
4927501005,1180
4927501006,1450
4927501007,1605
4927501008,1115
4927501009,1420
4927501010,1165
4927501011,890
4927501012,935
4927501013,835
4927501014,780
4927501015,1690
4927502001,1805
4927502002,1820
4927502003,2010
4927502004,1565
4927502005,970
4927502006,915
4927502007,875
4927502008,1450
4927502009,1110
4927502010,1180
4927502011,1610
4927502012,1475
4927502013,1185
4927502014,845
4927502015,740
4927502016,785
4927502017,810
4927503001,1320
4927503002,1755
4927503003,1190
4927503004,1500
4927504001,1150
4927504002,1530
4927504003,1125
4927504004,1400
4927504005,1765
4927505001,1495
4927505003,1230
4927505004,1940
4927505005,1905
4927505006,850
4927505007,500
4927505008,1895
4927505009,2515
5000101001,125
5000201001,240
5000301001,165
5000401001,820
5000501001,260
5000601001,1175
5000701001,60
5000801001,1050
5000801002,1525
5000801003,2355
5000801004,1990
5000901001,160
5001001001,95
5001101001,150
5001201001,120
5001301001,285
5001401001,190
5001501001,90
5001601001,50
5001701001,2200
5001801001,1575
5001901001,85
5002001001,1165
5002101001,40
5002201001,605
5002301001,265
5002401001,765
5002501001,2205
5002501002,3975
5002502001,1535
5002601001,570
5002701001,285
5002801001,130
5002901001,800
5003001001,200
5003101001,195
5003201001,390
5003301001,85
5003401001,1200
5003501001,90
5003601001,95
5003701001,150
5003801001,1470
5003802001,600
5003901001,685
5004001001,105
5004101001,25
5004201001,15
5004301001,325
5004401001,320
5004501001,810
5004501002,780
5004601001,240
5004701001,70
5004801001,45
5005001001,110
5005101001,1080
5005201001,100
5005301001,960
5005401001,70
5005501001,2700
5005502001,2165
5005601001,525
5005701001,1800
5005801001,85
5005901001,1050
5006001001,235
5006101001,275
5006201001,2355
5006301001,80
5006401001,540
5006501001,45
5006601001,1715
5006601002,1575
5006701001,1215
5006701002,820
5006701003,1740
5006701004,2065
5006701005,2165
5006701006,1905
5006702001,1335
5006702002,1195
5006702003,2070
5006702004,1880
5006703001,2395
5006703002,630
5006704001,1200
5006801001,930
5006801002,2060
5006901001,65
5007001001,80
5007101001,155
5007201001,185
5007301001,2695
5007302001,870
5007401001,1365
5007402001,2115
5007403001,2240
5007403002,1275
5007404001,1140
5007404002,1560
5007501001,90
5007601001,115
5007701001,265
5007801001,310
5007901001,320
5008001001,40
5008101001,680
5008201001,120
5008301001,120
5008401001,90
5008501001,205
5008601001,235
5008701001,40
5008801001,395
5008901001,1705
5008901002,3270
5008901003,1440
5008901004,1975
5008901005,1725
5009001001,190
5009101001,55
5009201001,470
5009301001,145
5009401001,1105
5009402001,1045
5009501001,1780
5009501002,1990
5009501003,510
5009501004,1380
5009501005,1645
5009501007,1635
5009502001,640
5009502002,850
5009502003,2095
5009502004,1320
5009502006,970
5009502007,895
5009502008,1235
5009601001,50
5009801001,240
5009901001,2235
5009901002,530
5009902001,940
5009903001,1000
5010001001,405
5010101001,1125
5010201001,1240
5010401001,425
5010501001,370
5010601001,150
5010701001,1275
5010801001,50
5010901001,105
5011001001,460
5011101001,210
5011301001,945
5011401001,180
5011501001,2785
5011501002,1815
5011601001,275
5011701001,155
5011801001,1755
5011802001,1120
5011901001,1185
5012001001,45
5012101001,370
5012201001,70
5012301001,590
5012401001,580
5012501001,480
5012601001,1725
5012601002,1530
5012801001,30
5012901001,360
5013001001,520
5013101001,260
5013201001,940
5013301001,135
5013401001,135
5013501001,125
5013601001,750
5013701001,1315
5013801001,50
5013901001,385
5014001001,180
5014101001,120
5014201001,45
5014301001,860
5014401001,35
5014601001,255
5014701001,1040
5014801001,350
5014901001,50
5015001001,920
5015101001,815
5015201001,830
5015202001,1170
5015301001,1205
5015401001,160
5015501001,115
5015601001,320
5015701001,375
5015901001,1075
5016001001,1480
5016002001,2030
5016101001,130
5016201001,190
5016301001,2665
5016301002,2470
5016401001,480
5016501001,1310
5016502001,1115
5016601001,315
5016701001,215
5016801001,45
5016901001,440
5017001001,460
5017101001,115
5017201001,175
5017301001,170
5017401001,125
5017501001,1260
5017601001,275
5017701001,410
5017801001,425
5017901001,290
5018001001,110
5018101001,1400
5018201001,1655
5018201002,2585
5018201003,810
5018301001,465
5018401001,140
5018501001,180
5018601001,45
5018701001,75
5018801001,35
5018901001,1045
5019001001,930
5019101001,580
5019201001,340
5019301001,845
5019401001,115
5019501001,45
5019601001,135
5019701001,85
5019801001,50
5019901001,390
5020001001,730
5020101001,590
5020201001,175
5020301001,1375
5020401001,1220
5020401002,2465
5020501001,120
5020601001,640
5020701001,135
5020801001,1005
5020801002,1640
5020901001,1455
5020901002,2055
5021001001,45
5021101001,385
5021201001,50
5021301001,130
5021401001,35
5021501001,20
5021601001,325
5021701001,615
5021801001,130
5021901001,2425
5021901002,2125
5021901003,990
5022001001,60
5022101001,45
5022201001,1255
5022201002,810
5022301001,1150
5022401001,70
5022501001,1450
5022501002,1685
5022701001,125
5022801001,345
5022901001,75
5023001001,690
5023002001,780
5023101001,365
5023201001,215
5023301001,125
5023401001,295
5023501001,1420
5023501002,1715
5023601001,150
5023701001,130
5023801001,125
5023901001,65
5024001001,1265
5024101001,765
5024201001,105
5024301001,395
5024401001,285
5024501001,125
5024601001,40
5024701001,955
5024801001,650
5024901001,385
5025001001,55
5025101001,1270
5025101003,550
5025101004,1850
5025101005,1295
5025101006,2675
5025101007,855
5025101008,755
5025101009,615
5025101010,995
5025201001,2010
5025202001,1785
5025203001,1695
5025204001,1775
5025301001,475
5025401001,200
5025501001,215
5025601001,90
5025701001,205
5025801001,55
5025901001,80
5026001001,40
5026101001,280
5026201001,1515
5026301001,280
5026401001,230
5026501001,75
5026601001,140
5026701001,690
5026801001,75
5026901001,360
5027001001,40
5027101001,310
5027201001,2010
5027201002,1610
5027201003,2725
5027201004,1425
5027201005,925
5027201006,1685
5027201007,2465
5027201008,1480
5027201009,1535
5027201010,925
5027201011,1375
5027301001,35
5027401001,75
5027501001,120
5027601001,160
5027701001,100
5027801001,240
5027901001,95
5028001001,375
5028101001,95
5028201001,115
5028301001,85
5028401001,200
5028501001,775
5028601001,110
5028701001,390
5028801001,1915
5028801002,930
5028801003,1720
5028901001,65
5029001001,565
5029101001,115
5029201001,220
5029301001,555
5029401001,80
5029501001,50
5029601001,485
5029701001,730
5029701002,2795
5029701003,800
5029701004,1275
5029701005,1805
5029701006,785
5029701008,1250
5029701009,2665
5029701012,830
5029701015,2190
5029701016,635
5029701017,1410
5029701019,1080
5029701020,1075
5029701021,2270
5029701023,2790
5029701024,1225
5029701025,1215
5029701026,1130
5029701027,1665
5029701030,1300
5029701031,1150
5029701032,1640
5029701033,1530
5029701034,1150
5029701036,2040
5029701038,725
5029701039,805
5029701040,790
5029701041,1360
5029701043,1515
5029702001,1280
5029702002,690
5029702003,670
5029702004,920
5029702005,1170
5029702006,1810
5029702008,1135
5029702009,1345
5029702010,1295
5029702012,1210
5029702013,1445
5029702014,755
5029702015,845
5029702016,550
5029702017,1065
5029702018,1255
5029702019,1210
5029702020,780
5029702021,715
5029702022,1180
5029702023,920
5029702024,925
5029702025,1535
5029702026,1035
5029702027,810
5029702028,620
5029702029,660
5029702030,820
5029702031,965
5029702032,915
5029702033,1660
5029702035,1395
5029702036,770
5029702037,1635
5029702038,1175
5029702040,2670
5029702042,1005
5029702045,1305
5029702046,2110
5029702047,895
5029702048,735
5029702049,1320
5029702050,1510
5029702051,1225
5029702052,900
5029702053,1385
5029703001,930
5029703002,795
5029703003,1625
5029703004,1435
5029703005,840
5029703006,490
5029703007,1030
5029703008,1105
5029703009,1510
5029703010,725
5029703011,950
5029703012,885
5029703013,535
5029703014,1280
5029703015,820
5029703016,1675
5029703017,1360
5029703018,1545
5029703019,1095
5029703020,760
5029703021,1335
5029703022,1635
5029703023,1120
5029703024,1185
5029703025,2665
5029703026,895
5029703027,845
5029703028,945
5029703029,675
5029703030,1650
5029703031,760
5029703032,1320
5029703033,765
5029703034,1470
5029703035,1265
5029703036,1525
5029703037,995
5029703038,715
5029703039,1710
5029703040,850
5029703041,725
5029703042,1050
5029703043,1525
5029703044,775
5029703045,1390
5029703046,910
5029703047,945
5029703048,780
5029703049,1265
5029703050,450
5029703051,1165
5029703052,1200
5029703053,1100
5029703054,940
5029703055,1720
5029703056,1450
5029703057,1335
5029703058,695
5029703060,1450
5029703061,1895
5029703062,1470
5029703063,900
5029703064,925
5029703065,1560
5029703066,1520
5029703067,1805
5029703068,1860
5029703069,2095
5029703070,1345
5029703071,1475
5029703073,1560
5029703074,1350
5029703075,1590
5029703076,1265
5029703077,1345
5029703078,875
5029703079,1025
5029703080,630
5029703081,1580
5029703082,1765
5029703083,1360
5029703084,785
5029703085,1630
5029703086,840
5029703087,880
5029703088,960
5029703089,2775
5029703090,1265
5029704001,1140
5029704002,820
5029704003,690
5029704004,1330
5029704005,1330
5029704006,835
5029704007,1435
5029704008,955
5029704009,1225
5029704010,1005
5029704011,1760
5029704012,890
5029704013,1160
5029704014,870
5029704015,865
5029704016,1535
5029704017,810
5029704018,780
5029704019,805
5029704021,725
5029704022,520
5029704023,1495
5029704024,1565
5029704025,1640
5029704026,930
5029704027,1040
5029704028,1375
5029704029,855
5029704031,925
5029704033,1075
5029704034,1060
5029704035,875
5029704036,1030
5029704037,1710
5029704038,1420
5029704039,830
5029704040,635
5029704041,950
5029704042,1350
5029704043,830
5029704044,1655
5029704045,1605
5029704046,445
5029704048,1505
5029704049,810
5029704051,1440
5029704052,880
5029704053,1065
5029704054,840
5029704055,2470
5029704056,1265
5029704057,2575
5029704058,1530
5029704059,1065
5029704060,2390
5029704061,2530
5029704062,1265
5029704063,2025
5029704064,2000
5029704065,3950
5029704066,2380
5029704067,1445
5029704068,1945
5029705001,2035
5029705002,1810
5029705003,1030
5029705004,1890
5029705005,1345
5029705006,1335
5029705007,1570
5029705008,1715
5029705009,1410
5029705010,1230
5029705011,735
5029705012,1725
5029705013,1550
5029705014,1380
5029705015,1175
5029705016,910
5029705017,825
5029705018,780
5029705019,1370
5029705020,1325
5029705021,880
5029705022,1785
5029705023,1190
5029705024,950
5029705025,1720
5029705026,970
5029705027,1475
5029705028,1200
5029705030,1060
5029705031,1600
5029705032,1210
5029705033,2020
5029705034,1665
5029705035,1555
5029705036,800
5029705037,1185
5029705038,1210
5029705039,1350
5029705040,1360
5029705041,1135
5029705042,1810
5029705043,1460
5029705044,1820
5029705045,1280
5029705046,1090
5029705047,2130
5029705048,1630
5029705049,1160
5029705050,815
5029706001,1120
5029706002,1000
5029706003,2095
5029706004,1615
5029706005,1730
5029706006,550
5029706007,1105
5029706008,1095
5029706009,1330
5029706010,1960
5029706011,790
5029706012,910
5029706013,705
5029706014,1410
5029706015,855
5029706016,815
5029706017,1655
5029706018,620
5029706019,720
5029706020,865
5029706021,1655
5029706022,1440
5029706023,640
5029706024,815
5029706025,1000
5029706026,665
5029706027,895
5029706028,1510
5029706029,1065
5029706030,845
5029706031,805
5029706032,1045
5029706033,1735
5029706034,1130
5029706035,660
5029706036,1355
5029706037,1810
5029706038,1085
5029706039,1375
5029707001,2810
5029707002,965
5029707003,1770
5029707004,1665
5029707005,1475
5029707006,1905
5029707007,2185
5029707008,1600
5029707009,1920
5029707014,1190
5029707015,2000
5029707016,1680
5029707017,1205
5029707018,1420
5029707019,1230
5029707020,1220
5029708001,1890
5029708002,1080
5029708003,1745
5029708004,1045
5029708005,1630
5029708006,2360
5029708007,1270
5029708008,795
5029708009,960
5029708010,2575
5029708011,2050
5029708012,1500
5029708013,1640
5029708014,1955
5029708015,880
5029708016,645
5029708017,2175
5029708018,2990
5029708019,1555
5029708020,2540
5029708021,1885
5029708022,765
5029708023,1270
5029708024,2015
5029709001,1065
5029709002,1715
5029709003,2565
5029709004,1190
5029709005,1145
5029709006,1590
5029709007,1710
5029709008,1315
5029709009,1435
5029709010,1660
5029709012,1085
5029709013,975
5029709014,1250
5029709015,1160
5029709016,1110
5029709017,1845
5029709018,1080
5029709019,1315
5029709020,1650
5029709021,1490
5029709022,1340
5029709023,1745
5029709024,1505
5029709025,1410
5029709026,2070
5029710001,1720
5029710002,2170
5029710003,1840
5029710004,1845
5029710005,1135
5029710006,1445
5029710007,670
5029710008,1005
5029710009,1195
5029710010,1095
5029710011,1350
5029710012,1290
5029710013,860
5029710014,1150
5029710015,1135
5029710016,2180
5029710017,1455
5029710018,1145
5029710019,2240
5029710020,895
5029710021,1100
5029710023,3000
5029710024,725
5029710025,1465
5029710026,1335
5029710027,875
5029710028,2475
5029710029,840
5029710030,1715
5029710031,1200
5029710032,1270
5029710033,1275
5029710034,1050
5029710035,2930
5029710036,1140
5029710037,1425
5029710038,965
5029710039,1145
5029710040,1240
5029710041,2060
5029710042,1590
5029710043,2075
5029710044,1450
5029710045,1225
5029710046,2300
5029710047,1600
5029710048,2760
5029710049,1810
5029710050,1650
5029710051,2905
5029710052,1790
5029710053,2220
5029710054,2005
5029710055,1445
5029710056,875
5029710057,1875
5029710058,1585
5029710059,825
5029710060,1845
5029710061,1660
5029710062,1340
5029710063,1115
5029710064,2110
5029710065,1985
5029710066,1540
5029710067,1590
5029710068,695
5029710069,2210
5029710070,980
5029710071,1640
5029710072,850
5029710073,1285
5029710074,2375
5029710075,1085
5029710076,1190
5029710077,1705
5029710078,1350
5029710079,1670
5029710080,1335
5029710081,2240
5029710082,1850
5029710083,1185
5029710084,1490
5029710085,1850
5029710086,1730
5029710087,1640
5029710088,1230
5029710089,1280
5029711001,1240
5029711002,435
5029711003,2005
5029711004,960
5029711006,1485
5029711007,1625
5029711008,1325
5029711009,1390
5029711010,1550
5029711011,1210
5029711012,1155
5029711013,1190
5029711015,2525
5029711016,2320
5029711017,905
5029711018,2445
5029711019,1480
5029712001,2200
5029712002,455
5029712003,1630
5029712004,1050
5029712005,2515
5029712006,1965
5029712007,1040
5029712008,1420
5029712009,2440
5029801001,2195
5029801002,2385
5029801003,2225
5029802001,825
5090101001,165
5090201001,110
5090301001,1435
5090301002,1395
5100101001,1255
5100101002,440
5100101003,1430
5100101004,1985
5100101005,1445
5100101006,1710
5100101007,2535
5100101008,1520
5100101009,1095
5100101010,1765
5100102001,1105
5100102002,2065
5100102003,1435
5100102004,1070
5100102005,1395
5100102006,485
5100102007,2690
5100103001,1690
5100103002,1210
5100103003,800
5100103004,1005
5100103005,765
5100103006,2525
5100103007,2475
5100103008,1025
5100103009,885
5100103010,1025
5100103011,1985
5100103012,1145
5100103013,1475
5100104001,2205
5100104002,2025
5100104003,1910
5100104004,1410
5100104005,2250
5100104006,1560
5100104007,2405
5100104008,1280
5100104009,1675
5100104010,2345
5100104011,1135
5100105001,1180
5100105002,1155
5100105003,2000
5100105004,2090
5100105005,1170
5100105006,1205
5100105007,1930
5100106001,965
5100106002,3600
5100106003,2505
5100106004,1480
5100106005,280
5200101001,1030
5200101002,2280
5200102001,2130
5200102002,1775
5200102003,1715
5200103001,1400
5200103002,2420
5200104001,1250
5200104002,2790
5200104003,2555
5200104004,1980
5200105001,1700
5200105002,1530
5200105003,1250
5200105004,1605
5200105005,1115
5200105006,5015
5200105007,2175
5200106001,935
5200106002,1465
5200106003,1620
5200107001,1700
5200107002,1120
5200107003,3395
5200107004,1755
5200107005,1425
5200107006,3395
5200108001,2540
5200108002,1015
5200108003,2610
5200108004,2470
5200108005,2200
5200108006,2070
5200108007,2410
5200108008,3090
5200108009,835
5200108010,1395
5200108011,2055
5200108012,3210
5200108013,1105
5200108014,1135
