seccion_censal,population
0100101001,1383
0100101002,1542
0100201001,1925
0100201002,1657
0100201003,1259
0100201004,1827
0100201005,1292
0100201006,1356
0100201007,923
0100301001,1478
0100401001,1818
0100601001,250
0100801001,994
0100901001,1652
0101001001,1695
0101001002,1234
0101101001,325
0101301001,915
0101401001,477
0101601001,545
0101701001,1084
0101801001,1743
0101901001,188
0102001001,356
0102101001,624
0102201001,1054
0102301001,351
0102701001,511
0102801001,1489
0103001001,161
0103101001,1518
0103201001,681
0103301001,861
0103401001,207
0103601001,1631
0103601002,1832
0103601003,1636
0103601004,1222
0103601005,1997
0103601006,2136
0103601007,1247
0103601008,1241
0103601009,1231
0103601010,1554
0103601011,783
0103601012,716
0103601013,1202
0103701001,714
0103901001,236
0104101001,214
0104201001,1158
0104301001,1111
0104301002,2187
0104401001,269
0104601001,751
0104701001,1358
0104901001,165
0105101001,1596
0105101002,1840
0105101003,1516
0105201001,290
0105301001,726
0105401001,1278
0105501001,1038
0105601001,259
0105701001,312
0105801001,1703
0105901001,1258
0105901003,967
0105901004,1356
0105901005,803
0105901007,834
0105901008,1323
0105901009,712
0105901010,1434
0105901012,1100
0105901013,920
0105901014,1066
0105901015,1022
0105901016,785
0105901017,1700
0105901018,1545
0105901019,861
0105901020,1096
0105901021,1148
0105901022,891
0105901023,964
0105901024,896
0105901025,1418
0105901026,1263
0105901027,1268
0105901029,1078
0105901030,1006
0105901031,1084
0105901032,983
0105901033,1223
0105901034,807
0105901035,1120
0105901036,1031
0105901037,747
0105901038,941
0105901039,1241
0105902001,1251
0105902002,1476
0105902003,1067
0105902004,1590
0105902005,1057
0105902006,1355
0105902008,1246
0105902009,1100
0105902010,1347
0105902011,1160
0105902012,786
0105902013,930
0105902014,1202
0105902015,969
0105902016,1659
0105902017,1736
0105902018,1585
0105902019,851
0105902020,954
0105902021,1427
0105902022,744
0105902023,1891
0105902024,1418
0105902025,1846
0105902026,895
0105902027,934
0105902028,997
0105902029,871
0105902030,1308
0105902031,1332
0105902032,1544
0105902033,926
0105902034,1399
0105902035,2261
0105902036,1941
0105902037,2638
0105902038,1867
0105902039,1526
0105902040,1835
0105902041,2334
0105902042,1869
0105902043,2386
0105902044,1457
0105902045,1253
0105902046,1750
0105903001,1829
0105903002,1277
0105903003,1058
0105903004,1016
0105903005,866
0105903006,1204
0105903008,771
0105903009,933
0105903010,797
0105903011,1299
0105903012,953
0105903013,921
0105903014,1795
0105903015,1572
0105903016,1365
0105903017,737
0105903018,1249
0105903019,1078
0105903020,1031
0105903021,662
0105903022,776
0105903023,1402
0105903025,980
0105903026,1807
0105903027,1338
0105903028,1324
0105903029,830
0105903030,944
0105903031,774
0105903032,1443
0105903034,1428
0105903035,2511
0105903036,2144
0105903037,1722
0105903038,1610
0105903039,1717
0105903040,1015
0105903041,2178
0105903042,1852
0105904001,1215
0105904002,925
0105904004,1097
0105904005,1164
0105904006,1596
0105904007,1232
0105904008,1196
0105904009,775
0105904010,955
0105904012,1456
0105904014,658
0105904015,1013
0105904016,1548
0105904017,1313
0105904018,1026
0105904019,1111
0105904020,1167
0105904021,1239
0105904022,1191
0105904023,859
0105904024,1061
0105904025,1699
0105904026,1219
0105904027,819
0105904028,1105
0105904029,1217
0105904031,1651
0105904032,649
0105905001,974
0105905002,1299
0105905003,1104
0105905004,652
0105905005,1241
0105905006,1283
0105905007,2059
0105905008,1227
0105905009,2321
0105905010,1300
0105905011,851
0105905012,2098
0105905013,1919
0105905014,1318
0105905015,1053
0105905016,1356
0105905017,1597
0105905018,885
0105905019,1052
0105905020,808
0105905021,1586
0105905022,1778
0105905023,1644
0105905025,1639
0105905026,1148
0105905027,2058
0105905028,1838
0105905029,1679
0105905030,1238
0105905031,1789
0105905032,1968
0105905033,1611
0105905034,1535
0105905035,1015
0105905036,1191
0105905037,1558
0105905038,1330
0105906001,2012
0105906002,1245
0105906003,1598
0106001001,258
0106101001,185
0106201001,417
0106301001,2427
0190101001,2281
0190101002,827
0190201001,931
0200101001,775
0200201001,580
0200301001,875
0200301002,1334
0200301003,2193
0200301004,1141
0200301005,1511
0200301006,1958
0200301007,1323
0200301008,1053
0200301009,1198
0200301010,1763
0200301011,2553
0200301012,1251
0200301013,1051
0200301014,1799
0200301015,1310
0200301016,644
0200301017,2494
0200302001,1845
0200302002,1717
0200302003,1226
0200302004,1487
0200302005,1862
0200302006,1403
0200302007,1691
0200302008,1658
0200302009,1898
0200302010,2088
0200302011,1089
0200302012,2038
0200302013,988
0200302014,2074
0200302015,1564
0200302016,2076
0200302017,1397
0200302018,1767
0200302019,1396
0200302020,1782
0200302021,1305
0200302022,1318
0200302023,1582
0200302024,1609
0200303001,780
0200303002,1399
0200303003,2138
0200303004,2135
0200303005,1859
0200303006,1388
0200303007,1874
0200303008,1778
0200303009,1293
0200303010,811
0200303011,1202
0200303012,1883
0200303013,1091
0200303014,1184
0200304001,1293
0200304002,1820
0200304003,843
0200304004,1420
0200304005,1571
0200304006,909
0200304007,1321
0200304008,1371
0200304009,1223
0200304010,1176
0200304011,1519
0200304012,1415
0200304013,2077
0200304014,1603
0200305001,1182
0200305002,1238
0200305003,1464
0200305004,1636
0200305005,1016
0200305006,1461
0200305007,1245
0200305008,1311
0200305009,1667
0200305010,1624
0200305011,1267
0200305012,708
0200305013,1534
0200306001,1155
0200306002,2172
0200306003,1418
0200306004,1418
0200306005,940
0200306006,1174
0200306007,1354
0200306008,1331
0200306009,980
0200306010,1936
0200306011,739
0200306012,1071
0200306013,1305
0200306014,1368
0200307001,1487
0200307002,1402
0200307003,1537
0200307004,1597
0200307005,1979
0200307006,1330
0200307007,927
0200307008,1907
0200307009,1340
0200307010,1742
0200307011,1125
0200307012,990
0200307013,1291
0200307014,2368
0200307015,1718
0200307016,946
0200307017,2041
0200308001,1831
0200308002,1433
0200308003,1113
0200308006,1982
0200401001,748
0200501001,778
0200601001,684
0200701001,1307
0200801001,678
0200801002,855
0200901001,936
0200901002,1474
0200902001,1086
0200902002,1004
0200902003,2346
0200903001,735
0200903002,692
0200903003,1636
0200903004,1830
0200903005,1785
0200903006,781
0200903007,1642
0200903008,1752
0200903009,2462
0200904001,871
0200904002,1410
0200904003,1309
0200904004,1273
0201001001,1647
0201002001,711
0201101001,719
0201201001,1265
0201201002,1152
0201301001,176
0201401001,459
0201501001,1920
0201601001,668
0201701001,955
0201801001,1157
0201901001,659
0201901002,1371
0201901003,926
0202001001,573
0202101001,1372
0202201001,386
0202301001,689
0202401001,2044
0202401002,1832
0202402001,837
0202501001,1966
0202501002,1221
0202501003,1196
0202501004,818
0202501005,1063
0202501006,1678
0202501007,2352
0202601001,1176
0202701001,365
0202801001,139
0202901001,2434
0202902001,1665
0203001001,1511
0203002001,2303
0203101001,719
0203201001,345
0203301001,1123
0203301002,1529
0203401001,1931
0203501001,1117
0203501002,1368
0203601001,122
0203701001,1617
0203701002,1737
0203701003,1919
0203701004,2023
0203702001,744
0203702002,1513
0203702003,1782
0203702004,1228
0203703001,1600
0203703002,1691
0203703003,2287
0203703004,2137
0203703005,1463
0203703006,1787
0203703007,1306
0203704001,1281
0203704002,699
0203705001,2312
0203705003,849
0203706001,887
0203801001,349
0203901001,1273
0204001001,694
0204101001,408
0204201001,1018
0204301001,917
0204302001,587
0204401001,620
0204402001,716
0204501001,918
0204501002,1374
0204502001,1123
0204502002,1324
0204601001,1430
0204701001,121
0204801001,1571
0204901001,931
0205001001,110
0205101001,1151
0205102001,1011
0205201001,563
0205301001,1266
0205302001,1182
0205303001,1230
0205401001,520
0205501001,1384
0205601001,949
0205602001,1220
0205701001,1290
0205701002,1240
0205801001,385
0205901001,366
0206001001,1405
0206101001,744
0206201001,484
0206301001,1723
0206401001,420
0206501001,534
0206601001,278
0206701001,1477
0206801001,422
0206901001,1554
0206901002,1558
0206901003,1316
0206901004,1941
0206902001,1634
0206902002,1736
0206902003,1062
0206902004,1360
0206903001,1336
0206903002,2482
0207001001,561
0207101001,1226
0207201001,1237
0207202001,644
0207301001,2302
0207301002,1287
0207301003,1199
0207302001,921
0207302002,841
0207401001,1368
0207402001,1753
0207402002,1979
0207403001,1957
0207404001,1018
0207501001,1254
0207502001,674
0207601001,389
0207701001,54
0207801001,1157
0207901001,2216
0207902001,1932
0208001001,624
0208101001,1111
0208101002,1959
0208101003,1101
0208102001,1090
0208102002,1649
0208102003,1935
0208102004,2526
0208103001,2304
0208103002,1374
0208103003,2196
0208103004,1449
0208104001,1639
0208104002,1852
0208104003,2169
0208104004,2065
0208201001,112
0208301001,249
0208401001,381
0208501001,310
0208601001,1902
0208601003,1062
0290101001,1525
0290101002,1290
0300101001,627
0300201001,1625
0300201002,1770
0300201003,1357
0300301001,583
0300401001,984
0300501001,1020
0300501002,1138
0300501003,1635
0300501004,1307
0300502001,1867
0300502002,3311
0300502003,1489
0300601001,1350
0300701001,238
0300801001,191
0300901001,1273
0300901003,1401
0300901004,799
0300901006,1086
0300902001,843
0300902002,2172
0300902003,1162
0300902004,1181
0300902005,763
0300902007,1530
0300903001,1173
0300903002,1430
0300903003,1490
0300903004,1465
0300903005,1082
0300903006,793
0300904001,818
0300904002,1738
0300904003,1071
0300904004,1184
0300904005,716
0300904006,1034
0300904007,915
0300904008,1327
0300905001,1345
0300905002,1040
0300905003,1534
0300905004,1147
0300905005,1088
0300905006,1331
0300906001,1524
0300906002,997
0300906003,1150
0300906004,1256
0300906005,766
0300907001,1225
0300907002,1977
0300907003,1182
0300907005,1542
0300907007,1003
0300907008,1014
0300908001,2024
0300908002,1320
0300908003,1489
0300908004,773
0300908005,1375
0300908006,1397
0300908007,1730
0301001001,418
0301101001,976
0301101002,3633
0301101003,1964
0301101004,3178
0301101005,4135
0301101006,4878
0301101007,1188
0301101008,1405
0301201001,3799
0301301001,1457
0301401001,1117
0301401002,774
0301401003,768
0301401004,1091
0301401005,1201
0301401006,1320
0301401007,1251
0301401008,842
0301401009,784
0301401010,995
0301401011,833
0301401012,844
0301401013,946
0301401014,986
0301401015,980
0301401017,814
0301401018,957
0301401019,796
0301401020,1028
0301401021,1019
0301401022,1010
0301401023,1012
0301401026,753
0301402001,1093
0301402002,1173
0301402003,1641
0301402005,1101
0301402006,1727
0301402008,918
0301402009,1199
0301402010,1242
0301402011,1589
0301402012,1349
0301402013,1148
0301402014,1277
0301402016,1237
0301402017,1032
0301402018,1137
0301402019,956
0301402020,1341
0301402021,1411
0301402022,784
0301402023,1100
0301402024,1502
0301402025,782
0301402026,1666
0301402028,1441
0301402029,1144
0301402030,1872
0301402032,1004
0301402033,1020
0301403001,1102
0301403002,981
0301403003,1248
0301403004,1144
0301403005,919
0301403006,1268
0301403007,871
0301403008,1262
0301403009,1362
0301403010,1047
0301403011,1571
0301403012,1090
0301403013,878
0301403014,1575
0301403015,1157
0301403016,2136
0301403017,825
0301403018,720
0301403019,1073
0301403020,1131
0301403021,826
0301403022,1212
0301403023,913
0301403024,741
0301403025,904
0301403026,1243
0301403027,922
0301403028,1231
0301403029,1297
0301403030,1512
0301403031,996
0301403032,1017
0301403033,809
0301403034,1170
0301403035,1374
0301403036,1580
0301403037,2312
0301403038,2949
0301403039,2622
0301403040,1130
0301404001,1062
0301404002,1371
0301404003,1269
0301404004,1443
0301404005,1859
0301404006,2074
0301404007,1498
0301404008,1489
0301404009,1218
0301404010,2182
0301404012,1298
0301404013,1430
0301404014,1704
0301404015,1445
0301404016,915
0301404017,2290
0301404018,1972
0301404019,1308
0301404020,1462
0301404021,1904
0301404022,1636
0301404023,1912
0301404024,1316
0301404025,1122
0301404026,2301
0301404027,2282
0301404028,1388
0301404029,1390
0301404030,2033
0301404031,1334
0301404032,2120
0301404033,1478
0301404034,1403
0301404035,2195
0301404036,1484
0301404037,1308
0301404038,1224
0301404039,1155
0301404040,2656
0301404041,1042
0301404042,2778
0301404043,1728
0301404044,2036
0301404045,1965
0301404046,2118
0301405001,1245
0301405002,995
0301405003,1392
0301405004,1077
0301405005,1148
0301405006,2637
0301405007,1988
0301405008,801
0301405009,1433
0301405010,1048
0301405012,1603
0301405014,951
0301405015,1236
0301405016,2115
0301405017,1041
0301405018,1643
0301405019,1006
0301405020,2053
0301405022,932
0301405023,1129
0301405024,1634
0301405025,1436
0301405026,1989
0301406001,1208
0301406002,844
0301406003,1452
0301406004,1537
0301406005,1103
0301406006,939
0301406007,1020
0301406008,1354
0301406009,1664
0301406010,1527
0301406011,1558
0301406012,2045
0301406013,1742
0301406014,1474
0301406015,1352
0301406016,1665
0301406017,2024
0301406018,1552
0301406019,1186
0301406020,1575
0301406021,1572
0301406022,863
0301406023,1676
0301406024,1795
0301406025,2224
0301406026,827
0301406027,1326
0301406028,1004
0301406029,1298
0301406030,1042
0301406031,1754
0301406032,1940
0301406034,2792
0301407001,1448
0301407002,1558
0301407003,1116
0301407004,879
0301407005,1216
0301407006,845
0301407007,1716
0301407008,862
0301407009,1468
0301407010,802
0301407011,2070
0301407012,1867
0301407013,937
0301407014,1482
0301407016,1726
0301407017,2128
0301407018,1228
0301407019,1381
0301407020,1060
0301407022,776
0301407024,1008
0301407025,874
0301407026,790
0301407027,859
0301408001,1193
0301408002,1382
0301408003,847
0301408004,1260
0301408005,821
0301408006,1306
0301408007,1267
0301408008,1057
0301408009,1492
0301408010,2020
0301408011,2722
0301408012,2136
0301408013,1897
0301408014,848
0301408015,1186
0301408016,2016
0301408017,966
0301408018,1596
0301408019,1581
0301408021,1087
0301408022,845
0301408023,2373
0301408024,1013
0301408025,975
0301408026,1552
0301408027,1247
0301408028,974
0301408029,1122
0301501001,2622
0301501002,1998
0301501003,2628
0301501004,1610
0301501005,2122
0301501006,1055
0301501007,2037
0301501008,1822
0301501009,1231
0301502002,1890
0301502003,977
0301601001,112
0301701001,527
0301801001,1144
0301801002,1472
0301801003,1358
0301801004,1450
0301801005,1511
0301802001,1431
0301802002,971
0301802003,1706
0301802004,1435
0301803001,1769
0301803002,3201
0301803003,901
0301803004,1994
0301803005,2175
0301901001,814
0301901002,939
0301901003,685
0301901004,744
0301901005,685
0301902001,1026
0301902002,1162
0301902003,1097
0301902004,1631
0301903001,680
0301903002,1270
0301903003,894
0301903004,823
0301903005,1417
0301903006,1178
0301904001,970
0301904002,873
0301904003,883
0301904004,2477
0302001001,139
0302101001,982
0302101002,1379
0302101003,1138
0302102001,1450
0302102002,1163
0302102003,1062
0302201001,158
0302301001,1738
0302401001,1125
0302401002,1729
0302401003,1227
0302401004,1313
0302501001,1910
0302601001,1859
0302701001,208
0302801001,1254
0302901001,508
0303001001,1189
0303101001,1065
0303101002,1423
0303101003,1044
0303101004,1178
0303101005,847
0303101006,1905
0303101007,843
0303101008,1096
0303101009,1098
0303101010,1452
0303101011,1050
0303101012,1028
0303101013,972
0303101014,819
0303101015,867
0303101017,1355
0303102001,1294
0303102002,1342
0303102003,4061
0303102004,1436
0303102005,1986
0303102006,1891
0303102007,3071
0303102008,1872
0303102009,1953
0303103001,1485
0303103002,1686
0303103003,1125
0303103004,1299
0303103005,1922
0303103006,1254
0303103007,1127
0303103008,825
0303103009,1509
0303103010,2150
0303103011,1939
0303103012,1109
0303103013,1830
0303103014,1193
0303103015,1703
0303104001,1400
0303104002,1970
0303104003,2245
0303104004,2879
0303104005,1412
0303201001,121
0303301001,168
0303401001,3791
0303501001,789
0303601001,104
0303701001,499
0303801001,431
0303901001,113
0304001001,419
0304101001,1494
0304101002,1313
0304101003,1279
0304101004,1197
0304101005,1542
0304102001,4747
0304201001,4659
0304301001,880
0304301002,1320
0304301003,1470
0304401001,1970
0304401002,2114
0304401003,2678
0304501001,421
0304601001,3138
0304701001,2287
0304701002,2871
0304701003,1777
0304701004,2995
0304701005,1563
0304702001,5190
0304702002,5754
0304801001,829
0304801002,1119
0304802001,854
0304802002,2071
0304802003,1634
0304802004,863
0304901001,1708
0304901002,2029
0304901003,794
0304901004,841
0304901005,1272
0304901006,2189
0304901007,2526
0304902001,917
0304902002,2311
0304902003,818
0304902004,1106
0304902005,1568
0305001001,1259
0305001002,1376
0305001003,1520
0305001004,1502
0305001005,2145
0305001006,2260
0305001007,1983
0305001008,2203
0305001009,1337
0305002001,2585
0305002002,2600
0305002003,2036
0305003001,1955
0305003002,2320
0305101001,437
0305201001,1242
0305301001,776
0305301002,867
0305301003,1259
0305301004,723
0305302001,863
0305302002,2591
0305302003,761
0305302004,1324
0305302005,979
0305401001,442
0305501001,2354
0305501002,2927
0305501003,2051
0305501004,1331
0305601001,1149
0305601003,812
0305601004,1207
0305601005,1793
0305601006,1406
0305601007,947
0305601008,1257
0305601009,1209
0305602001,1739
0305701001,232
0305801001,1984
0305801002,1843
0305801003,1287
0305801004,2074
0305901001,949
0305901002,1095
0305901003,1379
0305901004,1887
0305901005,709
0305901006,1392
0305901007,1609
0305901008,1888
0305902001,2248
0305902002,805
0305902003,1190
0305902004,942
0305903001,1176
0305903002,1027
0305903003,925
0305904001,1367
0305904002,1114
0305904003,2005
0305905001,2048
0305905002,866
0305905003,1707
0306001001,115
0306101001,1765
0306201001,681
0306301001,1866
0306301002,2322
0306301003,2397
0306302001,1184
0306302002,1090
0306302003,1380
0306302004,2245
0306302005,2578
0306302006,1636
0306303001,883
0306303002,1508
0306303003,3118
0306303004,1593
0306303005,1836
0306304001,929
0306304002,1374
0306304003,1500
0306304004,1250
0306304005,1955
0306304006,1347
0306304007,2074
0306304008,2023
0306304009,1856
0306304010,1728
0306401001,2223
0306401002,2384
0306401003,1473
0306402001,1157
0306501001,737
0306501002,763
0306501003,873
0306501004,962
0306501005,993
0306501006,1983
0306501007,976
0306501008,1376
0306501009,1636
0306501010,1195
0306501011,976
0306501012,1283
0306501013,1786
0306501014,1096
0306501015,1886
0306501016,1873
0306501017,1894
0306501018,1273
0306501019,2042
0306501020,1952
0306501021,1375
0306502001,1014
0306502002,857
0306502003,1357
0306502004,1207
0306502005,1286
0306502006,1116
0306502007,788
0306502008,810
0306502009,1686
0306502010,993
0306502011,1301
0306502012,1348
0306502013,863
0306502014,991
0306502015,1147
0306502016,975
0306502017,818
0306502018,744
0306502019,1593
0306502020,1817
0306502021,1996
0306502022,1692
0306502023,1304
0306502024,2387
0306502025,1252
0306502026,1324
0306503001,795
0306503002,1139
0306503003,1168
0306503004,950
0306503005,1174
0306503006,1094
0306503007,1454
0306503008,1118
0306503009,1102
0306503010,1537
0306503012,1550
0306503013,956
0306503014,1224
0306503015,1550
0306503016,1411
0306503017,960
0306503018,881
0306503019,900
0306503020,1408
0306503021,1552
0306503023,1143
0306503024,1263
0306503025,1046
0306503026,1022
0306503027,1287
0306503028,835
0306503029,1419
0306503030,1124
0306503031,1191
0306504001,1956
0306504002,1933
0306504003,1450
0306504004,1424
0306504005,1369
0306504006,902
0306504007,711
0306504008,1481
0306504009,2290
0306504010,1062
0306504011,756
0306504012,1572
0306504013,781
0306504014,1544
0306504015,1218
0306504016,1054
0306504017,1101
0306504018,2053
0306504019,2015
0306504020,1731
0306504021,1683
0306505001,1284
0306505002,1087
0306505003,1181
0306505004,1310
0306505005,1586
0306505006,1064
0306505007,678
0306505008,1476
0306505009,952
0306505010,1088
0306505011,1210
0306505012,1185
0306505013,1170
0306505014,877
0306505015,1446
0306505016,1248
0306505017,699
0306505018,1027
0306505019,1198
0306505020,1072
0306505021,1500
0306505022,1416
0306505023,1222
0306505024,841
0306505025,1509
0306505026,1839
0306505027,873
0306505028,751
0306506001,1002
0306506002,795
0306506003,1361
0306506004,1656
0306506005,877
0306506006,1184
0306506007,1121
0306506008,1419
0306506009,2559
0306506010,1046
0306506011,1316
0306506012,1274
0306506013,1125
0306506014,1364
0306506015,2436
0306506016,905
0306506017,1046
0306506018,886
0306506019,991
0306506020,1432
0306506021,1336
0306506022,1913
0306507001,2240
0306507002,1292
0306507003,1834
0306507004,1006
0306507005,1495
0306507006,1638
0306507007,1787
0306507008,2290
0306507009,1329
0306507010,1442
0306507011,1850
0306507012,2214
0306507013,1740
0306507014,999
0306507015,1294
0306507016,1535
0306507017,2063
0306507018,1114
0306507019,890
0306507020,1778
0306507021,1314
0306507022,2015
0306507023,1378
0306507024,1673
0306507025,1308
0306507026,1361
0306601001,923
0306601002,1391
0306601003,1044
0306601004,773
0306601005,845
0306601006,1893
0306602001,1191
0306602002,1334
0306602003,1688
0306602004,1461
0306603001,1411
0306604001,1860
0306604002,1573
0306604003,1041
0306604004,966
0306604005,1171
0306604006,1342
0306604007,1131
0306604008,1948
0306604009,1708
0306604010,2027
0306604011,1586
0306604012,905
0306604013,1674
0306604014,1551
0306604015,984
0306604016,976
0306604017,2185
0306604018,1470
0306605001,2012
0306605002,973
0306605003,1166
0306605004,1139
0306605005,776
0306605006,1066
0306605007,999
0306605008,746
0306605009,1051
0306605010,1207
0306605011,1094
0306605012,1259
0306701001,104
0306801001,52
0306901001,3842
0306901002,2423
0307001001,2585
0307001002,1626
0307101001,1268
0307101002,872
0307101003,884
0307102001,1249
0307102002,1712
0307201001,449
0307301001,274
0307401001,2417
0307501001,226
0307601001,1847
0307601002,1341
0307601003,1748
0307601004,2552
0307601005,2844
0307601006,1299
0307601007,3968
0307701001,2632
0307801001,1095
0307901001,1103
0307901002,1752
0307901003,881
0307901004,1125
0307901005,687
0307902001,1461
0307902002,828
0307902003,1095
0307902004,1700
0307902005,623
0307902006,855
0307902007,1598
0307903001,1766
0307903002,894
0307903003,1592
0307903004,1561
0307903005,1091
0307903006,1954
0307903007,890
0308001001,1947
0308101001,820
0308102001,1973
0308201001,1515
0308201002,1174
0308201003,1645
0308201004,2396
0308202001,1730
0308202002,2375
0308202003,967
0308203001,8813
0308203002,3160
0308203003,5292
0308301001,1021
0308301002,911
0308301003,1048
0308301004,1012
0308301005,1449
0308301006,795
0308301007,990
0308401001,676
0308501001,1080
0308601001,210
0308801001,1035
0308801002,1881
0308801003,1546
0308801004,1405
0308801005,1791
0308901001,915
0308901002,925
0308901003,796
0308901004,720
0308901005,1255
0308901006,1434
0308901007,840
0308901008,1397
0308901009,1281
0308901010,718
0308902001,2179
0309001001,1698
0309001002,1968
0309001003,1091
0309001004,1683
0309001005,1758
0309001006,1395
0309001007,1142
0309001008,1453
0309002001,1129
0309002002,962
0309002003,1138
0309002004,1780
0309002005,1381
0309002006,1270
0309002007,2297
0309002008,2087
0309101001,509
0309201001,1533
0309201002,1431
0309201003,1225
0309201004,1241
0309201005,2169
0309201006,1515
0309301001,967
0309301002,756
0309301003,1065
0309301004,1108
0309301005,1059
0309301006,1057
0309301007,787
0309301008,1092
0309301009,1311
0309301010,969
0309301011,1302
0309301012,1286
0309301013,2085
0309301014,1260
0309302001,786
0309302002,1467
0309302003,848
0309302004,616
0309302005,941
0309302006,1078
0309302007,1008
0309302008,1332
0309303001,2112
0309401001,2755
0309401002,1677
0309401003,3357
0309401004,3681
0309401005,3548
0309401006,2021
0309401007,2990
0309501001,761
0309501002,1144
0309501003,1051
0309501004,1002
0309501005,1456
0309501006,1218
0309601001,1139
0309601002,1502
0309601003,914
0309601004,1669
0309601006,815
0309601007,840
0309601008,686
0309701001,2216
0309801001,875
0309901001,1929
0309901002,2025
0309901003,1918
0309901004,1280
0309902001,1248
0309902002,1243
0309902003,2172
0309902004,1929
0309902005,1918
0309902006,1400
0309902007,1640
0309903001,1381
0309903002,1838
0309903003,1897
0309904001,1155
0309904002,1949
0309904003,1879
0309904004,1155
0309904005,1380
0309904006,1930
0309905001,1744
0309905002,2976
0309905003,11327
0309905004,11477
0309906001,1458
0309906002,971
0309906003,1096
0309906004,1151
0309906005,815
0309906006,2010
0309906007,976
0309907001,1740
0309907002,1168
0309907003,964
0309907004,1059
0309907005,1990
0309907006,1327
0309908001,896
0309908002,838
0309908003,1191
0309908004,1881
0309908005,1096
0310001001,1020
0310101001,969
0310101002,815
0310101003,1123
0310101004,1094
0310101005,986
0310101006,2451
0310201001,2042
0310201002,1258
0310202001,1623
0310202002,1372
0310203001,1681
0310203002,2168
0310301001,324
0310401001,680
0310401002,713
0310401003,1394
0310402001,1140
0310402002,1245
0310402003,1792
0310402004,1350
0310402005,769
0310402006,1219
0310403001,1935
0310403002,1283
0310403003,1113
0310403004,1033
0310403005,819
0310403006,954
0310404001,1327
0310404002,1997
0310404003,1682
0310404004,1593
0310404005,891
0310404006,862
0310404007,1993
0310404008,1779
0310404009,2008
0310404010,1686
0310404011,1497
0310501001,1817
0310501002,1541
0310501003,1837
0310501004,2468
0310601001,778
0310701001,2272
0310701002,2041
0310901001,1797
0310901002,2341
0311001001,659
0311101001,1632
0311101002,1739
0311101003,1505
0311101004,2747
0311201001,1258
0311301001,1129
0311301002,14089
0311302001,1689
0311302002,1917
0311401001,2465
0311501001,408
0311601001,1583
0311701001,670
0311801001,1806
0311801002,7431
0311901001,2041
0311901002,1969
0311901003,2231
0311901004,2244
0311901005,1918
0311901006,1436
0311902001,1876
0311902002,1165
0311902003,2625
0311902004,2751
0311902005,2548
0312001001,1754
0312001002,4000
0312001003,1157
0312101001,1716
0312101002,1550
0312101003,1133
0312101004,2131
0312101005,2592
0312101006,2044
0312101007,2315
0312101008,2550
0312102001,2016
0312102002,1678
0312102003,1564
0312102004,976
0312102005,2383
0312102006,2104
0312102007,1361
0312102008,1382
0312102009,1102
0312102010,932
0312201001,1355
0312201002,1988
0312201003,1530
0312201004,1998
0312201005,1765
0312201006,2184
0312201007,1440
0312201008,1151
0312201009,1737
0312201010,2010
0312201011,1364
0312201012,2171
0312201013,1791
0312201014,1903
0312201015,1302
0312202001,1622
0312202002,1430
0312202003,2140
0312202004,1734
0312202005,1002
0312202006,2244
0312202007,1627
0312202008,1314
0312203001,1960
0312203002,1629
0312203003,2076
0312203004,1656
0312203005,1161
0312203006,1258
0312203007,1147
0312203008,1653
0312203009,785
0312203010,1773
0312203011,2046
0312301001,1831
0312301002,936
0312301003,814
0312301004,1115
0312301005,1659
0312302001,2224
0312302002,1162
0312401001,584
0312501001,622
0312701001,686
0312801001,2014
0312801002,2614
0312802001,1612
0312803001,5584
0312901001,1657
0313001001,59
0313101001,317
0313201001,743
0313301001,1155
0313301002,1097
0313301003,2535
0313301004,1988
0313301005,2428
0313301006,3850
0313301007,2015
0313301008,5174
0313301009,3782
0313302001,2333
0313302002,1128
0313302003,3432
0313302004,1532
0313302005,4207
0313302006,3269
0313302007,3989
0313302008,1773
0313302009,5004
0313303001,1185
0313303002,2858
0313303003,2585
0313303004,4176
0313303005,2068
0313303006,3016
0313303007,1877
0313303008,2467
0313303009,2548
0313303010,3470
0313303011,3298
0313303012,2306
0313303013,2598
0313303014,2505
0313303015,3767
0313401001,175
0313501001,254
0313601001,595
0313701001,872
0313801001,1966
0313801002,2722
0313901001,762
0313901002,793
0313901003,1426
0313901004,2383
0313901005,1666
0313901006,1634
0313901007,2077
0313901008,1916
0313901009,1413
0313901010,946
0313901011,1416
0313902001,1996
0313902003,1770
0313903001,1322
0313903002,2026
0313903003,2483
0313903004,2063
0313903005,2749
0313903006,3110
0314001001,2179
0314001002,1550
0314002001,2014
0314002002,1198
0314002003,926
0314003001,1092
0314003002,640
0314003003,1108
0314004001,1551
0314004002,1868
0314005001,1142
0314005002,1833
0314005003,2023
0314005004,1335
0314005005,1346
0314005006,1404
0314005007,1410
0314006001,1448
0314006002,850
0314006003,2150
0314006004,1997
0314006005,1672
0314007001,1794
0390101001,3350
0390201001,2532
0390201002,2163
0390201003,3141
0390201004,3920
0390201005,2247
0390201006,2039
0390201007,1832
0390201008,3714
0390301001,1979
0390301002,2987
0390401001,1891
0400101001,1426
0400201001,1262
0400301001,917
0400301002,1638
0400301003,2030
0400301004,2328
0400301005,1836
0400301006,1605
0400301007,959
0400302001,1243
0400302002,1575
0400302003,1016
0400303001,1163
0400303002,1260
0400303003,2301
0400304001,810
0400305001,1786
0400305002,2315
0400401001,772
0400501001,642
0400601001,1657
0400601002,1992
0400602001,3131
0400602002,1240
0400603001,1021
0400604001,2674
0400701001,861
0400801001,578
0400901001,140
0401001001,681
0401101001,2429
0401101002,1324
0401201001,239
0401301001,1984
0401301003,1354
0401302001,1485
0401302002,773
0401302003,635
0401302004,1324
0401302005,1206
0401302006,1227
0401303001,1592
0401303002,1109
0401303003,1705
0401303006,880
0401303007,1189
0401303008,924
0401303009,1180
0401303010,1501
0401303011,1316
0401304001,908
0401304002,1469
0401304003,1412
0401304004,848
0401304005,673
0401304006,894
0401304007,856
0401305002,2024
0401305003,1781
0401305004,1705
0401305005,1699
0401305006,1080
0401305007,1045
0401305008,1080
0401305009,934
0401305010,920
0401305011,2026
0401306001,967
0401306002,1021
0401306003,674
0401306004,1611
0401306005,1611
0401306006,2812
0401306007,2175
0401306008,2434
0401306009,1149
0401306010,910
0401306011,1122
0401306012,1071
0401306013,1696
0401306014,1258
0401306015,789
0401306016,2016
0401306017,1586
0401306018,1821
0401306019,1425
0401306020,1435
0401306021,2055
0401306022,1536
0401306023,1583
0401306024,1797
0401306025,1356
0401306026,1781
0401306027,771
0401306028,1031
0401306029,1608
0401306030,1832
0401306031,2194
0401306032,1296
0401306033,1366
0401306034,1434
0401306035,2239
0401306036,2767
0401306037,967
0401306038,2644
0401306039,2259
0401306040,1644
0401307001,1441
0401307002,972
0401307003,1349
0401307004,897
0401307005,933
0401307006,887
0401307007,1525
0401307008,2536
0401307010,1850
0401307011,1460
0401307012,1902
0401307013,1466
0401307014,1938
0401307015,2197
0401307016,1898
0401307017,1645
0401307018,2250
0401307019,1425
0401307020,2212
0401307021,2478
0401307022,1748
0401307023,1907
0401307024,1201
0401307025,2162
0401307026,868
0401307027,834
0401307028,1433
0401307029,1080
0401307030,2016
0401307031,991
0401307032,1487
0401307033,1469
0401307034,1593
0401307035,2016
0401307036,1340
0401307037,2124
0401307038,1209
0401307039,1611
0401307040,1549
0401307041,2594
0401307042,1435
0401307043,980
0401307044,2646
0401307045,1842
0401307046,682
0401308001,1059
0401308002,1883
0401308003,1785
0401308004,2302
0401308005,1874
0401308006,1348
0401308007,1731
0401308008,1691
0401308009,1119
0401401001,167
0401501001,131
0401601001,1948
0401602001,1213
0401701001,4698
0401801001,332
0401901001,267
0402001001,340
0402101001,216
0402201001,986
0402301001,112
0402401001,2570
0402401002,1650
0402601001,71
0402701001,284
0402801001,255
0402901001,1125
0402901002,1291
0402901003,1494
0402901004,1138
0402901005,1223
0402901006,1036
0402901007,1706
0402902001,1165
0402902002,1461
0402902003,1386
0402902004,849
0402902005,1449
0403001001,716
0403001002,649
0403101001,1489
0403101002,1036
0403102001,1092
0403201001,1825
0403201002,2166
0403201003,1272
0403201004,1470
0403202001,1119
0403301001,134
0403401001,154
0403501001,2162
0403501002,1642
0403501003,2486
0403502001,1770
0403503001,2742
0403504001,1523
0403504002,1412
0403601001,280
0403701001,794
0403701002,895
0403801001,2055
0403801002,1924
0404101001,440
0404301001,651
0404401001,2203
0404501001,648
0404502001,637
0404503001,916
0404601001,991
0404701001,1293
0404701002,1803
0404801001,3126
0404901001,1499
0404901002,2430
0404902001,2323
0404902002,2380
0405001001,1034
0405101001,525
0405201001,1202
0405201002,2450
0405201003,1952
0405201004,2181
0405201005,2052
0405201006,2092
0405201007,1626
0405201008,1291
0405201009,1051
0405201010,766
0405301001,1804
0405302001,2141
0405302002,2205
0405302003,2066
0405303002,1773
0405303003,2536
0405303004,1565
0405304001,788
0405304002,1673
0405305002,891
0405305003,932
0405401001,386
0405501001,463
0405601001,170
0405701001,685
0405702001,948
0405801001,435
0405901001,895
0405902001,712
0406001001,614
0406101001,802
0406201001,1529
0406201002,1451
0406201003,1679
0406201004,1060
0406301001,1315
0406401001,1767
0406401002,5071
0406501001,507
0406601001,847
0406601002,2063
0406601003,1733
0406601004,3070
0406601005,3202
0406601006,2136
0406601008,2524
0406601009,3665
0406601010,2508
0406602001,3090
0406603001,3789
0406701001,696
0406801001,169
0406901001,1201
0406901002,1286
0406901003,1834
0406901004,1022
0406901005,1044
0407001001,1434
0407002001,1061
0407101001,484
0407201001,671
0407301001,411
0407401001,1869
0407402001,1980
0407501001,3057
0407501002,1801
0407502001,3704
0407601001,1662
0407701001,331
0407801001,1406
0407901001,2723
0407901002,1397
0407901003,2385
0407901004,2256
0407901006,1807
0407901007,3056
0407901008,3218
0407901009,1467
0407901010,2730
0407901011,1781
0407901012,3144
0407901013,1539
0407901014,1781
0407901015,1904
0407901016,1237
0407901017,1320
0407901018,2717
0407901019,1901
0407902001,1989
0407902002,2159
0407902003,1437
0407902004,1444
0407902005,909
0407902006,3265
0407902007,1047
0407902008,1740
0407902009,1619
0407902010,1195
0407902011,1763
0407902012,1739
0407902013,1895
0407902014,1783
0407902015,1850
0407902016,2116
0407902017,2064
0407902018,2904
0407902019,2344
0407902020,1951
0407902021,2264
0407902022,1538
0407902023,1909
0407902024,1940
0407902025,1505
0407902026,1875
0407902027,1979
0407902028,1744
0407902029,1352
0408001001,216
0408101001,390
0408201001,320
0408301001,1450
0408302001,768
0408401001,401
0408501001,502
0408601001,1588
0408602001,1101
0408701001,219
0408801001,1942
0408802001,1704
0408901001,1029
0409001001,396
0409101001,440
0409201001,1977
0409201002,1799
0409301001,1768
0409301002,1795
0409401001,229
0409501001,924
0409601001,312
0409701001,278
0409801001,952
0409802001,1112
0409901001,1254
0409901002,1294
0409901003,1245
0409901004,2183
0409902001,815
0410001001,1526
0410001002,1322
0410002001,1956
0410002002,916
0410003001,1686
0410003002,1056
0410003003,1164
0410003004,2370
0410004001,3022
0410101001,2064
0410101002,1991
0410102001,1550
0410201001,1917
0410201002,1680
0410201003,2293
0410201004,2381
0410201005,1593
0410201006,1761
0410201007,2577
0410201008,2004
0410201009,1734
0410201010,2130
0410201011,1133
0410201012,2035
0410201013,1146
0410301001,918
0410302001,2211
0490101001,583
0490201001,2107
0490201002,2578
0490201003,1659
0490201004,2203
0490201005,1298
0490201006,2598
0490201007,1825
0490201008,1588
0490201009,1982
0490201010,3007
0490201011,3128
0490201012,3194
0490201013,2887
0490201014,2027
0490201015,1429
0490201016,1758
0490201017,1005
0490201018,2619
0490201019,2600
0490201020,1975
0490201021,1902
0490201022,2131
0490201023,1603
0490201024,2432
0490201025,1780
0490201026,1022
0490201027,1384
0490201028,2149
0490201029,2013
0490201030,1614
0490201032,1643
0490201033,1646
0490201034,1550
0490201035,1740
0490201036,2641
0490201037,1331
0490201038,1425
0490201039,3053
0490201040,1730
0490201041,1000
0490201042,1220
0490201043,1008
0490201044,1581
0490201045,1079
0490301001,2052
0490301002,2465
0490301003,1875
0490301004,1250
0490301005,1351
0500101001,204
0500201001,1398
0500201002,1265
0500501001,205
0500701001,132
0500801001,254
0501001001,177
0501201001,154
0501301001,1004
0501401001,1922
0501401002,657
0501402001,633
0501402002,2325
0501403001,1217
0501501001,87
0501601001,1077
0501602001,1778
0501602002,2561
0501602003,1672
0501602004,1077
0501701001,85
0501801001,32
0501901001,1368
0501901002,1621
0501902001,1639
0501902002,1335
0501903001,1749
0501903002,1782
0501904001,1755
0501904002,1711
0501904003,1348
0501904004,1233
0501904005,932
0501904006,1630
0501904007,636
0501904008,1906
0501904009,1638
0501904010,1125
0501904011,2128
0501904012,1243
0501904013,902
0501904014,1315
0501905001,1673
0501905002,1828
0501905003,1266
0501905004,2412
0501905005,1736
0501905006,2156
0501906001,974
0501906002,1255
0501906003,2702
0501906004,1009
0501906005,1463
0501906006,778
0501906007,1320
0501906008,1349
0501906009,860
0501906010,1006
0501906011,1067
0501906012,1902
0501906013,1900
0501906014,1281
0502101001,1171
0502101002,1481
0502201001,839
0502201002,1150
0502301001,195
0502401001,243
0502501001,107
0502601001,230
0502701001,349
0502901001,136
0503001001,46
0503301001,198
0503401001,16
0503501001,120
0503601001,128
0503701001,312
0503801001,124
0503901001,49
0504001001,71
0504101001,1241
0504201001,169
0504301001,84
0504401001,271
0504501001,100
0504601001,53
0504701001,1136
0504703001,1357
0504703002,1948
0504703003,702
0504801001,132
0504901001,473
0505101001,203
0505201001,101
0505301001,81
0505401001,1536
0505501001,721
0505601001,98
0505701001,680
0505702001,1045
0505702002,1577
0505801001,87
0505901001,104
0506001001,122
0506101001,336
0506201001,203
0506301001,36
0506401001,118
0506501001,518
0506601001,531
0506701001,75
0506901001,88
0507001001,41
0507201001,101
0507301001,326
0507401001,798
0507501001,122
0507601001,592
0507701001,189
0507801001,131
0507901001,68
0508001001,62
0508101001,40
0508201001,643
0508301001,161
0508401001,77
0508501001,41
0508601001,86
0508701001,170
0508801001,31
0508901001,554
0509001001,85
0509201001,185
0509301001,548
0509401001,153
0509501001,306
0509601001,79
0509701001,515
0509901001,571
0510001001,315
0510101001,283
0510201001,1110
0510201002,1229
0510301001,78
0510401001,33
0510501001,389
0510601001,36
0510701001,67
0510801001,55
0510901001,526
0511001001,904
0511201001,114
0511301001,89
0511401001,837
0511402001,707
0511501001,689
0511601001,127
0511701001,225
0511801001,99
0511901001,36
0512001001,39
0512101001,304
0512201001,143
0512301001,100
0512401001,117
0512501001,63
0512601001,77
0512701001,760
0512801001,411
0512901001,145
0513001001,103
0513101001,99
0513201001,1152
0513301001,65
0513401001,46
0513501001,456
0513601001,103
0513801001,385
0513901001,64
0514001001,134
0514101001,116
0514201001,110
0514301001,61
0514401001,92
0514501001,51
0514701001,188
0514801001,27
0514901001,116
0515101001,114
0515201001,819
0515301001,102
0515401001,40
0515501001,54
0515601001,327
0515701001,259
0515801001,390
0515901001,258
0516001001,342
0516101001,902
0516201001,101
0516301001,666
0516301002,1361
0516401001,28
0516501001,492
0516601001,231
0516701001,295
0516801001,986
0516801002,1301
0516802001,2029
0516802002,1204
0516901001,233
0517001001,49
0517101001,79
0517201001,154
0517301001,64
0517401001,80
0517501001,187
0517601001,290
0517701001,182
0517801001,425
0517901001,258
0518001001,86
0518101001,41
0518201001,927
0518301001,168
0518401001,330
0518501001,115
0518601001,1167
0518602001,823
0518701001,1240
0518702001,1025
0518801001,56
0518901001,530
0519001001,57
0519101001,140
0519201001,112
0519301001,211
0519401001,157
0519501001,241
0519601001,69
0519701001,123
0519801001,82
0519901001,44
0520001001,59
0520101001,599
0520401001,799
0520501001,85
0520601001,33
0520701001,816
0520801001,40
0520901001,86
0521001001,100
0521101001,522
0521201001,244
0521301001,117
0521401001,45
0521501001,187
0521601001,186
0521701001,64
0521801001,141
0521901001,49
0522001001,460
0522101001,414
0522201001,163
0522401001,112
0522501001,420
0522601001,80
0522701001,540
0522801001,184
0522901001,79
0523001001,72
0523101001,201
0523201001,113
0523301001,272
0523401001,50
0523501001,126
0523601001,146
0523701001,191
0523801001,924
0523901001,228
0524001001,2297
0524002001,2408
0524101001,1745
0524101002,2556
0524201001,804
0524301001,101
0524401001,60
0524501001,399
0524601001,65
0524701001,285
0524901001,117
0525101001,72
0525201001,61
0525301001,96
0525401001,248
0525601001,130
0525701001,136
0525801001,144
0525901001,141
0526001001,104
0526101001,45
0526201001,394
0526301001,191
0526401001,53
0526501001,90
0526601001,103
0526701001,114
0590101001,287
0590201001,350
0590301001,158
0590401001,151
0590501001,227
0600101001,831
0600201001,1170
0600201002,1046
0600201003,1376
0600202001,1946
0600301001,990
0600401001,975
0600401002,971
0600501001,1238
0600501002,791
0600601001,1209
0600602001,1164
0600603001,2200
0600604001,951
0600701001,749
0600701002,1091
0600801001,743
0600901001,230
0601001001,1312
0601101001,1864
0601101002,2455
0601101003,2091
0601101004,793
0601102001,1842
0601102002,1292
0601102003,2093
0601102004,1884
0601102005,1378
0601102006,1459
0601102007,2252
0601102008,2514
0601103001,943
0601103002,2040
0601103003,2085
0601103004,1254
0601103005,1021
0601104001,1988
0601104002,2391
0601104003,1375
0601201001,1311
0601201002,1260
0601201003,1624
0601301001,308
0601401001,1413
0601401002,785
0601402001,795
0601402002,1893
0601403001,1105
0601403002,865
0601404001,1289
0601501001,1490
0601501002,792
0601501003,1072
0601501005,1534
0601501008,1732
0601501010,1411
0601501011,1392
0601501012,703
0601502001,2083
0601502002,1376
0601502004,2060
0601502005,1252
0601502006,1774
0601503001,1676
0601503002,1773
0601503003,1940
0601503004,1065
0601503005,1114
0601503006,1287
0601503007,888
0601503008,1679
0601503009,793
0601503010,1201
0601503011,1055
0601503012,1384
0601503013,1450
0601504001,1660
0601504002,1440
0601504003,1110
0601504005,1444
0601504006,2196
0601504007,1685
0601504009,1258
0601504010,1072
0601504011,1467
0601504012,2597
0601504013,1627
0601504014,1597
0601504015,1194
0601504016,1639
0601504017,1112
0601505001,1280
0601505003,790
0601505004,776
0601505005,1094
0601505006,1657
0601505011,849
0601505012,1228
0601505013,1019
0601505014,655
0601505020,820
0601505025,1093
0601506001,1330
0601506003,698
0601506004,692
0601506005,1667
0601506006,802
0601506008,1929
0601507001,2279
0601507002,1438
0601507003,2396
0601507004,1952
0601507005,1208
0601507006,2082
0601507007,1723
0601507008,1679
0601507009,938
0601507010,1394
0601507011,1278
0601507012,1918
0601507013,1335
0601508001,1548
0601508002,1732
0601508004,1182
0601508009,1265
0601508010,1941
0601508012,1316
0601508013,2153
0601508014,1387
0601509008,989
0601509009,789
0601509010,1273
0601509018,729
0601509019,1108
0601509021,1547
0601509022,991
0601509023,983
0601509024,1043
0601509026,1784
0601509027,1371
0601509028,1258
0601509029,1622
0601509030,1723
0601509031,1360
0601509032,1207
0601509036,1774
0601509037,1279
0601510001,1751
0601510015,1497
0601510016,2453
0601510017,2349
0601510033,1139
0601510034,2782
0601510035,2142
0601510036,1977
0601601001,1414
0601602001,849
0601603001,1368
0601701001,323
0601801001,903
0601901001,918
0601901002,883
0601902001,655
0602001001,1434
0602001002,820
0602101001,1093
0602201001,1329
0602201003,1875
0602301001,809
0602301002,638
0602302001,1080
0602302003,970
0602303001,832
0602304001,905
0602401001,660
0602402001,743
0602501001,1200
0602501002,1884
0602501003,1367
0602501004,1903
0602601001,1002
0602701001,848
0602801001,676
0602801002,1179
0602802001,859
0602802002,942
0602803001,1526
0602901001,1424
0603001001,187
0603101001,561
0603201001,68
0603301001,940
0603302001,619
0603401001,196
0603501001,1094
0603601001,749
0603601002,1259
0603602001,806
0603602002,1111
0603603001,1559
0603603002,771
0603701001,2221
0603801001,974
0603901001,1047
0603901002,1150
0604001001,1301
0604101001,565
0604201001,1220
0604301001,771
0604401001,1349
0604401002,1035
0604401003,1790
0604401004,1157
0604401005,2547
0604402001,1948
0604402002,1706
0604402003,773
0604402004,1354
0604403001,1962
0604403002,1656
0604403003,1952
0604403004,947
0604403005,1408
0604404001,2210
0604404002,2078
0604404003,1285
0604404004,1267
0604405001,898
0604405002,1692
0604405003,719
0604405004,737
0604405005,1086
0604405006,805
0604405007,914
0604405008,1736
0604501001,580
0604601001,1498
0604701001,1058
0604801001,987
0604901001,1230
0605001001,624
0605001002,1187
0605002001,1524
0605003001,1666
0605101001,1137
0605101002,793
0605201001,1068
0605202001,1095
0605203001,1838
0605203002,1001
0605301001,719
0605401001,1419
0605401002,1055
0605401003,1054
0605402001,1607
0605402002,1771
0605501001,1051
0605502001,736
0605502002,643
0605601001,543
0605701001,631
0605801001,969
0605801002,1465
0605901001,877
0605901002,646
0605901003,663
0606001001,2054
0606001002,1513
0606002001,1734
0606002002,836
0606003001,1090
0606101001,1296
0606201001,715
0606301001,777
0606302001,852
0606303001,2077
0606401001,1001
0606501001,348
0606601001,959
0606601002,1069
0606701001,1006
0606701002,733
0606701003,662
0606801001,519
0606901001,1142
0606901002,866
0606901003,1769
0607001001,1064
0607001002,2073
0607002001,2014
0607002002,871
0607003001,1735
0607004001,844
0607005001,1022
0607101001,285
0607201001,1419
0607201002,1421
0607301001,905
0607401001,1852
0607401002,932
0607402001,2019
0607403001,1166
0607501001,561
0607601001,1010
0607701001,405
0607801001,610
0607901001,761
0608001001,678
0608001002,1643
0608101001,1287
0608201001,479
0608301001,843
0608301003,1529
0608301004,858
0608301005,652
0608301006,610
0608301007,985
0608301008,789
0608302001,891
0608302002,917
0608302003,1003
0608302004,1599
0608302005,1033
0608303001,867
0608303002,1695
0608303003,736
0608303004,1824
0608303005,1038
0608303006,2298
0608303007,1007
0608303009,2228
0608303010,2158
0608304001,1488
0608304002,2186
0608304005,818
0608304006,867
0608304007,2676
0608304008,2139
0608304009,1183
0608304010,2389
0608304011,1801
0608304012,1734
0608304013,2555
0608305001,774
0608306001,870
0608306002,997
0608306003,1033
0608306004,1397
0608306005,1993
0608306006,1784
0608306007,993
0608306008,2783
0608306009,965
0608401001,1357
0608501001,773
0608501002,1377
0608502001,1372
0608502002,823
0608601001,886
0608601002,581
0608701001,1075
0608701002,746
0608702001,716
0608801001,1240
0608801002,1686
0608801004,2192
0608801005,1823
0608802001,1339
0608802002,1001
0608802004,1489
0608803001,1318
0608803002,1247
0608804001,665
0608804002,1961
0608901001,744
0609001001,1015
0609101001,952
0609101002,1475
0609102001,680
0609102002,1607
0609201001,699
0609301001,812
0609301002,1147
0609302001,1562
0609302002,836
0609303001,1104
0609401001,1021
0609402001,774
0609501001,862
0609501002,2209
0609501003,963
0609501004,1939
0609501005,1269
0609501007,1062
0609501008,1478
0609501009,2322
0609601001,258
0609701001,567
0609701002,1243
0609701003,1032
0609801001,698
0609901001,1381
0610001001,1088
0610101001,562
0610201001,1249
0610301001,897
0610301002,2205
0610302001,1245
0610302002,1644
0610401001,804
0610501001,767
0610601001,523
0610701001,893
0610701002,1020
0610801001,1404
0610801002,1394
0610901001,1372
0610901002,1152
0610901003,1165
0610901004,1205
0611001001,180
0611101001,660
0611201001,484
0611301001,1058
0611301002,1195
0611301003,1243
0611401001,151
0611501001,836
0611501002,678
0611601001,912
0611602001,1004
0611701001,832
0611702001,889
0611801001,222
0611901001,853
0612001001,1391
0612001002,1675
0612001003,1130
0612101001,875
0612101002,1243
0612102001,2203
0612201001,1742
0612201002,863
0612202001,1242
0612202002,1394
0612203001,1488
0612203002,1520
0612301001,1650
0612301002,966
0612302001,1655
0612303001,1454
0612401001,1025
0612402001,1027
0612501001,782
0612502001,1277
0612601001,954
0612601002,1763
0612701001,1091
0612701002,1129
0612701003,1377
0612801001,970
0612801002,1595
0612801003,2029
0612801004,941
0612901001,746
0613001001,235
0613101001,1274
0613201001,1041
0613301001,2263
0613401001,659
0613501001,1430
0613601001,872
0613601002,1012
0613701001,1156
0613801001,1255
0613901001,673
0614001001,768
0614101001,726
0614101002,1389
0614201001,302
0614301001,1632
0614302001,1181
0614302002,1380
0614401001,662
0614501001,1107
0614601001,1332
0614701001,407
0614801001,1162
0614901001,1486
0614901002,953
0614902001,1006
0614902002,2194
0614902003,1075
0614903001,858
0614903002,1513
0614903003,1100
0614904001,1196
0614904002,1933
0615001001,959
0615101001,1290
0615201001,772
0615201002,816
0615301001,1037
0615301002,1272
0615301003,2304
0615301004,722
0615302001,2299
0615302002,1188
0615302003,1319
0615302004,1847
0615302005,1051
0615303001,1795
0615303002,1893
0615303003,1969
0615303004,2085
0615303005,1807
0615304001,798
0615304002,976
0615304003,863
0615304004,876
0615401001,875
0615401002,1087
0615401003,1576
0615501001,1069
0615501002,1232
0615601001,1420
0615701001,522
0615801001,1574
0615801002,845
0615801003,1645
0615801004,1311
0615801005,1179
0615801006,2203
0615802001,2209
0615802002,1480
0615802003,723
0615802004,2571
0615802005,1088
0615901001,1326
0615902001,1538
0616001001,1290
0616001002,1396
0616001003,1111
0616101001,363
0616201001,907
0616201002,1331
0616201003,1353
0690101001,1726
0690101002,1026
0690201001,2056
0690301001,1183
0690301002,1336
0700101001,2578
0700101002,1764
0700102001,885
0700201001,1928
0700201002,1852
0700202001,1812
0700202002,1749
0700202003,1821
0700301001,2712
0700301002,1037
0700301003,1638
0700301004,1926
0700302001,1657
0700303001,2269
0700303002,885
0700303003,1839
0700304001,2136
0700304002,3669
0700401001,1665
0700401002,1188
0700402001,2501
0700501001,2158
0700501002,2218
0700501003,2780
0700502001,2570
0700503001,1080
0700601001,1755
0700601002,1248
0700601003,1513
0700602001,1181
0700602002,1685
0700701001,553
0700801001,1703
0700801002,1749
0700802001,1610
0700802002,1314
0700802003,1560
0700901001,1030
0701001001,1983
0701001002,2060
0701002001,2619
0701101001,1208
0701101002,1038
0701101003,1307
0701102001,2210
0701102002,2441
0701102003,1918
0701102004,1490
0701103001,1365
0701103002,2548
0701103003,1863
0701103004,2108
0701103005,2670
0701103006,2090
0701104001,2078
0701104002,2603
0701104003,2343
0701104004,1188
0701105001,1590
0701105002,2795
0701105003,2569
0701105004,3133
0701105005,1981
0701105006,1943
0701106001,2136
0701106002,1748
0701201001,1522
0701202001,1032
0701301001,2301
0701301002,2043
0701302001,1847
0701302002,1782
0701302003,1792
0701401001,2184
0701401002,2065
0701401003,1130
0701401004,2125
0701401005,1552
0701401006,2329
0701501001,1136
0701501002,1454
0701501003,2607
0701501004,1614
0701501005,2292
0701502001,1029
0701502002,2486
0701502003,2708
0701502004,1046
0701503001,1727
0701503002,1702
0701503003,1580
0701504001,1544
0701504002,1595
0701504003,1894
0701504004,2868
0701601001,1079
0701601002,1397
0701601003,1383
0701701001,1183
0701801001,768
0701901001,241
0702001001,2294
0702001002,2646
0702101001,344
0702201001,1399
0702201002,2183
0702202001,1229
0702202002,1102
0702202003,1060
0702203001,2033
0702203002,1745
0702204001,856
0702204002,1460
0702204003,1477
0702204004,2747
0702301001,1673
0702301002,1746
0702301003,1211
0702401001,2812
0702401002,1670
0702401003,1947
0702402001,3629
0702402002,1487
0702501001,704
0702602001,2150
0702603001,1847
0702603002,1120
0702603003,2122
0702604001,2291
0702604002,1980
0702604003,1529
0702604004,1331
0702604005,2687
0702604006,2560
0702604007,1608
0702604008,1520
0702604009,1264
0702604010,1106
0702604011,1457
0702604012,1812
0702604013,1304
0702604014,2801
0702604015,1531
0702604016,2321
0702604017,2600
0702604018,931
0702604019,1459
0702604020,2187
0702604021,2250
0702604022,1566
0702604023,1248
0702604024,1111
0702701001,2185
0702701002,1974
0702701003,1120
0702701004,1730
0702701005,1308
0702701006,1532
0702702001,2168
0702702002,1184
0702702003,1746
0702702004,2126
0702702005,2304
0702702006,1733
0702702007,997
0702703001,909
0702703002,1859
0702703003,1251
0702703004,2706
0702703005,1793
0702801001,1251
0702901001,1306
0702901002,1330
0702902001,1204
0702902002,1846
0703001001,984
0703002001,1232
0703101001,1129
0703101002,2797
0703102001,979
0703102002,1019
0703103001,1344
0703103002,864
0703103003,2285
0703104001,776
0703104002,2021
0703104003,1332
0703104004,1170
0703104005,2394
0703104006,1384
0703104007,2339
0703104008,2603
0703104009,1300
0703104010,2842
0703104011,1552
0703104012,1561
0703104013,1595
0703105001,1316
0703201001,886
0703201002,1758
0703202001,1969
0703202002,1725
0703202003,1786
0703202004,1374
0703203001,1701
0703203002,2577
0703203003,1986
0703203004,2384
0703203005,2880
0703203006,1814
0703204001,1926
0703204002,2336
0703205001,1358
0703301001,1344
0703301002,1756
0703301003,1676
0703301004,2287
0703302001,1996
0703302002,1401
0703302003,2026
0703302004,1004
0703303001,1638
0703303002,1633
0703303003,2180
0703303004,2176
0703303005,1323
0703304001,1624
0703304002,1861
0703304003,856
0703304004,1835
0703305001,2512
0703305002,2226
0703305003,1406
0703305004,1548
0703306001,1732
0703307001,860
0703307002,1364
0703401001,1309
0703501001,1002
0703502001,1112
0703601001,1514
0703601002,2270
0703601003,1863
0703601004,1567
0703601005,1257
0703601006,2658
0703601007,1009
0703602001,1447
0703602002,1526
0703602003,2466
0703602004,1351
0703602005,2116
0703602006,2446
0703602007,1518
0703602008,1794
0703602009,1519
0703602010,2346
0703602011,1526
0703602012,1849
0703602013,1479
0703701001,2782
0703701003,2394
0703801001,1282
0703802001,1606
0703901001,939
0703901002,2412
0703902001,1402
0703902002,2055
0704001001,1184
0704001002,1503
0704001003,980
0704001004,872
0704001005,1306
0704001006,1322
0704001007,1267
0704001008,996
0704001009,940
0704001010,1027
0704001011,1141
0704001012,1552
0704001013,1151
0704001014,1861
0704001015,1152
0704001016,912
0704001017,1093
0704001018,1024
0704001019,1581
0704002001,1219
0704002002,1040
0704002003,1513
0704002004,1617
0704002005,983
0704002006,1779
0704002007,1613
0704002008,2022
0704002009,1401
0704002010,923
0704002011,2637
0704002012,2953
0704002013,2014
0704002014,858
0704002015,1088
0704002016,1797
0704002017,3016
0704002018,2119
0704002019,1120
0704002020,764
0704002021,1214
0704002022,1624
0704002023,1109
0704002024,2244
0704002025,2012
0704002026,1802
0704002027,1400
0704002028,1674
0704002029,955
0704002030,1415
0704002031,1623
0704002032,1743
0704002033,1420
0704002034,1532
0704002035,1533
0704002036,1547
0704002037,997
0704002038,1145
0704002039,1729
0704002040,2010
0704002041,1253
0704002042,1215
0704002043,1633
0704002044,1831
0704002045,1912
0704002046,1697
0704002047,1789
0704002048,1520
0704002049,1315
0704002050,1858
0704002051,1204
0704002052,1161
0704002053,1058
0704002054,1839
0704002055,1334
0704002056,1390
0704002057,2106
0704002058,2254
0704002059,1644
0704002060,2151
0704002061,1625
0704002062,1689
0704002063,1186
0704002064,1270
0704002065,1683
0704002066,2676
0704002067,2044
0704002068,1199
0704002069,1432
0704002070,1950
0704003001,2183
0704003002,1704
0704003003,1372
0704003004,1132
0704003005,1946
0704003006,1665
0704003007,1154
0704003008,1202
0704003009,1543
0704003010,1415
0704003011,2238
0704003012,2161
0704003013,2065
0704003014,2355
0704003015,1342
0704003016,1262
0704003017,1811
0704003018,1373
0704003019,1559
0704003020,1738
0704003021,1793
0704003022,2119
0704003023,1361
0704003024,1711
0704003025,1610
0704003026,1456
0704003027,2001
0704003028,1350
0704003029,1608
0704003030,1226
0704003031,1850
0704003032,1737
0704003033,1253
0704003034,960
0704003035,1240
0704003036,1697
0704003037,1102
0704003038,1103
0704003039,1716
0704003040,1732
0704003041,1665
0704003042,1804
0704003043,1201
0704003044,2181
0704003045,1263
0704003046,1043
0704003047,1656
0704003048,1206
0704003049,1578
0704003050,1562
0704003051,2208
0704003052,1118
0704003053,1702
0704003054,1283
0704003055,1670
0704004001,1374
0704004002,1804
0704004003,1958
0704004004,2517
0704004005,1392
0704004006,2092
0704004007,2197
0704004008,2238
0704004009,1866
0704004010,2598
0704004011,2402
0704004012,1997
0704004013,855
0704004014,1203
0704004015,1539
0704004016,1399
0704004017,1525
0704004018,1508
0704004019,1310
0704004020,1600
0704004021,1236
0704004022,1572
0704004023,1777
0704004024,2173
0704004026,2009
0704004027,1714
0704004028,1886
0704004029,1818
0704004030,1575
0704004031,1391
0704004032,949
0704004033,1597
0704004034,1761
0704004035,1721
0704004036,2235
0704004037,2358
0704004038,2263
0704004039,1966
0704004040,1191
0704004041,1635
0704004042,1494
0704004043,1720
0704004044,1662
0704004045,1296
0704004046,1574
0704004047,1606
0704004049,966
0704004050,2499
0704004051,1317
0704004052,1241
0704004053,1638
0704004054,1317
0704004055,2131
0704004056,2679
0704004057,2418
0704004058,1470
0704004059,1761
0704004060,1562
0704004061,1368
0704004062,1396
0704004063,1065
0704004064,1326
0704004065,1123
0704004066,1061
0704004067,1604
0704004068,1054
0704004069,1381
0704004070,1793
0704004071,950
0704004072,1227
0704004073,1383
0704004074,1902
0704004075,1718
0704004076,2332
0704004077,2536
0704004078,1240
0704004079,1346
0704004080,1402
0704004081,1333
0704004082,1755
0704004083,1030
0704004084,877
0704004085,1433
0704004086,1621
0704004087,1490
0704004088,1639
0704005001,882
0704005002,1576
0704005003,2634
0704005004,1331
0704005005,1226
0704005006,1345
0704005007,2154
0704005008,1630
0704005009,1741
0704005010,1841
0704005011,1349
0704005012,1804
0704005013,1865
0704005014,2629
0704005015,1354
0704005016,1355
0704005017,1548
0704005018,1059
0704005019,1877
0704005020,2155
0704005021,1378
0704005022,1452
0704101001,1149
0704102001,1663
0704201001,1087
0704201002,1465
0704202001,2266
0704203001,2020
0704203002,2069
0704203003,2846
0704203004,1982
0704204001,2353
0704301001,1574
0704301002,1389
0704302001,982
0704302002,1424
0704401001,2235
0704402001,2788
0704403001,1064
0704403002,2397
0704404001,1829
0704404002,2396
0704501001,2016
0704601001,1851
0704601002,2578
0704601003,1626
0704601004,2650
0704601005,2293
0704601006,1913
0704601007,2406
0704601008,2298
0704601009,1116
0704601010,1491
0704602001,2333
0704602002,804
0704701001,1384
0704702001,1689
0704801001,1848
0704801002,2610
0704801003,1499
0704801004,2100
0704801005,1777
0704801006,1854
0704801007,2111
0704802001,1966
0704802002,2116
0704802003,2045
0704802004,2951
0704802005,1504
0704802006,981
0704901001,927
0704902001,1103
0705001001,2081
0705001002,2014
0705001003,1573
0705101001,1383
0705101002,2066
0705102001,1086
0705102002,3785
0705201001,893
0705201002,1945
0705202001,1524
0705202002,3110
0705301001,1652
0705401001,1998
0705401002,3029
0705401003,1815
0705401004,2804
0705401005,1638
0705401006,1941
0705401007,2089
0705401008,3150
0705402001,2760
0705402002,2149
0705403001,2309
0705404001,2077
0705404002,2944
0705404003,1251
0705405001,2560
0705405002,1675
0705501001,911
0705501002,1236
0705502001,1632
0705502002,1592
0705502003,2292
0705502004,2418
0705502005,1599
0705601001,2486
0705602001,1817
0705602002,2288
0705701001,1303
0705701002,1609
0705701003,893
0705701004,1630
0705701005,1738
0705701006,2040
0705702001,1383
0705702002,1040
0705801001,2162
0705801002,945
0705802001,751
0705901001,2196
0705901002,2854
0706001001,1715
0706002001,1966
0706101001,1223
0706101002,1889
0706101003,1252
0706102001,1494
0706102002,1537
0706102003,807
0706102004,1203
0706103001,1645
0706103002,2792
0706201001,2569
0706201002,1006
0706201003,1605
0706201004,2149
0706201005,2028
0706202001,2219
0706301001,2025
0706401001,1707
0706401002,1774
0706401003,1775
0706401004,1082
0706401005,1323
0706501001,1276
0706502001,1634
0790101001,903
0790201001,1470
0800101001,1537
0800101002,1854
0800101003,778
0800101004,1757
0800101005,1895
0800101007,2460
0800101008,1844
0800201001,251
0800301001,2673
0800301002,2421
0800301003,2299
0800301004,2258
0800401001,300
0800501001,2470
0800501002,1638
0800501003,2414
0800501004,1035
0800501005,726
0800601001,2309
0800601002,2169
0800601003,1257
0800601004,1102
0800602001,1741
0800602002,1953
0800602003,1827
0800602004,1603
0800602005,1346
0800701001,1525
0800701002,2895
0800702001,2088
0800702002,2146
0800801001,212
0800901001,813
0800901002,1574
0800901003,1187
0800901004,1788
0800901005,1026
0800901006,1863
0800902001,2385
0800902002,1327
0801001001,1509
0801002001,1509
0801002002,947
0801002003,1696
0801101001,2258
0801201001,2275
0801301001,1675
0801401001,2498
0801501001,1405
0801501002,1237
0801501003,905
0801501004,810
0801501005,1392
0801501007,1171
0801501008,608
0801502001,1301
0801502002,1584
0801502003,859
0801502004,1956
0801502005,1220
0801502007,1302
0801502008,2038
0801502009,1226
0801502010,1492
0801502011,1581
0801502012,1046
0801502013,1233
0801502015,1026
0801503001,2203
0801503003,1835
0801503004,1729
0801503005,1422
0801503006,1170
0801503007,1222
0801503008,692
0801503009,1756
0801503010,988
0801503011,1117
0801503013,2808
0801504001,2157
0801504002,1549
0801504003,1333
0801504004,2253
0801504005,1554
0801504006,2548
0801504007,1785
0801504008,1410
0801504009,944
0801504010,1237
0801504011,1354
0801504012,1446
0801504013,1117
0801504014,2583
0801504015,1434
0801504016,1996
0801505001,2236
0801505002,813
0801505003,2519
0801505004,2316
0801505005,1979
0801505006,1175
0801506001,1334
0801506002,1627
0801506003,1113
0801506004,1206
0801506005,1397
0801506006,1012
0801507001,1953
0801507002,2367
0801507003,1519
0801507004,1139
0801507005,859
0801507006,1046
0801507007,1164
0801507008,1613
0801507009,803
0801507010,882
0801507011,1956
0801507012,1274
0801507013,2454
0801507014,1720
0801507015,1153
0801507017,3344
0801507018,1517
0801507020,1090
0801507021,893
0801507022,769
0801507023,2100
0801507024,1821
0801507028,2101
0801507029,2114
0801507030,2005
0801507031,1303
0801508001,2722
0801508002,2502
0801508003,2086
0801508004,704
0801508005,934
0801508006,1639
0801508007,1327
0801508008,2017
0801508009,1260
0801508011,831
0801508012,2552
0801508013,977
0801509001,2105
0801509002,2029
0801509003,1044
0801509004,2242
0801509005,1131
0801509006,1788
0801509008,1632
0801509009,1066
0801509010,1337
0801509011,988
0801509012,1544
0801509013,751
0801509014,1473
0801509015,1821
0801509016,1663
0801509017,1817
0801509018,1917
0801509019,1299
0801509020,662
0801509021,1585
0801509022,1346
0801509023,730
0801509024,1963
0801509025,1234
0801509026,1183
0801509027,767
0801509028,2162
0801509030,1768
0801509031,989
0801509032,1064
0801509033,1549
0801509034,1769
0801509035,1554
0801509036,1219
0801509037,1638
0801509038,1756
0801509042,1668
0801509043,1727
0801509044,987
0801509045,1529
0801509047,1106
0801509049,1545
0801509050,883
0801509052,867
0801509053,1163
0801509054,1131
0801509057,1270
0801509058,1374
0801509059,1104
0801601001,2225
0801701001,2733
0801701002,991
0801801001,1601
0801801002,1329
0801801003,413
0801901001,1325
0801901002,1557
0801901003,3311
0801901004,2852
0801901005,2448
0801901006,1614
0801901007,2051
0801901008,3503
0801901009,2196
0801901010,2385
0801901011,3486
0801901012,1898
0801901013,1332
0801901014,1977
0801901015,2277
0801901016,2166
0801901017,2707
0801901018,1523
0801901019,2830
0801901020,2058
0801901021,1993
0801901022,1229
0801901023,1605
0801901024,362
0801901025,1285
0801901026,2147
0801901027,1596
0801901028,1942
0801901029,1368
0801901030,2509
0801901031,1691
0801901032,1853
0801901033,1115
0801901034,1068
0801901035,1302
0801901036,1191
0801901037,1445
0801901038,1487
0801901039,1278
0801901040,1106
0801901041,1484
0801901042,1775
0801901043,1226
0801901044,1497
0801901045,2077
0801901046,1684
0801901047,1843
0801901048,2243
0801901049,1371
0801901050,1575
0801901051,1842
0801901052,2388
0801901053,1977
0801901054,1322
0801901055,1313
0801902001,1242
0801902002,2216
0801902003,1232
0801902004,1463
0801902005,2156
0801902006,1596
0801902007,1209
0801902008,1842
0801902009,1729
0801902010,1201
0801902011,1092
0801902012,1555
0801902013,1136
0801902014,1314
0801902015,1561
0801902016,1866
0801902017,1921
0801902018,1818
0801902019,1933
0801902020,1412
0801902021,1455
0801902022,1262
0801902023,1111
0801902024,1113
0801902025,1176
0801902026,2118
0801902027,1993
0801902028,2068
0801902029,1168
0801902030,1232
0801902031,1070
0801902032,1193
0801902033,1179
0801902034,1153
0801902035,1278
0801902036,1254
0801902037,1245
0801902038,1619
0801902039,1701
0801902040,1641
0801902041,1633
0801902042,1685
0801902043,1439
0801902044,1231
0801902045,1196
0801902046,1853
0801902047,1890
0801902048,1234
0801902049,2053
0801902050,1601
0801902051,1906
0801902052,1826
0801902053,1861
0801902054,1862
0801902055,1881
0801902056,1499
0801902057,1237
0801902058,1374
0801902059,1643
0801902060,1662
0801902061,1362
0801902062,1548
0801902063,1175
0801902064,1368
0801902065,1852
0801902066,1901
0801902067,1648
0801902068,1721
0801902069,1374
0801902070,1335
0801902071,1695
0801902072,1221
0801902073,1632
0801902074,1158
0801902075,1233
0801902076,1653
0801902077,1428
0801902078,1399
0801902079,1237
0801902080,1415
0801902081,2081
0801902082,936
0801902083,1672
0801902084,2023
0801902085,1489
0801902086,1387
0801902087,1452
0801902088,1640
0801902089,1910
0801902090,1647
0801902091,1797
0801902092,1764
0801902093,1598
0801902094,1475
0801902095,1544
0801902096,1365
0801902097,1129
0801902098,1573
0801902099,1491
0801902100,1394
0801902101,2174
0801902102,1368
0801902103,1741
0801902104,1114
0801902105,2089
0801902106,1443
0801902107,1629
0801902108,1560
0801902109,1921
0801902110,1899
0801902111,1777
0801902112,1282
0801902113,1934
0801902114,1670
0801902115,1358
0801902116,1030
0801902117,1181
0801902118,1550
0801902119,1311
0801902120,1204
0801902121,1255
0801902122,1052
0801902123,1111
0801902124,1101
0801902125,1705
0801902126,1508
0801902127,1108
0801902128,1278
0801902129,1525
0801902130,1115
0801902131,1214
0801902132,1212
0801902133,878
0801902134,1452
0801902135,2088
0801902136,893
0801902137,1411
0801902138,1887
0801902139,1660
0801902140,1913
0801902141,1252
0801902142,1963
0801902143,1278
0801902144,1493
0801902145,1290
0801902146,1186
0801902147,2191
0801902148,1623
0801902149,1781
0801902150,1519
0801902151,1476
0801902152,1252
0801902153,1335
0801902154,1045
0801902155,1884
0801902156,1274
0801902157,1216
0801902158,1636
0801902159,1867
0801902160,2016
0801902161,1164
0801902162,1365
0801902163,1804
0801902164,1411
0801902165,1548
0801902166,2086
0801902167,2070
0801902168,2243
0801902169,1565
0801902170,1594
0801902171,1610
0801902172,1565
0801902173,1551
0801903001,1670
0801903002,1984
0801903003,1672
0801903004,1543
0801903005,1254
0801903006,1370
0801903007,1662
0801903008,1228
0801903009,1217
0801903010,1784
0801903011,1757
0801903012,2216
0801903013,1857
0801903014,1859
0801903015,3064
0801903016,1282
0801903017,1732
0801903018,1690
0801903019,1434
0801903020,1241
0801903021,1140
0801903022,1514
0801903023,2029
0801903024,2079
0801903025,1144
0801903026,986
0801903027,1756
0801903028,2199
0801903029,1263
0801903030,1562
0801903031,2511
0801903032,1566
0801903033,1419
0801903034,2976
0801903035,7008
0801903036,2306
0801903037,1119
0801903038,1501
0801903039,1875
0801903040,1493
0801903041,1344
0801903042,1338
0801903043,1694
0801903044,1903
0801903045,1087
0801903046,1450
0801903047,1779
0801903048,1376
0801903049,1648
0801903050,1589
0801903051,1770
0801903052,1242
0801903053,2080
0801903054,1793
0801903055,1557
0801903056,832
0801903057,1500
0801903058,1338
0801903059,1232
0801903060,1364
0801903061,1090
0801903062,1648
0801903063,1218
0801903064,1420
0801903065,1302
0801903066,2254
0801903067,1648
0801903068,1192
0801903069,1192
0801903070,1268
0801903071,1308
0801903072,1377
0801903073,1589
0801903074,1766
0801903075,1649
0801903076,971
0801903077,1344
0801903078,1714
0801903079,1792
0801903080,1570
0801903081,1965
0801903082,1804
0801903083,1356
0801903084,1473
0801903085,1182
0801903086,1264
0801903087,1455
0801903088,1418
0801903089,1193
0801903090,1051
0801903091,1489
0801903092,1276
0801903093,1625
0801903094,1160
0801903095,1639
0801903096,1568
0801903097,1623
0801903098,1368
0801903099,1002
0801903100,1229
0801903101,1843
0801903102,1317
0801903103,1193
0801903104,1439
0801903105,1158
0801903106,1237
0801903107,1536
0801903108,1617
0801903109,1472
0801903110,1491
0801903111,1278
0801903112,1861
0801903113,1587
0801903114,1465
0801904001,1213
0801904002,1816
0801904003,1061
0801904004,1004
0801904005,1230
0801904006,1139
0801904007,1093
0801904008,1043
0801904009,1443
0801904010,940
0801904011,1667
0801904012,1412
0801904013,1251
0801904014,790
0801904015,1891
0801904016,1122
0801904017,1114
0801904018,1525
0801904019,1272
0801904020,1393
0801904021,1280
0801904022,1525
0801904023,1098
0801904024,1068
0801904025,1203
0801904026,1355
0801904027,1224
0801904028,1328
0801904029,1286
0801904030,1739
0801904031,1804
0801904032,1542
0801904033,1213
0801904034,1474
0801904035,1426
0801904036,1726
0801904037,2085
0801904038,1245
0801904039,1204
0801904040,1579
0801904041,1300
0801904042,1724
0801904043,1665
0801904044,1652
0801904045,1397
0801904046,2415
0801904047,1566
0801904048,2866
0801904049,1140
0801904050,2035
0801904051,1537
0801904052,2135
0801904053,1565
0801904054,1049
0801904055,1558
0801904056,1773
0801905001,1552
0801905002,1584
0801905003,1378
0801905004,1134
0801905005,1110
0801905006,1776
0801905007,1579
0801905008,1566
0801905009,1757
0801905010,1579
0801905011,1404
0801905012,1393
0801905013,1708
0801905014,1626
0801905015,1573
0801905016,1781
0801905017,1635
0801905018,1232
0801905019,1670
0801905020,1080
0801905021,1299
0801905022,1749
0801905023,1457
0801905024,1839
0801905025,1425
0801905026,1358
0801905027,1357
0801905028,1465
0801905029,1675
0801905030,1457
0801905031,1607
0801905032,1649
0801905033,1335
0801905034,1156
0801905035,1097
0801905036,1666
0801905037,1372
0801905038,1278
0801905039,1576
0801905040,1381
0801905041,1651
0801905042,1227
0801905043,1404
0801905044,1271
0801905045,1565
0801905046,1145
0801905047,1273
0801905048,1273
0801905049,1626
0801905050,1591
0801905051,1564
0801905052,1495
0801905053,1469
0801905054,1067
0801905055,1454
0801905056,1231
0801905057,1709
0801905058,1562
0801905059,1544
0801905060,1135
0801905061,1448
0801905062,1597
0801905063,1583
0801905064,1614
0801905065,1628
0801905066,1205
0801905067,1251
0801905068,1518
0801905069,1686
0801905070,1441
0801905071,1554
0801905072,1611
0801905073,1594
0801905074,1668
0801905075,1672
0801905076,1317
0801905077,1390
0801905078,2030
0801905079,1212
0801905080,1302
0801905081,1526
0801905082,1590
0801905083,1293
0801905084,1364
0801905085,1617
0801905086,1304
0801905087,1517
0801905088,1750
0801905089,1648
0801905090,1857
0801905091,1507
0801905092,1520
0801905093,1096
0801905094,2535
0801905095,1570
0801905096,1069
0801905097,1626
0801905098,1480
0801906001,1080
0801906002,1428
0801906003,1545
0801906004,1098
0801906005,1011
0801906006,1016
0801906007,1857
0801906008,1848
0801906009,1208
0801906010,992
0801906011,1243
0801906012,1087
0801906013,1653
0801906014,1325
0801906015,1344
0801906016,1573
0801906017,1308
0801906018,1238
0801906019,1509
0801906020,1126
0801906021,1363
0801906022,1417
0801906023,1334
0801906024,1609
0801906025,1373
0801906026,989
0801906027,1208
0801906028,1304
0801906029,1227
0801906030,1369
0801906031,1099
0801906032,1123
0801906033,1285
0801906034,1276
0801906035,1002
0801906036,1369
0801906037,1102
0801906038,1443
0801906039,1596
0801906040,1617
0801906041,1676
0801906042,1671
0801906043,1213
0801906044,1425
0801906045,1207
0801906046,1048
0801906047,1822
0801906048,1366
0801906049,1123
0801906050,1241
0801906051,1343
0801906052,1554
0801906053,1536
0801906054,1669
0801906055,1403
0801906056,1553
0801906057,1558
0801906058,1686
0801906059,1515
0801906060,1828
0801906061,1323
0801906062,1319
0801906063,1557
0801906064,1902
0801906065,1144
0801906066,989
0801906067,1790
0801906068,1503
0801906069,1160
0801906070,1842
0801906071,1082
0801906072,1583
0801906073,1408
0801906074,1063
0801906075,1065
0801906076,1298
0801906077,1240
0801906078,1305
0801906079,1069
0801906080,1160
0801906081,1300
0801906082,1744
0801906083,1737
0801906084,1438
0801906085,1200
0801906086,945
0801906087,1878
0801906088,1198
0801907001,1614
0801907002,1132
0801907003,1296
0801907004,1478
0801907005,1507
0801907006,955
0801907007,1384
0801907008,1464
0801907009,1157
0801907010,1316
0801907011,1144
0801907012,1553
0801907013,1249
0801907014,893
0801907015,1406
0801907016,1309
0801907017,1630
0801907018,1555
0801907019,1485
0801907020,1550
0801907021,1053
0801907022,1089
0801907023,1282
0801907024,1432
0801907025,1394
0801907026,1059
0801907027,1967
0801907028,1436
0801907029,1287
0801907030,1288
0801907031,1518
0801907032,1230
0801907033,1364
0801907034,1450
0801907035,1760
0801907036,1379
0801907037,1470
0801907038,1307
0801907039,1517
0801907040,1473
0801907041,1351
0801907042,1540
0801907043,1357
0801907044,1273
0801907045,1487
0801907046,1404
0801907047,1384
0801907048,1216
0801907049,1201
0801907050,1124
0801907051,1751
0801907052,1264
0801907053,1478
0801907054,1556
0801907055,1161
0801907056,1190
0801907057,1436
0801907058,1355
0801907059,1299
0801907060,1833
0801907061,1238
0801907062,1277
0801907063,1478
0801907064,1642
0801907065,1672
0801907066,1800
0801907067,1544
0801907068,1194
0801907069,1418
0801907070,1362
0801907071,1381
0801907072,1329
0801907073,1043
0801907074,1742
0801907075,1235
0801907076,1312
0801907077,1305
0801907078,1366
0801907079,1413
0801907080,1776
0801907081,1980
0801907082,1273
0801907083,1244
0801907084,1308
0801907085,1330
0801907086,1479
0801907087,1579
0801907088,1242
0801907089,1303
0801907090,1442
0801907091,1167
0801907092,1414
0801907093,1558
0801907094,1189
0801907095,1518
0801907096,1409
0801907097,931
0801907098,1809
0801907099,1080
0801907100,1187
0801907101,1414
0801907102,521
0801907103,1503
0801907104,1596
0801907105,1081
0801907106,1112
0801907107,1249
0801907108,1237
0801907109,1657
0801907110,1009
0801907111,881
0801907112,1248
0801907113,1181
0801907114,1161
0801907115,1094
0801907116,1498
0801907117,1596
0801907118,1203
0801907119,1187
0801907120,1227
0801907121,1162
0801907122,1304
0801907123,1368
0801908001,1263
0801908002,1260
0801908003,1221
0801908004,1377
0801908005,1155
0801908006,1449
0801908007,1223
0801908008,1567
0801908009,1648
0801908010,1089
0801908011,1186
0801908012,1347
0801908013,1230
0801908014,1179
0801908015,1380
0801908016,1150
0801908017,1353
0801908018,1517
0801908019,1742
0801908020,1267
0801908021,1433
0801908022,1227
0801908023,1369
0801908024,1391
0801908025,1187
0801908026,1312
0801908027,1286
0801908028,1069
0801908029,1468
0801908030,1425
0801908031,1298
0801908032,1301
0801908033,1390
0801908034,1165
0801908035,1670
0801908036,1494
0801908037,1472
0801908038,1446
0801908039,1529
0801908040,1612
0801908041,2362
0801908042,1272
0801908043,1151
0801908044,1482
0801908045,1694
0801908046,1397
0801908047,1521
0801908048,1043
0801908049,1219
0801908050,2817
0801908051,1356
0801908052,862
0801908053,1130
0801908054,1654
0801908055,1853
0801908056,1447
0801908057,1321
0801908058,1621
0801908059,995
0801908060,1196
0801908061,1675
0801908062,1236
0801908063,1160
0801908064,1714
0801908065,1664
0801908066,1662
0801908067,1573
0801908068,1805
0801908069,1466
0801908070,1438
0801908071,1629
0801908072,1177
0801908073,1693
0801908074,1457
0801908075,1837
0801908076,1529
0801908077,1415
0801908078,1515
0801908079,1388
0801908080,1417
0801908081,1484
0801908082,1537
0801908083,1294
0801908084,1164
0801908085,1465
0801908086,1627
0801908087,1259
0801908088,1262
0801908089,1239
0801908090,1192
0801908091,1154
0801908092,992
0801908093,1249
0801908094,1492
0801908095,1091
0801908096,1461
0801908097,1316
0801908098,1220
0801908099,1348
0801908100,1243
0801908101,1670
0801908102,1351
0801908103,1484
0801908104,1249
0801908105,1609
0801908106,1232
0801908107,1814
0801908108,1544
0801908109,1003
0801908110,1824
0801908111,1517
0801908112,1646
0801908113,1692
0801908114,1879
0801908115,1613
0801908116,1310
0801909001,2665
0801909002,2222
0801909003,2054
0801909004,1729
0801909005,1571
0801909006,1222
0801909007,1259
0801909008,1864
0801909009,1427
0801909010,1793
0801909011,888
0801909012,989
0801909013,1875
0801909014,2027
0801909015,1807
0801909016,1402
0801909017,1460
0801909018,1457
0801909019,2318
0801909020,1151
0801909021,1397
0801909022,1224
0801909023,1184
0801909024,1154
0801909025,1148
0801909026,1554
0801909027,1374
0801909028,1598
0801909029,1169
0801909030,1472
0801909031,1169
0801909032,1716
0801909033,3086
0801909034,1426
0801909035,1576
0801909036,1467
0801909037,1401
0801909038,1583
0801909039,1519
0801909040,1508
0801909041,1414
0801909042,1260
0801909043,1316
0801909044,1462
0801909045,1405
0801909046,1280
0801909047,1426
0801909048,1353
0801909049,1219
0801909050,1573
0801909051,1196
0801909052,1208
0801909053,1494
0801909054,1150
0801909055,3004
0801909056,1193
0801909057,1536
0801909058,1411
0801909059,1340
0801909060,1352
0801909061,1665
0801909062,1075
0801909063,1154
0801909064,1209
0801909065,2004
0801909066,1340
0801909067,1380
0801909068,1519
0801909069,937
0801909070,1796
0801909071,1750
0801909072,1467
0801909073,1528
0801909074,1572
0801909075,1505
0801909076,1363
0801909077,1532
0801909078,1476
0801909079,1561
0801909080,1338
0801909081,1740
0801909082,1834
0801909083,1561
0801909084,1665
0801909085,1601
0801909086,1407
0801909087,1244
0801909088,1868
0801909089,1482
0801909090,1614
0801909091,1842
0801909092,1944
0801909093,1374
0801909094,2033
0801909095,2106
0801910001,1622
0801910002,1697
0801910003,1539
0801910004,1475
0801910005,1613
0801910006,1719
0801910007,1319
0801910008,1661
0801910009,1603
0801910010,1685
0801910011,1225
0801910012,1821
0801910013,1372
0801910014,1400
0801910015,1771
0801910016,1306
0801910017,1675
0801910018,1373
0801910019,1599
0801910020,1483
0801910021,1331
0801910022,1297
0801910023,1426
0801910024,1445
0801910025,1338
0801910026,1549
0801910027,1533
0801910028,1775
0801910029,1481
0801910030,1727
0801910031,1549
0801910032,1477
0801910033,915
0801910034,1715
0801910035,2043
0801910036,1458
0801910037,3001
0801910038,1664
0801910039,1766
0801910040,1843
0801910041,1539
0801910042,2303
0801910043,1770
0801910044,1503
0801910045,1278
0801910046,1240
0801910047,1855
0801910048,1656
0801910049,1321
0801910050,1687
0801910051,1596
0801910052,2350
0801910053,1832
0801910054,990
0801910055,2596
0801910056,1810
0801910057,1327
0801910058,1104
0801910059,1597
0801910060,1632
0801910061,1687
0801910062,1545
0801910063,1237
0801910064,1613
0801910065,1557
0801910066,2082
0801910067,1944
0801910068,1564
0801910069,2105
0801910070,1651
0801910071,1811
0801910072,2042
0801910073,1537
0801910074,1694
0801910075,1472
0801910076,4927
0801910077,1846
0801910078,2173
0801910079,1788
0801910080,2422
0801910081,1837
0801910082,2011
0801910083,2061
0801910084,1642
0801910085,1993
0801910086,1906
0801910087,1734
0801910088,1588
0801910089,2074
0801910090,1371
0801910091,1983
0801910092,1529
0801910093,1100
0801910094,2631
0801910095,1255
0801910096,1590
0801910097,1535
0801910098,1891
0801910099,1088
0801910100,1595
0801910101,2038
0801910102,2573
0801910103,2193
0801910104,1707
0801910105,2219
0801910106,1025
0801910107,1513
0801910108,1376
0801910109,1526
0801910110,1606
0801910111,1315
0801910112,1589
0801910113,1173
0801910114,1350
0801910115,1440
0801910116,1854
0801910117,1300
0801910118,1001
0801910119,1137
0801910120,1408
0801910121,1543
0801910122,1542
0801910123,1403
0801910124,1131
0801910125,1113
0801910126,1112
0801910127,998
0801910128,1645
0801910129,1214
0801910130,1174
0801910131,1167
0801910132,1230
0801910133,1725
0801910134,1532
0801910135,1212
0801910136,1371
0801910137,1599
0801910138,1541
0801910139,1615
0801910140,1610
0801910141,1113
0801910142,1603
0801910143,1705
0802001001,2261
0802001002,1933
0802001003,2426
0802101001,78
0802201001,1569
0802201002,1332
0802201003,917
0802201004,2153
0802201005,1828
0802201006,845
0802202001,1116
0802202002,918
0802202003,1474
0802202004,1829
0802202005,1141
0802203001,537
0802204001,797
0802301001,1869
0802301002,1958
0802301003,2155
0802301004,1964
0802301005,908
0802401001,540
0802501001,1991
0802601001,263
0802701001,961
0802801001,1363
0802901001,2371
0802901002,2154
0803001001,3565
0803001002,3632
0803101001,712
0803101002,2763
0803201001,2738
0803301001,1607
0803301002,2527
0803301003,938
0803302001,2257
0803303001,1875
0803303002,957
0803303003,2311
0803303004,2623
0803303005,2061
0803401001,949
0803501001,1832
0803501002,1130
0803501003,2471
0803502001,979
0803502002,2294
0803503001,2687
0803503002,2528
0803503003,1993
0803503004,2393
0803601001,202
0803701001,2429
0803801001,1985
0803901001,521
0804001001,1994
0804001002,1860
0804001003,1335
0804001004,2436
0804001005,1320
0804001006,1286
0804001007,2615
0804001008,1277
0804101001,2214
0804101002,2107
0804101003,2411
0804101004,1846
0804101005,1664
0804101006,1909
0804101007,1776
0804101008,2027
0804201001,2863
0804301001,2355
0804301002,1990
0804401001,2311
0804402001,1274
0804402002,1699
0804501001,88
0804601001,1383
0804601002,1834
0804601003,1589
0804602001,2529
0804602002,1911
0804602003,1737
0804602004,3110
0804603001,3605
0804701001,1103
0804701002,1600
0804701003,971
0804702001,1247
0804801001,817
0804901001,1569
0805001001,171
0805101001,1125
0805101002,1404
0805101003,1776
0805101004,2052
0805101005,1616
0805101006,1629
0805101007,2373
0805101008,2024
0805101009,2319
0805101010,1422
0805101011,1091
0805101012,1018
0805101013,2076
0805101014,1515
0805201001,159
0805301001,1840
0805301002,1784
0805401001,2671
0805401002,1107
0805401003,2119
0805401004,2431
0805401005,2320
0805401006,1786
0805501001,718
0805601001,958
0805601002,2146
0805601003,3210
0805601004,2386
0805601005,1970
0805601006,2952
0805601007,3719
0805602001,1792
0805602002,1814
0805602003,1809
0805602004,2783
0805602005,1869
0805602006,1668
0805603001,1141
0805603002,2050
0805603003,2806
0805603004,2460
0805603005,1183
0805604001,3516
0805604002,2439
0805604003,2877
0805604004,3318
0805605001,3370
0805605002,3384
0805605003,3040
0805605004,2595
0805701001,75
0805801001,2237
0805901001,428
0806001001,177
0806101001,2022
0806201001,1241
0806301001,571
0806401001,2400
0806501001,1589
0806601001,1760
0806701001,1636
0806701002,1357
0806701003,1868
0806701004,2472
0806801001,2525
0806801002,2001
0806801003,1031
0806801004,2424
0806801005,830
0806901001,2431
0806901003,1996
0807001001,338
0807101001,323
0807201001,1295
0807201002,2544
0807201003,1719
0807201004,891
0807201005,1074
0807201006,1162
0807201007,1050
0807201008,1138
0807201009,742
0807201010,1460
0807201011,1162
0807301001,2361
0807301002,1753
0807301003,1572
0807301004,2139
0807301005,1250
0807301006,794
0807301007,1877
0807301008,1929
0807301009,997
0807301010,1348
0807301011,1136
0807301012,1068
0807301013,1444
0807301014,1320
0807302001,3161
0807302002,2542
0807303001,1165
0807303002,963
0807303003,923
0807303004,3922
0807303005,1683
0807303006,915
0807303007,1378
0807303008,1485
0807303009,873
0807304001,1328
0807304002,697
0807304003,1438
0807304004,1076
0807304005,764
0807304006,1237
0807304007,1132
0807304008,1558
0807304009,877
0807304010,1124
0807304011,1107
0807304012,1354
0807304013,1546
0807304014,1131
0807304015,1006
0807304016,1238
0807304017,1158
0807304018,831
0807304019,910
0807305001,812
0807305002,992
0807305003,1044
0807305004,893
0807305005,924
0807305006,1020
0807305007,1289
0807305008,1219
0807305009,914
0807305010,1166
0807306001,864
0807306002,1209
0807306003,654
0807306004,692
0807306005,836
0807306006,649
0807306007,965
0807306008,754
0807306009,1926
0807306010,924
0807306011,662
0807306012,847
0807306013,750
0807306014,959
0807306015,1047
0807306016,713
0807401001,934
0807401002,2733
0807401003,2497
0807401004,1824
0807401005,2525
0807401006,2345
0807401007,1623
0807501001,1491
0807501002,2514
0807501003,1132
0807601001,2749
0807601002,2091
0807601003,1779
0807601004,2513
0807601005,889
0807601006,1817
0807602001,2420
0807602002,1683
0807602003,1890
0807602004,2024
0807602005,1830
0807701001,2201
0807701002,1282
0807701003,1632
0807701004,1262
0807701005,1728
0807702001,1389
0807702002,1395
0807702003,1718
0807702004,1418
0807702005,1643
0807702006,1667
0807703001,1523
0807703002,2123
0807704001,781
0807705001,899
0807706001,832
0807707001,1249
0807708001,1899
0807708002,2147
0807709001,1572
0807709002,1828
0807710001,2005
0807710002,1407
0807710003,2207
0807710004,1502
0807710005,1397
0807710006,1675
0807710007,1587
0807710008,2165
0807801001,259
0807901001,407
0808001001,43
0808101001,482
0808201001,1512
0808301001,2259
0808401001,1429
0808501001,1353
0808601001,4437
0808601002,2364
0808601003,3122
0808601004,4484
0808601005,2859
0808602001,1904
0808701001,202
0808801001,2398
0808801002,1950
0808801003,2629
0808802001,2744
0808802002,2667
0808802003,2503
0808802004,871
0808901001,1823
0808901002,1555
0808901003,1796
0808901004,1768
0808901005,1374
0808901006,1104
0808901007,2302
0808901008,2904
0808902001,2066
0808902002,1110
0808902003,994
0808902004,1812
0808902005,1300
0808902006,1696
0808902007,957
0808902008,1676
0808902009,1733
0808902010,851
0808903001,1259
0808903002,1110
0808903003,2280
0808903004,1570
0808903005,2064
0808903006,1157
0808903007,1065
0808903008,2896
0808904001,2223
0808904002,1881
0809001001,163
0809101001,2272
0809101002,2359
0809102001,2563
0809201001,1699
0809202001,484
0809202002,1514
0809202003,1290
0809301001,25
0809401001,2073
0809501001,80
0809601001,2054
0809601003,1852
0809601004,2468
0809601005,1779
0809601006,1263
0809601009,2464
0809601010,1676
0809601011,1853
0809602001,2022
0809602002,1326
0809602003,641
0809602004,1914
0809602005,1734
0809602006,1726
0809602007,1430
0809603001,2114
0809603002,2039
0809603003,1475
0809603004,2043
0809603005,1740
0809603006,1377
0809603007,1028
0809603008,1435
0809603009,1139
0809603010,1399
0809604001,2286
0809604002,2246
0809604003,1088
0809604004,1832
0809604006,1107
0809604007,2404
0809604008,1242
0809604009,1772
0809604010,2354
0809604011,1608
0809701001,1429
0809801001,1803
0809801002,1327
0809901001,937
0810001001,2545
0810101001,1756
0810101002,1482
0810101003,755
0810101004,864
0810101005,1178
0810101006,1684
0810101007,1628
0810101008,1382
0810101009,1091
0810101010,1108
0810101011,842
0810101012,1491
0810101013,1608
0810101014,1450
0810101015,1228
0810101016,1396
0810101017,1875
0810101018,1639
0810101019,1218
0810101020,1700
0810101021,815
0810101022,840
0810101023,1264
0810101024,749
0810101025,1586
0810101026,984
0810101027,790
0810101028,990
0810101029,1166
0810101030,985
0810101031,1340
0810101032,2087
0810101033,818
0810101034,1362
0810101035,1417
0810101036,1176
0810101037,1412
0810101038,794
0810101039,841
0810101040,950
0810102001,1120
0810102002,1621
0810102004,1465
0810102005,968
0810102007,1792
0810102008,1709
0810102009,974
0810102010,831
0810102011,1325
0810102012,1370
0810102013,941
0810102014,2160
0810102016,1223
0810102017,1441
0810102020,1630
0810102021,1967
0810102023,1182
0810102024,1128
0810102026,1753
0810102028,2231
0810102029,1681
0810102031,1244
0810102032,1001
0810102033,950
0810102034,981
0810102036,1014
0810102037,1358
0810102038,896
0810102039,1083
0810102040,1597
0810102042,1056
0810102043,1543
0810102045,1063
0810102046,1129
0810102047,1359
0810102048,1186
0810102049,1082
0810103001,2676
0810103002,1306
0810103003,1489
0810103004,2457
0810103005,1599
0810103006,1551
0810103007,1342
0810103008,2028
0810103009,1043
0810103010,907
0810103011,1398
0810103012,1687
0810103013,1831
0810103014,2276
0810103015,1728
0810103016,2102
0810103017,1063
0810103018,768
0810103019,1678
0810103020,1484
0810103021,2211
0810103022,1317
0810103023,1788
0810103024,1069
0810103025,1807
0810103026,771
0810103027,1052
0810104001,1167
0810104002,843
0810104003,1178
0810104004,1363
0810104005,1799
0810104006,1333
0810104007,1008
0810104009,1820
0810104010,1645
0810104011,926
0810104012,1547
0810104014,1765
0810104016,1410
0810104018,1321
0810104019,1997
0810104020,1968
0810104021,1176
0810104022,1129
0810104023,986
0810104025,1022
0810104026,983
0810104027,1651
0810104030,1026
0810104031,1511
0810104032,1231
0810104033,1759
0810104035,1102
0810104036,1505
0810104037,1585
0810104040,960
0810104041,2062
0810105001,1035
0810105002,1539
0810105003,756
0810105004,1014
0810105005,1135
0810105006,1773
0810105007,820
0810105008,1411
0810105010,975
0810105011,2117
0810105013,1411
0810105014,1334
0810105017,2060
0810105018,1039
0810105020,851
0810105021,987
0810105023,1326
0810105024,1222
0810105025,998
0810105026,1733
0810105028,1171
0810105029,1224
0810105030,1596
0810105031,910
0810105032,1326
0810105033,1921
0810105034,934
0810105035,927
0810105037,1183
0810105038,1217
0810106001,2013
0810106002,1251
0810106005,1611
0810106006,1046
0810106007,1001
0810106008,1257
0810106009,797
0810106010,1145
0810106011,1787
0810106012,990
0810106013,1171
0810106014,926
0810106015,805
0810106016,2136
0810106017,897
0810106018,1165
0810106019,1222
0810106021,1411
0810106022,780
0810106023,1320
0810106024,1027
0810106025,1245
0810106026,889
0810106027,940
0810106030,795
0810106031,1025
0810106032,920
0810201001,1942
0810202001,704
0810202002,1277
0810202003,1689
0810203001,1314
0810203002,1987
0810203003,1259
0810203004,1950
0810203005,1020
0810203006,1951
0810203007,2234
0810203008,1394
0810203009,1629
0810203010,1596
0810204001,1024
0810204002,1038
0810204003,1116
0810204004,1143
0810204005,1652
0810205001,1560
0810205002,1612
0810205003,2011
0810205004,1486
0810205005,806
0810205006,862
0810205007,2495
0810301001,838
0810401001,906
0810501001,1647
0810501002,1709
0810501003,1514
0810501004,1477
0810501005,1574
0810501006,1269
0810501007,1379
0810501008,1181
0810501009,1680
0810601001,1523
0810601002,1913
0810602001,1973
0810602002,1265
0810602003,1548
0810602004,1314
0810701001,1984
0810701002,1385
0810701003,1289
0810701004,1793
0810701005,1568
0810701006,1091
0810701007,1507
0810701008,1408
0810701009,1279
0810701010,1392
0810801001,1878
0810801002,1788
0810801003,1555
0810801004,1133
0810901001,257
0811001001,1596
0811001002,2536
0811001003,2297
0811001004,1977
0811001005,1695
0811001006,2373
0811002001,1736
0811002002,2212
0811002003,1995
0811101001,266
0811201001,1985
0811201002,971
0811202001,1629
0811202002,1854
0811202003,1154
0811202004,1683
0811203001,1623
0811203002,2100
0811203003,2304
0811203004,2033
0811204001,974
0811204002,1969
0811301001,1098
0811301002,1085
0811302001,891
0811302002,1997
0811302003,1951
0811302004,2004
0811302005,2287
0811302006,796
0811302007,1434
0811302008,1036
0811302009,1907
0811302010,1728
0811302011,1717
0811302012,1449
0811302013,1550
0811302014,1072
0811303001,1255
0811303002,976
0811303004,1419
0811303005,2325
0811303006,1089
0811304001,2009
0811304003,949
0811304004,1881
0811304005,1584
0811304006,1803
0811304007,2210
0811304008,1500
0811304009,1510
0811304011,943
0811304012,627
0811304013,1571
0811304014,1793
0811304015,2427
0811305001,1150
0811305002,1654
0811305003,1545
0811305004,924
0811305005,2212
0811305006,1765
0811305007,512
0811305008,1098
0811305010,1413
0811305011,1744
0811305012,946
0811305013,979
0811305014,1853
0811305015,1149
0811305017,1628
0811305018,902
0811306001,971
0811306002,979
0811401001,1706
0811401002,1113
0811401003,1515
0811402003,3000
0811403002,1663
0811403004,1826
0811403005,2134
0811403006,2270
0811403007,1463
0811403008,2294
0811403010,670
0811404001,2408
0811404002,2109
0811404003,1641
0811404004,2083
0811501001,1758
0811501002,1529
0811501003,1496
0811601001,737
0811701001,2316
0811702001,870
0811801001,1841
0811801002,2059
0811801003,1244
0811801004,1782
0811801005,1884
0811801006,1831
0811801007,1465
0811801008,1387
0811801009,865
0811801010,1751
0811802001,1771
0811802002,1170
0811802003,1539
0811802004,2153
0811901001,5089
0811901002,3317
0812001001,2326
0812001002,2411
0812001003,2297
0812001004,1807
0812101001,923
0812101002,1546
0812101003,1298
0812101004,1361
0812101005,1582
0812101006,2788
0812101007,1774
0812101008,654
0812102001,2278
0812102002,1083
0812102003,1322
0812102004,1409
0812102005,2110
0812102006,2113
0812102007,1614
0812102008,1431
0812102009,1557
0812102010,1518
0812102011,1670
0812102012,1246
0812103001,1628
0812103002,1920
0812103003,1544
0812103004,2393
0812103005,1794
0812103006,1532
0812103007,1365
0812103008,1111
0812103009,2215
0812103010,711
0812103011,1636
0812103012,1686
0812103013,2919
0812103014,1186
0812104001,1130
0812104002,1382
0812104003,952
0812104004,2910
0812104005,2725
0812104006,1718
0812104007,1283
0812104008,1467
0812104009,2163
0812105001,2992
0812105002,1985
0812105003,1851
0812105004,1293
0812105005,973
0812105006,1561
0812105007,1727
0812105008,1554
0812105009,1183
0812105010,546
0812105011,1978
0812105012,1406
0812105013,2064
0812105014,1082
0812105015,1157
0812105016,1370
0812105017,1259
0812105018,712
0812105019,970
0812105020,1856
0812105021,897
0812106001,2348
0812106002,833
0812106003,1912
0812106004,1470
0812106005,1836
0812106006,1780
0812106007,1539
0812106008,1784
0812106009,1291
0812106010,2512
0812106011,3183
0812106012,1777
0812106013,952
0812201001,2311
0812301001,1148
0812301002,1885
0812301003,1664
0812302001,3094
0812302002,1628
0812302003,1939
0812302004,1822
0812303001,3500
0812303002,3444
0812303003,1761
0812303004,2217
0812304001,1050
0812401001,851
0812401002,1769
0812401003,1947
0812401004,2046
0812401005,1794
0812401006,2197
0812401007,1691
0812402001,2070
0812402002,1658
0812402003,2178
0812402004,1590
0812402005,1429
0812402006,1247
0812402007,2107
0812402008,1526
0812402009,1118
0812403001,2206
0812403002,1886
0812403003,1223
0812403004,1797
0812403005,1996
0812403006,1657
0812403007,2082
0812403008,901
0812403009,1054
0812403010,1376
0812403011,1898
0812403012,1974
0812403013,1659
0812403014,1464
0812403015,1328
0812501001,1082
0812501002,1536
0812501004,1795
0812501005,1497
0812502001,1929
0812502002,2319
0812502003,2205
0812503001,2250
0812503002,1209
0812503003,2249
0812503004,1864
0812503005,1928
0812503006,1006
0812504001,3260
0812505001,2284
0812505002,1394
0812505003,1429
0812506001,997
0812506002,942
0812506003,1219
0812601001,3498
0812601002,2978
0812601003,2903
0812601004,1936
0812701001,917
0812701002,2028
0812801001,695
0812901001,595
0813001001,117
0813101001,895
0813201001,476
0813301001,164
0813401001,1096
0813501001,2624
0813501002,1537
0813501003,2349
0813501004,1131
0813501005,1222
0813601001,1958
0813601002,1613
0813601003,2419
0813601004,1934
0813601005,2152
0813601006,1489
0813601007,997
0813602001,1317
0813602002,912
0813602003,1426
0813701001,332
0813801001,2285
0813801002,2279
0813801003,1196
0813901001,211
0814001001,1803
0814001002,2077
0814001003,2123
0814101001,1202
0814101002,731
0814101003,2364
0814101004,1539
0814102001,281
0814201001,150
0814301001,2285
0814301002,1339
0814401001,876
0814501001,2189
0814501002,1390
0814601001,803
0814601002,932
0814701001,2023
0814701002,2153
0814701003,1255
0814701004,2045
0814701005,2713
0814701006,2697
0814701007,1903
0814701008,2299
0814701009,1801
0814701010,2249
0814701011,2405
0814801001,1686
0814801002,1923
0814901001,1186
0815001001,303
0815101001,557
0815201001,131
0815301001,690
0815401001,892
0815501001,2708
0815501002,1358
0815501003,2057
0815501004,1784
0815501005,1158
0815601001,1532
0815601002,2528
0815601003,1847
0815601004,2442
0815601005,1077
0815601006,2025
0815601007,1438
0815601008,1565
0815701001,2438
0815701002,2432
0815701003,2009
0815701004,1832
0815701005,2542
0815801001,2236
0815801002,1787
0815901001,1665
0815901002,2214
0815901003,1307
0815901004,1219
0815902001,1267
0815902002,1160
0815902003,2404
0815902004,1623
0815902005,1232
0815902006,2521
0815902007,2121
0816001001,407
0816101001,1105
0816101002,3114
0816101003,2371
0816101004,1859
0816101005,2876
0816101006,1329
0816101007,846
0816101008,1500
0816201001,2942
0816301001,2162
0816301002,2155
0816301003,1569
0816301004,2796
0816301005,1440
0816301006,1594
0816301007,2198
0816301008,1516
0816301009,1923
0816301010,1477
0816301011,1468
0816301012,1773
0816301013,1915
0816301014,1962
0816401001,1223
0816501001,2186
0816601001,327
0816601002,828
0816701001,2809
0816701002,1616
0816701003,1870
0816701004,1943
0816801001,477
0816901001,1789
0816901002,1753
0816901003,1230
0816901004,1779
0816901005,1602
0816902001,1670
0816902002,1968
0816902003,1237
0816902004,1845
0816902005,1719
0816902006,2125
0816902007,1948
0816903001,1447
0816903002,1121
0816903003,1630
0816903004,1611
0816903005,2067
0816903006,1414
0816903007,1881
0816903008,2160
0816903009,2177
0816903010,1876
0816903011,1222
0816903012,741
0816903013,843
0816904001,894
0816904002,1973
0816904003,1356
0816904004,1207
0816904005,1326
0816904006,1347
0816905001,1278
0816905002,1280
0816905003,1337
0816905004,1701
0816905005,1744
0816905006,1948
0816905007,1948
0816905008,2063
0816905009,609
0817001001,537
0817101001,1259
0817101002,1365
0817201001,2389
0817201002,2156
0817201003,2497
0817202001,1966
0817202002,2368
0817202003,1724
0817202004,1923
0817203001,1655
0817203002,1659
0817203003,1326
0817203004,1755
0817203005,1416
0817203006,1402
0817203007,1427
0817203008,1146
0817203009,1354
0817401001,532
0817501001,2183
0817501002,1434
0817502001,590
0817601001,198
0817701001,57
0817801001,528
0817901001,726
0818001001,2010
0818001002,1907
0818001003,1656
0818001004,1788
0818001005,2152
0818001006,1593
0818001007,2437
0818001008,2779
0818001009,1532
0818001010,1295
0818001011,2231
0818001012,1576
0818001013,2213
0818002001,1630
0818002002,2018
0818002003,2288
0818002004,1753
0818002005,1260
0818002006,1698
0818002007,1417
0818101001,1491
0818101002,1063
0818101003,2692
0818101004,2073
0818101005,3199
0818201001,3780
0818301001,1899
0818301002,1604
0818301003,1490
0818302001,1131
0818401001,1582
0818401002,1815
0818401003,1525
0818401004,1524
0818402001,2316
0818402003,2051
0818402004,2220
0818402005,1130
0818402006,2081
0818403001,1813
0818403003,2043
0818403004,2140
0818403005,1997
0818403006,1982
0818403007,1759
0818403008,1361
0818403009,2277
0818404001,1578
0818404002,1296
0818404003,1694
0818404004,2266
0818404005,1554
0818404006,1637
0818404007,1598
0818404008,1267
0818404009,1720
0818404010,2654
0818404011,2373
0818404012,1688
0818404013,2309
0818404014,1885
0818404015,1529
0818404016,2584
0818404018,1300
0818404019,1356
0818404020,1234
0818404021,1856
0818404022,1960
0818404023,1146
0818404024,1142
0818404025,1006
0818404026,2105
0818501001,228
0818701001,627
0818701002,1056
0818701003,1020
0818701004,2264
0818701005,1490
0818701006,2644
0818701007,2118
0818701008,2348
0818701009,2638
0818701010,1201
0818701011,1248
0818701012,1062
0818701013,1054
0818701014,1803
0818701015,1510
0818701016,2015
0818701017,2289
0818701018,1885
0818701019,1894
0818701020,1583
0818701021,1166
0818701022,981
0818701023,1938
0818701024,1627
0818701025,1441
0818701026,806
0818701027,1076
0818701028,1443
0818701029,1234
0818701030,1100
0818701031,1047
0818701032,1162
0818701033,1271
0818701034,1556
0818701035,1001
0818702001,1499
0818702002,1344
0818702003,1371
0818702004,1854
0818702005,1660
0818702006,1772
0818702007,1691
0818702008,844
0818702009,1211
0818702010,890
0818702011,1063
0818702012,1859
0818702013,1487
0818702014,2002
0818702015,1421
0818702016,1411
0818702017,938
0818703001,1540
0818703002,1349
0818703003,1691
0818703004,1709
0818703005,992
0818703006,1451
0818703007,858
0818703008,1299
0818703009,963
0818703010,828
0818703011,1294
0818703012,1144
0818703013,1157
0818703014,1703
0818703015,1389
0818703016,1473
0818703017,1022
0818703018,2898
0818703019,879
0818703020,1320
0818703021,1271
0818703022,799
0818703023,645
0818703024,1382
0818703025,1294
0818703026,1507
0818703027,747
0818704001,1909
0818704002,1246
0818704003,1015
0818704004,1633
0818704005,1556
0818704006,1699
0818704007,1127
0818704008,1458
0818704009,1112
0818704010,1697
0818704011,1001
0818704012,1098
0818704013,1806
0818704014,1215
0818704015,935
0818704016,2060
0818704017,1948
0818704018,761
0818704019,1403
0818704020,880
0818704021,1178
0818704022,938
0818704023,1183
0818704024,1011
0818704025,1258
0818704026,1092
0818704027,1635
0818704028,1300
0818704029,1288
0818705001,1534
0818705002,1831
0818705003,1512
0818705004,884
0818705005,1320
0818705006,1064
0818705007,1148
0818705008,1199
0818705009,1548
0818705011,1244
0818705012,1254
0818705013,2280
0818705014,1140
0818705015,1446
0818706001,872
0818706002,947
0818706003,972
0818706004,1383
0818706005,1079
0818706006,1167
0818706007,1037
0818706008,1473
0818706009,1986
0818706010,906
0818706011,900
0818706012,1112
0818706013,996
0818706014,1946
0818706016,1765
0818706017,1630
0818706018,1884
0818706020,1400
0818706021,1126
0818706022,1797
0818706023,1929
0818706024,1049
0818707001,1039
0818707002,1578
0818707003,1036
0818707004,820
0818707005,1041
0818707006,685
0818707007,1353
0818707008,1171
0818801001,149
0818901001,162
0819001001,283
0819101001,667
0819101002,631
0819101003,1323
0819101004,1342
0819101005,1381
0819101006,899
0819102001,537
0819201001,1410
0819201002,2508
0819201003,2525
0819201004,941
0819301001,1304
0819401001,1429
0819401002,1655
0819401003,1997
0819401004,1758
0819401005,2039
0819401006,1281
0819402001,1723
0819402002,1848
0819402003,1640
0819402004,1799
0819402005,1994
0819403001,593
0819404001,707
0819405001,1487
0819405002,1561
0819405003,942
0819405004,1317
0819406001,473
0819406002,1455
0819406003,802
0819406004,1958
0819406005,1309
0819406006,1531
0819406007,2088
0819501001,91
0819601001,2056
0819601002,2058
0819601003,1616
0819601004,1811
0819601005,1692
0819601006,1779
0819601007,1802
0819601008,1457
0819601009,2571
0819601010,2452
0819601011,2185
0819601012,1881
0819601013,1143
0819601014,2765
0819701001,2041
0819701002,2177
0819701003,1703
0819702001,1836
0819702002,1676
0819702003,1157
0819801001,1594
0819801002,1355
0819801003,1214
0819801004,1545
0819901001,875
0820001001,1086
0820001002,1569
0820001003,1081
0820001004,1785
0820001005,2093
0820001006,931
0820001007,1061
0820002001,2701
0820002002,1992
0820002003,2056
0820002004,1308
0820002005,1398
0820002006,1616
0820002007,1128
0820002008,1477
0820002009,1687
0820002010,2195
0820002011,1668
0820002012,2467
0820002013,1478
0820002014,1860
0820002015,1820
0820002016,1446
0820002017,1577
0820002018,1479
0820002019,857
0820003001,1737
0820003002,1921
0820003003,2048
0820003004,1021
0820003005,2317
0820003006,1436
0820003007,2160
0820003008,765
0820003009,1273
0820004001,2137
0820004002,2048
0820004003,1288
0820004004,1396
0820004005,1922
0820004006,2123
0820004007,2004
0820004008,1898
0820004009,1178
0820005001,1710
0820005002,1635
0820005003,1682
0820006001,2505
0820006002,1835
0820006003,1252
0820101001,556
0820201001,1956
0820201002,2591
0820201003,2863
0820201004,940
0820201005,2480
0820201006,1590
0820201007,1684
0820201008,1125
0820202001,2022
0820301001,1815
0820301002,1513
0820401001,2041
0820401002,1897
0820501001,1898
0820501002,1658
0820501003,1241
0820501004,2013
0820501005,1822
0820501006,2383
0820501007,1034
0820501008,2499
0820501009,1684
0820501010,1655
0820501011,1860
0820501012,2457
0820501013,1601
0820501014,1035
0820501015,2466
0820501016,1238
0820501017,2160
0820501018,1513
0820501019,1189
0820501020,1531
0820501021,1052
0820501022,1440
0820501023,1652
0820502001,1573
0820502002,1974
0820502003,1630
0820502004,1356
0820502005,1548
0820502006,1701
0820502007,1582
0820502008,1950
0820502009,1954
0820502010,1949
0820502011,1477
0820502012,1653
0820503001,1768
0820503002,2196
0820503003,2071
0820503004,2012
0820504001,1353
0820504002,1405
0820504003,1747
0820505001,1957
0820505002,1456
0820505003,2009
0820505004,2198
0820505005,1393
0820505006,1588
0820505007,2029
0820505008,1217
0820506001,1291
0820601001,972
0820701001,2532
0820801001,2775
0820801002,2446
0820801003,1164
0820801004,1157
0820901001,2021
0820901002,1785
0820901003,2358
0820901004,2502
0821001001,1494
0821001002,1786
0821002001,1488
0821002002,1132
0821101001,1630
0821101002,1198
0821101003,1355
0821101004,2049
0821102001,1894
0821102002,690
0821102003,1471
0821102004,681
0821102005,1409
0821102006,1900
0821102007,1595
0821102008,1614
0821103001,1674
0821103002,1409
0821103003,1721
0821103004,1900
0821103005,1676
0821104001,1553
0821104002,1239
0821104003,971
0821104004,1551
0821105001,1038
0821105002,929
0821106001,1835
0821106002,772
0821106003,885
0821106004,1462
0821107001,2143
0821107002,2173
0821107003,1298
0821201001,626
0821301001,2538
0821301002,2849
0821301003,1918
0821301004,938
0821401001,1326
0821401002,1006
0821401003,1516
0821401004,1392
0821402001,2257
0821402002,1385
0821501001,1122
0821501002,1162
0821501003,1162
0821601001,24
0821701001,1050
0821701002,1135
0821701003,1944
0821701004,2591
0821701005,1833
0821701006,1031
0821701007,1332
0821701008,1564
0821701009,1499
0821701010,2052
0821702002,2246
0821702003,713
0821702004,1307
0821703001,1305
0821703002,1380
0821703003,861
0821703004,1592
0821703005,1150
0821704001,2730
0821705001,2604
0821705002,1062
0821801001,2225
0821801002,2167
0821801003,2207
0821801005,1772
0821801006,2362
0821901001,1010
0821901002,1872
0821901003,2102
0821901004,1922
0821901005,1279
0821901006,1309
0821902001,1182
0821902002,1186
0821902003,1288
0821902004,1275
0821902005,1217
0821903001,1370
0821903002,1100
0821903003,1138
0821903004,935
0822001001,1680
0822001002,1443
0822101001,2014
0822101002,803
0822101003,2362
0822101004,1692
0822101005,2040
0822101006,2562
0822101007,1873
0822101008,1333
0822101009,1710
0822201001,2517
0822301001,2361
0822401001,1093
0822501001,106
0822601001,1175
0822701001,1992
0822701002,1138
0822801001,395
0822901001,644
0823001001,2488
0823001002,1840
0823001003,1567
0823001004,1789
0823001005,1008
0823001006,1619
0823101001,1613
0823101002,1466
0823101003,1947
0823101004,1974
0823101005,2238
0823101006,1787
0823101007,2010
0823101008,1364
0823101009,2396
0823101010,1627
0823101011,1245
0823101012,1303
0823101013,1609
0823101014,1248
0823101015,2002
0823101016,1698
0823101017,1812
0823201001,2364
0823301001,1013
0823301002,1423
0823401001,4248
0823501001,2799
0823501002,2198
0823601001,2101
0823701001,1362
0823701002,786
0823801001,1577
0823801002,1228
0823801003,2189
0823801004,1795
0823801005,2184
0823801006,1732
0823801007,1754
0823801008,2031
0823801009,1089
0823801010,1355
0823801011,1453
0823801012,1162
0823901001,644
0824001001,1246
0824001002,1991
0824001003,1262
0824001004,1096
0824002001,1159
0824002002,2034
0824002003,1433
0824002004,2369
0824101001,86
0824201001,297
0824301001,173
0824401001,2146
0824401002,767
0824401003,2664
0824401004,1720
0824401005,741
0824501001,1007
0824501002,928
0824501003,1390
0824501004,937
0824501005,963
0824501006,919
0824501007,812
0824501008,786
0824501009,1396
0824501010,1655
0824501011,1119
0824501012,866
0824501013,1911
0824501014,1085
0824501015,912
0824501016,922
0824501017,1550
0824501018,1320
0824501019,1334
0824502001,998
0824502002,1541
0824502003,1706
0824502004,1362
0824502005,1341
0824502006,1361
0824502007,2095
0824502008,1478
0824502009,1205
0824502010,796
0824502011,1379
0824503001,852
0824503002,783
0824503003,862
0824503004,1046
0824503005,1270
0824503006,1135
0824503007,1720
0824503008,866
0824503009,1605
0824503010,693
0824503011,1164
0824503012,1636
0824503013,1678
0824503014,1267
0824503015,1354
0824503016,905
0824503017,737
0824504001,1102
0824504002,1230
0824504003,1667
0824504004,1549
0824504005,1073
0824504006,1348
0824504007,1554
0824504008,1728
0824504009,1569
0824504010,1260
0824504011,1143
0824504012,1021
0824504013,1080
0824504014,1864
0824504015,1397
0824504016,1529
0824505001,981
0824505002,1399
0824505003,1095
0824505004,822
0824505005,1180
0824505006,1216
0824505007,1082
0824505008,969
0824505009,1242
0824505010,986
0824505011,1605
0824505012,1557
0824505013,1448
0824505014,1560
0824505015,1612
0824505016,1173
0824505017,931
0824505018,1339
0824505019,1245
0824506001,677
0824506002,1085
0824506003,1007
0824506004,875
0824506005,1187
0824506006,983
0824506007,800
0824506008,1428
0824506009,635
0824506010,1112
0824506011,1117
0824506012,1047
0824506013,481
0824506014,1500
0824506015,777
0824506016,751
0824506017,1073
0824601001,2233
0824701001,1259
0824801001,3551
0824801002,3563
0824901001,379
0825001001,858
0825001002,2106
0825001003,1210
0825001004,866
0825001005,2565
0825001006,1210
0825001007,826
0825101001,1198
0825101002,1594
0825101003,2637
0825101004,1908
0825201001,2589
0825201002,1160
0825201003,1454
0825201004,1495
0825201005,1490
0825201006,1086
0825201007,900
0825201008,1262
0825201009,842
0825201010,1346
0825201011,1590
0825201018,1013
0825201019,1460
0825201020,1090
0825201021,1312
0825201022,2078
0825201023,767
0825201024,965
0825201025,1112
0825201026,2276
0825201027,1941
0825201028,1719
0825201029,1603
0825301001,162
0825401001,2188
0825501001,177
0825601001,851
0825701001,140
0825801001,1065
0825901001,2995
0825901002,2258
0825901003,2256
0825901004,1629
0826001001,1716
0826001002,2734
0826001003,2210
0826001004,2149
0826001005,1586
0826001006,971
0826001007,1287
0826001008,1713
0826001009,2364
0826001010,1020
0826001011,1192
0826001012,2220
0826001013,3165
0826001014,1082
0826101001,1788
0826101002,1505
0826201001,1719
0826201002,1689
0826201003,1985
0826202001,2545
0826202002,1388
0826301001,812
0826301002,1878
0826301003,1405
0826301004,1905
0826301005,1623
0826301006,886
0826301007,1790
0826301008,1054
0826301009,727
0826301010,1212
0826301011,1430
0826301012,862
0826302001,763
0826302002,2084
0826302003,1399
0826303001,1926
0826303002,1858
0826304001,1736
0826304002,1674
0826304003,1079
0826401001,2253
0826401002,1359
0826401003,1042
0826401004,1353
0826501001,1975
0826601001,2458
0826601002,2160
0826601003,1605
0826601004,1662
0826601005,1032
0826601006,1769
0826601007,786
0826601008,1697
0826601009,1736
0826601010,2216
0826601011,1583
0826601012,2449
0826601013,1079
0826601014,1965
0826601015,1885
0826601016,1638
0826601017,2194
0826601018,2568
0826601019,2184
0826601020,2697
0826601027,1828
0826601028,1719
0826601029,1952
0826601030,2491
0826601031,1132
0826601032,837
0826601033,1452
0826601034,1872
0826601035,2207
0826601036,1548
0826601037,1337
0826601038,1664
0826701001,1523
0826701002,1978
0826701003,1636
0826701004,2142
0826701005,1366
0826801001,583
0826801002,663
0826901001,2230
0826901002,1258
0827001001,1542
0827001002,1869
0827001003,3560
0827001004,2464
0827002001,2271
0827002002,3191
0827002003,1822
0827002004,1767
0827002005,1320
0827002006,1721
0827002007,1049
0827002008,966
0827002009,2506
0827002010,2123
0827101001,83
0827201001,175
0827301001,783
0827301002,1414
0827301003,832
0827401001,1986
0827401002,1040
0827401004,1826
0827401005,1147
0827501001,317
0827601001,322
0827701001,141
0827801001,1687
0827801002,1614
0827801003,1169
0827801004,1749
0827901001,1277
0827901002,1422
0827901004,2029
0827901005,1305
0827901006,1566
0827901007,1774
0827901008,2480
0827901009,1326
0827901010,1290
0827901011,1306
0827901012,1494
0827901013,955
0827901014,2156
0827901015,1322
0827901016,2332
0827901017,2104
0827901018,609
0827901019,1511
0827901020,1384
0827901021,1499
0827901022,1901
0827901023,1349
0827901024,829
0827902001,1815
0827902002,1783
0827902003,1151
0827902004,1607
0827902005,1363
0827902006,1120
0827902007,699
0827902008,1260
0827902009,977
0827902010,751
0827902011,1241
0827902012,1656
0827902014,1994
0827902015,863
0827902016,1911
0827902017,1529
0827903001,1802
0827903002,1539
0827903003,1676
0827903004,1310
0827903005,2064
0827903006,2009
0827903007,2169
0827903008,1467
0827903009,2651
0827903010,2008
0827903011,1790
0827903012,2161
0827903013,573
0827903014,1762
0827903015,1274
0827903016,1180
0827903017,1297
0827903018,1142
0827903019,1562
0827903020,1683
0827904001,1409
0827904002,1458
0827904003,1692
0827904004,1456
0827904005,1745
0827904006,1992
0827904007,2563
0827904008,1265
0827904009,1115
0827904010,964
0827904011,906
0827904012,1305
0827904013,1601
0827904014,1310
0827904015,1164
0827904016,1219
0827904017,1450
0827904018,2092
0827904019,1273
0827904020,904
0827904021,1127
0827904022,2321
0827904023,2232
0827904024,2073
0827904025,1213
0827904026,1374
0827905001,1998
0827905002,1323
0827905003,1911
0827905004,1609
0827905005,1006
0827905006,1941
0827905007,1174
0827905008,1859
0827905009,1738
0827905010,2012
0827905011,1893
0827905012,786
0827905013,1419
0827905014,2287
0827905015,2132
0827905016,2496
0827905017,1864
0827905018,1212
0827905019,1323
0827905020,1554
0827905021,1814
0827905022,699
0827905023,1641
0827905024,1545
0827905025,1170
0827905026,1250
0827905027,1264
0827905028,1241
0827905029,1227
0827906001,1155
0827906002,1810
0827906003,2162
0827906004,1498
0827906005,1547
0827906006,1580
0827906008,2225
0827906009,1261
0827906010,2115
0827906011,1659
0827906012,1308
0827906013,928
0827906014,1265
0827906016,1792
0827906018,640
0827906019,639
0827906020,614
0827906021,1123
0827906023,1333
0827906024,2425
0827906025,1992
0827906026,1694
0827906027,1348
0827906028,1567
0827906029,1098
0827906030,805
0827906031,963
0827906032,812
0827906033,1489
0828001001,125
0828101001,2171
0828101002,2180
0828101003,1790
0828201001,2367
0828201002,2127
0828201003,1128
0828201004,1664
0828201005,1028
0828301001,2351
0828301002,1690
0828301003,2277
0828301004,1694
0828401001,2211
0828401002,1682
0828401003,2021
0828401004,2293
0828402001,2740
0828402002,2859
0828402003,2539
0828501001,1019
0828501002,2223
0828501004,2058
0828502001,1861
0828502002,1350
0828503001,1848
0828503002,1487
0828503003,2103
0828601001,2273
0828601002,1546
0828701001,1393
0828801001,2308
0828901001,1360
0828901002,1431
0828901003,1958
0828901004,1102
0829001001,2056
0829101001,1450
0829101002,1994
0829101003,1706
0829101004,1068
0829201001,1424
0829301001,258
0829401001,2699
0829501001,2656
0829501002,2459
0829501003,1707
0829501004,1012
0829501005,1129
0829501006,1782
0829501007,2651
0829501008,1216
0829601001,2519
0829701001,176
0829801001,2170
0829802001,1126
0829802002,2177
0829802003,2143
0829802004,1985
0829802005,2031
0829802006,2054
0829803001,1110
0829803003,2331
0829803004,973
0829803005,2879
0829803006,1632
0829803007,2967
0829803008,2306
0829803009,752
0829803010,914
0829803011,1548
0829803012,2090
0829804001,2407
0829804002,2653
0829804003,1196
0829804004,1786
0829805001,726
0829901001,443
0830001001,1920
0830001002,1417
0830001003,1277
0830001004,1094
0830001005,1005
0830001006,682
0830101001,1460
0830101002,2584
0830101003,2631
0830101004,1745
0830101005,796
0830101006,1601
0830101007,1268
0830101008,1289
0830101009,1250
0830101010,1273
0830101011,1550
0830101012,1015
0830101013,1268
0830101014,2231
0830101015,731
0830101016,1571
0830102001,1392
0830102002,1606
0830102003,2040
0830102004,1104
0830102005,1019
0830102006,1402
0830102007,1402
0830102008,1320
0830102009,1487
0830102010,1553
0830102011,1123
0830102012,1377
0830102013,1495
0830102014,1014
0830102015,1922
0830102016,1812
0830102017,1795
0830102018,916
0830102019,759
0830102020,1593
0830102021,1212
0830102022,1676
0830102023,1116
0830102024,939
0830102025,1856
0830102026,1518
0830102027,1024
0830102028,1306
0830102029,2317
0830201001,1808
0830201002,1956
0830201003,1887
0830201004,1798
0830201005,2185
0830201006,1154
0830201007,1718
0830301001,314
0830401001,1090
0830501001,1632
0830501002,2587
0830501003,1020
0830502001,2095
0830502002,1703
0830502003,1561
0830502004,1877
0830502005,2118
0830502006,2438
0830503001,1673
0830503002,1117
0830503003,2747
0830503004,1559
0830504001,1842
0830504002,1970
0830504003,1566
0830504004,1493
0830504005,1658
0830504006,1312
0830504007,1239
0830504008,2240
0830504009,1774
0830601001,706
0830701001,2270
0830701002,1129
0830701003,2073
0830701004,961
0830701005,926
0830701006,1755
0830701007,1947
0830701008,2421
0830701009,1820
0830701010,1307
0830701011,1648
0830702001,3200
0830702002,2253
0830702003,1683
0830702004,2143
0830702005,543
0830702006,1627
0830702007,2559
0830703001,819
0830703002,1269
0830703003,1219
0830703004,2749
0830703005,1540
0830704001,1161
0830704002,805
0830704003,881
0830704004,1772
0830704005,1916
0830704006,1876
0830704007,3709
0830704008,1099
0830704009,1091
0830704010,1937
0830704011,1745
0830704012,1534
0830704013,1449
0830704014,1889
0830704015,1805
0830704016,1411
0830801001,174
0890101001,300
0890201001,2488
0890201002,2762
0890301001,239
0890401001,1079
0890401002,915
0890401003,1255
0890401004,1191
0890401005,1261
0890401006,1373
0890401007,1078
0890401008,1154
0890401009,1078
0890401010,874
0890401011,1162
0890401012,1133
0890501001,1571
0890501002,1431
0900101001,29
0900301001,230
0900601001,63
0900701001,69
0900901001,223
0901001001,33
0901101001,76
0901201001,111
0901301001,49
0901401001,157
0901601001,101
0901701001,117
0901801001,2693
0901801002,1612
0901801003,1604
0901801004,1526
0901801005,2271
0901801006,1562
0901801007,2633
0901802001,1343
0901802002,2214
0901802003,1433
0901802004,1396
0901802005,1319
0901803001,1492
0901803002,1155
0901803003,917
0901803004,2077
0901803005,2252
0901803006,1596
0901803007,866
0901803008,1104
0901901001,179
0902001001,367
0902101001,62
0902201001,82
0902301001,1525
0902401001,179
0902501001,153
0902601001,442
0902701001,47
0902901001,195
0903001001,135
0903201001,118
0903301001,94
0903401001,329
0903501001,373
0903601001,31
0903701001,108
0903801001,145
0903901001,75
0904101001,32
0904301001,204
0904401001,49
0904501001,303
0904601001,36
0904701001,77
0904801001,1380
0904801002,630
0905001001,76
0905101001,179
0905201001,34
0905401001,106
0905501001,74
0905601001,2284
0905601002,1483
0905601003,1335
0905601004,2174
0905701001,181
0905801001,511
0905901001,712
0905901002,822
0905902001,789
0905902002,660
0905902003,942
0905902004,713
0905902005,1378
0905903001,727
0905903002,1082
0905903003,1388
0905903004,792
0905903005,2108
0905903006,1994
0905903007,1283
0905903008,1440
0905903009,2111
0905903010,2080
0905903011,1009
0905904001,1346
0905904002,781
0905904003,841
0905904004,798
0905905001,1409
0905905002,1112
0905905003,945
0905905004,1096
0905905005,958
0905905006,756
0905905007,952
0905905008,766
0905905009,1282
0905905010,1342
0905905011,1231
0905905012,985
0905905013,1101
0905905014,941
0905905015,1479
0905905016,1292
0905905017,852
0905905018,813
0905905019,870
0905905020,1142
0905905021,938
0905905022,1197
0905905023,977
0905905024,1713
0905905025,1411
0905905026,1007
0905905027,918
0905905028,855
0905905029,814
0905905030,842
0905905031,918
0905905032,1446
0905905033,2314
0905905034,707
0905905035,1343
0905905036,568
0905905037,905
0905905038,2179
0905905039,863
0905905040,1661
0905905041,1275
0905905042,2259
0905905043,1411
0905905044,1084
0905905045,1489
0905905046,1128
0905905047,1869
0905905048,1052
0905905049,1026
0905905050,1101
0905906001,750
0905906002,730
0905906003,803
0905906004,1290
0905906005,1363
0905906006,1318
0905906007,1916
0905906008,983
0905906009,773
0905906010,739
0905906011,772
0905906012,1327
0905907001,886
0905907002,1126
0905907003,1553
0905907004,1115
0905907005,852
0905907006,1288
0905907007,1426
0905907008,1550
0905907009,1002
0905907010,1869
0905908001,745
0905908002,1365
0905908003,2062
0905908004,1326
0905908005,2636
0905908006,1431
0905908007,1004
0905908008,2002
0905908009,860
0905908010,1397
0905908011,1580
0905909001,1036
0905909002,954
0905909003,1237
0905909004,709
0905909005,1261
0905909006,880
0905909007,2051
0905909008,1037
0905909009,916
0905909010,855
0905909011,1047
0905909012,1832
0905909013,932
0905909014,929
0905909015,1084
0905909016,1977
0905909017,795
0905909018,649
0905909019,1020
0905909020,609
0905909021,1229
0905909022,1221
0905909023,1631
0905909024,1228
0905909025,955
0905909026,1349
0905909027,1198
0905909028,1014
0905909029,1080
0905909030,960
0905909031,1054
0905909032,769
0905909033,844
0905909034,933
0905909035,1758
0905909036,914
0905909037,1110
0905909038,1040
0905909039,1113
0905909040,1346
0905909041,2078
0905909042,1259
0905909043,2277
0905909044,1377
0906001001,175
0906101001,182
0906201001,48
0906301001,259
0906401001,490
0906501001,176
0906601001,62
0906701001,543
0906801001,32
0907001001,37
0907101001,49
0907201001,380
0907301001,1269
0907401001,1011
0907501001,137
0907601001,23
0907701001,33
0907801001,40
0907901001,50
0908201001,43
0908301001,35
0908401001,206
0908501001,638
0908601001,846
0908801001,66
0909001001,58
0909101001,853
0909301001,186
0909401001,45
0909501001,105
0909801001,605
0910001001,57
0910101001,85
0910201001,41
0910301001,255
0910401001,62
0910501001,104
0910801001,478
0910901001,1398
0911001001,82
0911201001,126
0911301001,601
0911401001,99
0911501001,96
0911701001,102
0911901001,53
0912001001,46
0912201001,101
0912301001,36
0912401001,1840
0912501001,687
0912701001,56
0912801001,98
0912901001,134
0913001001,86
0913101001,626
0913201001,190
0913301001,49
0913401001,272
0913501001,46
0913601001,239
0913701001,219
0913801001,102
0913901001,101
0914001001,146
0914101001,767
0914301001,28
0914401001,60
0914801001,110
0914901001,40
0915101001,589
0915201001,316
0915401001,164
0915501001,26
0915901001,68
0916001001,111
0916201001,148
0916301001,697
0916401001,213
0916601001,107
0916701001,60
0916801001,378
0916901001,101
0917001001,217
0917201001,126
0917301001,127
0917401001,1028
0917501001,131
0917601001,68
0917701001,1426
0917801001,55
0917901001,43
0918001001,135
0918101001,354
0918201001,84
0918301001,52
0918401001,4
0918901001,138
0919001001,97
0919101001,40
0919201001,53
0919401001,1499
0919401002,1246
0919501001,69
0919601001,169
0919701001,176
0919801001,121
0919901001,97
0920001001,50
0920101001,33
0920201001,21
0920601001,63
0920801001,279
0920901001,1623
0920901002,640
0920901003,697
0920901004,1903
0920901005,1070
0921101001,1783
0921301001,378
0921401001,822
0921501001,426
0921601001,445
0921701001,400
0921801001,472
0921901001,642
0921901002,777
0921902001,886
0921902002,1187
0921902003,832
0921902004,865
0921902005,1066
0921902006,1454
0921902007,1558
0921903001,1011
0921903002,1253
0921903003,912
0921903004,1202
0921903005,885
0921903006,1144
0921903007,1413
0921903008,1491
0921903009,1215
0921903010,1652
0921903011,1689
0921903012,1712
0921903013,2023
0921903014,1014
0921903015,821
0921903016,1539
0921903017,1447
0921903018,996
0921904001,547
0921904002,1526
0921904003,1965
0922001001,86
0922101001,583
0922301001,47
0922401001,185
0922501001,93
0922601001,61
0922701001,164
0922801001,193
0922901001,220
0923001001,35
0923101001,71
0923201001,175
0923501001,204
0923601001,38
0923801001,1109
0923901001,63
0924101001,246
0924201001,89
0924301001,80
0924401001,51
0924601001,752
0924701001,31
0924801001,76
0924901001,60
0925001001,348
0925101001,480
0925301001,134
0925501001,86
0925601001,451
0925701001,105
0925801001,161
0925901001,257
0926101001,572
0926201001,165
0926501001,38
0926601001,95
0926701001,133
0926801001,119
0926901001,38
0927001001,182
0927201001,336
0927301001,61
0927401001,1315
0927501001,204
0927601001,531
0927701001,134
0927901001,272
0928001001,32
0928101001,166
0928301001,56
0928701001,277
0928801001,111
0928901001,757
0928901002,1182
0929201001,102
0929401001,137
0929501001,61
0929701001,389
0929801001,96
0930101001,793
0930201001,122
0930301001,93
0930401001,214
0930601001,124
0930701001,125
0930801001,72
0930901001,371
0931001001,11
0931101001,65
0931201001,118
0931401001,103
0931501001,499
0931601001,84
0931701001,15
0931801001,57
0932101001,1512
0932101002,931
0932301001,70
0932501001,216
0932601001,176
0932701001,33
0932801001,74
0932901001,144
0933001001,2140
0933201001,178
0933401001,51
0933501001,85
0933701001,149
0933801001,287
0933901001,143
0934001001,79
0934301001,101
0934501001,163
0934601001,100
0934701001,158
0934801001,159
0935001001,618
0935101001,64
0935201001,121
0935301001,98
0935401001,34
0935501001,106
0935601001,56
0935801001,302
0936001001,31
0936101001,134
0936201001,260
0936301001,1093
0936501001,35
0936601001,89
0936801001,25
0936901001,537
0937201001,283
0937301001,500
0937401001,107
0937501001,42
0937701001,802
0937801001,34
0938001001,92
0938101001,39
0938201001,29
0938401001,353
0938601001,77
0938701001,134
0938801001,34
0938901001,63
0939001001,696
0939101001,506
0939201001,56
0939401001,909
0939501001,149
0939601001,157
0939801001,83
0940001001,383
0940301001,103
0940501001,143
0940601001,308
0940701001,30
0940801001,48
0940901001,128
0941001001,2486
0941002001,713
0941003001,657
0941101001,162
0941201001,1006
0941301001,537
0941401001,200
0941501001,320
0941601001,69
0941701001,39
0941801001,88
0941901001,80
0942101001,262
0942201001,19
0942301001,31
0942401001,41
0942501001,630
0942701001,892
0942701002,729
0942801001,118
0942901001,68
0943001001,26
0943101001,134
0943201001,212
0943301001,67
0943401001,1744
0943701001,325
0943801001,670
0943901001,1256
0944001001,102
0944101001,69
0944201001,459
0944301001,202
0944401001,78
0944501001,45
0944601001,13
0944701001,40
0944801001,240
0944901001,106
0945001001,32
0945101001,276
0945401001,46
0945501001,44
0945601001,152
0945801001,575
0946001001,199
0946301001,272
0946401001,46
0946601001,135
0946701001,83
0947101001,213
0947201001,59
0947301001,89
0947601001,59
0947801001,46
0948001001,117
0948201001,31
0948301001,247
0948501001,58
0990101001,446
0990201001,513
0990301001,1526
0990301002,1883
0990301003,1195
0990401001,560
0990501001,467
0990601001,1411
0990701001,1995
0990801001,541
1000101001,324
1000201001,436
1000301001,594
1000401001,829
1000501001,615
1000601001,1454
1000701001,723
1000801001,1571
1000901001,270
1001001001,1184
1001001002,1014
1001002001,611
1001101001,630
1001201001,683
1001301001,326
1001401001,2163
1001501001,796
1001601001,375
1001701001,936
1001801001,1017
1001802001,967
1001901001,1663
1002001001,902
1002002001,1041
1002101001,634
1002101002,668
1002102001,810
1002102002,1617
1002103001,1316
1002103002,1056
1002201001,474
1002301001,827
1002401001,782
1002501001,436
1002601001,638
1002701001,82
1002801001,123
1002901001,478
1003001001,508
1003101001,188
1003201001,1051
1003201002,918
1003301001,458
1003401001,391
1003501001,949
1003501002,1392
1003601001,359
1003701001,1263
1003701002,1055
1003701003,1067
1003701004,1833
1003701005,865
1003701006,2086
1003701007,790
1003701008,1314
1003701009,1063
1003701010,2694
1003701011,2143
1003701012,1666
1003701013,2084
1003701014,2592
1003701015,1414
1003702001,712
1003702002,1116
1003702003,1233
1003702004,1302
1003702005,858
1003702006,1618
1003702007,778
1003702008,896
1003702009,758
1003702010,1488
1003702011,1860
1003702012,1027
1003702013,1362
1003703001,1576
1003703002,870
1003703003,1218
1003703004,1167
1003703005,853
1003703006,634
1003703007,896
1003704001,1150
1003704002,924
1003704003,860
1003704004,1901
1003704005,673
1003704006,874
1003704007,744
1003704008,1379
1003704009,1161
1003704010,718
1003704011,1487
1003704012,1354
1003704013,2086
1003704014,931
1003704015,754
1003704016,1527
1003704017,2245
1003704018,1644
1003704019,2140
1003704020,1401
1003704021,1562
1003704022,1237
1003704023,936
1003704024,1794
1003704025,1270
1003705001,2293
1003705002,1769
1003705003,1596
1003705004,652
1003705005,754
1003705006,1101
1003706001,2379
1003706002,1950
1003706003,1688
1003706004,2048
1003707001,722
1003801001,101
1003901001,483
1004001001,503
1004101001,1267
1004201001,54
1004301001,941
1004401001,781
1004402001,951
1004501001,603
1004502001,533
1004601001,223
1004701001,1122
1004801001,273
1004901001,1584
1004902001,713
1004903001,1320
1004903002,1086
1005001001,1285
1005101001,422
1005201001,192
1005301001,308
1005401001,604
1005501001,821
1005601001,652
1005701001,148
1005801001,1439
1005901001,423
1006001001,1139
1006101001,1256
1006102001,701
1006201001,493
1006301001,185
1006401001,1752
1006501001,156
1006601001,202
1006701001,1717
1006701002,1871
1006701003,2215
1006701004,1193
1006702001,988
1006702002,816
1006702003,1891
1006703001,1070
1006704001,1160
1006801001,877
1006901001,929
1007001001,772
1007101001,152
1007201001,970
1007301001,788
1007501001,304
1007601001,1006
1007701001,801
1007801001,464
1007901001,994
1008001001,423
1008101001,106
1008201001,1046
1008202001,1180
1008301001,97
1008401001,982
1008402001,636
1008501001,378
1008601001,359
1008701001,1096
1008702001,925
1008801001,227
1008901001,1601
1009001001,594
1009101001,423
1009201001,346
1009301001,489
1009401001,275
1009501001,376
1009601001,1380
1009601002,1313
1009602001,1487
1009701001,110
1009801001,426
1009901001,713
1010001001,909
1010101001,220
1010201001,567
1010301001,531
1010401001,845
1010401002,803
1010401003,1587
1010402001,1242
1010402002,929
1010402003,1109
1010501001,1199
1010501002,1795
1010601001,156
1010701001,1289
1010801001,197
1010901001,623
1010902001,665
1010903001,831
1011001001,1066
1011001002,1780
1011101001,1145
1011101002,606
1011201001,934
1011202001,928
1011301001,1405
1011302001,1344
1011401001,1321
1011501001,1385
1011501002,1095
1011502001,995
1011502002,882
1011601001,1549
1011602001,2056
1011602002,1102
1011701001,231
1011801001,314
1011901001,701
1012001001,173
1012101001,2392
1012102001,2350
1012102002,1938
1012103001,1410
1012103002,1267
1012104001,655
1012201001,255
1012301001,692
1012401001,867
1012501001,1053
1012601001,746
1012602001,1093
1012701001,909
1012701002,1260
1012702001,1193
1012702002,1013
1012702003,1480
1012801001,955
1012801002,1465
1012801003,1684
1012801005,1276
1012801006,1692
1012901001,406
1013001001,2001
1013101001,1061
1013101002,1098
1013101003,1264
1013101004,2043
1013101005,754
1013102001,1722
1013102002,1691
1013102003,1064
1013102004,1483
1013102005,1853
1013102006,1345
1013102007,1010
1013102008,934
1013201001,455
1013301001,1377
1013401001,660
1013501001,1393
1013601001,264
1013701001,374
1013801001,659
1013901001,111
1014001001,1420
1014101001,316
1014201001,977
1014301001,166
1014401001,1138
1014501001,156
1014601001,1760
1014701001,1549
1014801001,2253
1014801002,962
1014801004,793
1014801005,666
1014801006,616
1014801007,975
1014801008,1335
1014801009,1332
1014801010,1365
1014801011,1210
1014802001,1606
1014802002,1330
1014802003,1420
1014802004,1480
1014802005,1139
1014803002,975
1014803003,699
1014803004,937
1014804001,795
1014804002,860
1014804003,1872
1014804004,1167
1014804005,1232
1014804006,934
1014804007,1692
1014804008,1195
1014804009,1801
1014804010,2146
1014804011,2350
1014804012,1615
1014804013,1174
1014805001,966
1014901001,497
1015001001,390
1015101001,247
1015201001,499
1015301001,359
1015401001,222
1015501001,1310
1015601001,100
1015701001,312
1015801001,384
1015901001,337
1016001001,254
1016101001,67
1016201001,642
1016301001,251
1016401001,861
1016501001,275
1016601001,337
1016701001,341
1016801001,305
1016901001,585
1017001001,274
1017101001,372
1017201001,757
1017301001,847
1017401001,202
1017501001,1010
1017502001,614
1017601001,446
1017701001,2043
1017801001,919
1017901001,350
1018001001,1838
1018001002,2749
1018001005,2147
1018001006,1534
1018101001,862
1018201001,167
1018301001,1164
1018401001,960
1018501001,645
1018601001,1151
1018701001,516
1018801001,602
1018901001,1224
1018902001,970
1018902002,1004
1019001001,636
1019101001,641
1019201001,932
1019301001,1710
1019401001,586
1019501001,1833
1019501002,1345
1019501003,1115
1019502001,977
1019502002,2026
1019503001,1388
1019504001,874
1019601001,335
1019701001,139
1019801001,1307
1019901001,198
1020001001,424
1020101001,208
1020201001,705
1020301001,916
1020301002,1004
1020302001,1138
1020302002,1673
1020303001,1055
1020401001,522
1020501001,952
1020502001,1489
1020601001,272
1020701001,521
1020801001,137
1020901001,325
1021001001,542
1021101001,467
1021201001,889
1021202001,1266
1021301001,639
1021401001,235
1021501001,392
1021601001,1865
1021701001,573
1021801001,683
1021802001,689
1021901001,868
1021902001,654
1090101001,1509
1090201001,863
1090301001,936
1090401001,942
1100101001,1000
1100101002,1539
1100102001,2027
1100102002,811
1100201001,1453
1100201002,1754
1100201003,1235
1100201004,779
1100301001,1482
1100401001,887
1100401002,1189
1100401003,1486
1100401004,1393
1100401005,801
1100401006,1406
1100401007,1369
1100401008,990
1100401009,1055
1100401010,772
1100401011,777
1100401012,1538
1100401014,1215
1100401015,918
1100401016,1428
1100401017,1438
1100401018,1189
1100401019,1548
1100401020,1107
1100401021,1930
1100401022,2215
1100401023,1480
1100401024,1168
1100401025,2151
1100401026,1471
1100402001,1817
1100402002,1709
1100402003,1283
1100402004,2310
1100402005,1386
1100402006,2479
1100402007,1445
1100402008,1669
1100402009,1140
1100402010,1561
1100402011,1262
1100402012,1736
1100402014,879
1100402015,1588
1100402016,2028
1100402017,1784
1100402018,1121
1100402019,2170
1100403001,1079
1100403002,1057
1100403003,1116
1100403004,1131
1100403005,894
1100403006,962
1100403007,1313
1100403008,990
1100403009,988
1100403010,941
1100403011,1133
1100403012,1367
1100403013,1561
1100403014,2286
1100403015,946
1100403016,841
1100403017,1448
1100403018,1009
1100404001,1331
1100404002,1926
1100404003,2293
1100404004,1377
1100404005,988
1100404006,2213
1100404007,813
1100404008,792
1100404009,1361
1100404010,1935
1100404011,2358
1100404012,1465
1100404014,1615
1100404015,1801
1100404016,2116
1100404017,1774
1100404018,1758
1100404019,2635
1100404020,1741
1100404021,2332
1100501001,1506
1100501003,1582
1100501004,695
1100502001,1894
1100601001,716
1100601002,943
1100601003,812
1100601004,1791
1100601005,807
1100601006,2039
1100602001,1241
1100602002,1877
1100602003,1208
1100602004,922
1100602005,1685
1100602006,897
1100602007,1330
1100602008,2172
1100602009,2329
1100603001,2021
1100603002,1256
1100603003,838
1100603004,1189
1100604001,1241
1100604002,1130
1100604003,1135
1100604004,1671
1100701001,1932
1100701003,1060
1100701004,1470
1100701005,2039
1100702001,858
1100702002,923
1100702003,1492
1100702004,1628
1100702005,1780
1100702006,1400
1100702007,1328
1100702009,732
1100703001,1336
1100703002,1886
1100704001,1376
1100704002,1621
1100801001,2088
1100801002,816
1100801003,2074
1100801004,1958
1100801005,1235
1100801006,1887
1100801007,1634
1100801008,1738
1100801009,1999
1100801010,1493
1100802001,1943
1100803001,1877
1100803002,2249
1100901001,719
1101001001,778
1101001002,2149
1101002001,1262
1101002002,1408
1101002003,1402
1101003001,1023
1101101001,2069
1101201001,839
1101201002,715
1101201003,1681
1101201004,1609
1101201005,816
1101201006,786
1101202001,1432
1101202002,1437
1101202003,1115
1101202004,992
1101202005,1014
1101203001,1222
1101203002,914
1101203003,1121
1101203004,1268
1101203005,668
1101203006,1101
1101204001,931
1101204002,678
1101204003,654
1101204004,648
1101204005,1256
1101204006,848
1101205001,1128
1101205002,936
1101205004,727
1101205005,1333
1101205006,706
1101206001,996
1101206002,819
1101206003,1052
1101206005,796
1101206006,703
1101207001,1054
1101207002,1226
1101207005,713
1101207006,930
1101208001,785
1101208002,896
1101208003,1312
1101208004,972
1101208005,995
1101208006,1516
1101208007,1144
1101208008,1036
1101208009,837
1101208010,1010
1101208011,874
1101208012,1397
1101208013,1518
1101208014,1224
1101208015,1107
1101208016,751
1101208017,1908
1101208018,979
1101208019,1254
1101208020,1116
1101208021,1082
1101208022,713
1101208023,2067
1101208024,2132
1101209001,1371
1101209002,1214
1101209003,1751
1101209004,1590
1101209005,1214
1101209006,1165
1101209007,1212
1101209008,1007
1101209009,788
1101209010,813
1101209011,1294
1101209012,1022
1101209013,1528
1101209014,1580
1101209015,1150
1101209016,1272
1101209017,1009
1101209018,1136
1101209019,837
1101209020,737
1101209021,1054
1101209022,690
1101209023,804
1101210001,1600
1101210002,844
1101210003,1220
1101210004,745
1101210005,981
1101210006,864
1101210007,1134
1101210008,1415
1101210009,1334
1101210010,997
1101210011,962
1101210012,1920
1101210013,1327
1101210014,1152
1101210015,1045
1101210016,648
1101210017,1299
1101210018,1303
1101210019,1649
1101210020,953
1101210021,1375
1101210022,991
1101210023,2415
1101210024,824
1101210025,1015
1101301001,1543
1101301002,1541
1101401001,1366
1101401003,2391
1101401004,2489
1101401005,1956
1101402001,1257
1101402002,1026
1101402003,1190
1101402004,910
1101402005,2258
1101402006,1239
1101403001,1475
1101403002,1148
1101403003,907
1101403004,2451
1101501001,1828
1101501002,2204
1101501003,2282
1101501004,1298
1101501005,1176
1101501006,1676
1101501007,1950
1101501008,2269
1101502001,1291
1101502002,1544
1101502003,1190
1101502004,1258
1101502005,1483
1101502006,1051
1101502007,1300
1101503001,1553
1101503002,1110
1101503003,1229
1101503004,1964
1101503005,1120
1101503006,1785
1101503007,1116
1101504001,1697
1101504002,2029
1101504003,2013
1101504004,1701
1101504005,1300
1101504006,896
1101504007,1021
1101504008,1722
1101504009,1557
1101504010,1529
1101504011,1035
1101504012,1442
1101504013,2037
1101504014,1178
1101504015,2325
1101504016,1737
1101505001,1788
1101505002,2418
1101505003,1497
1101505004,1400
1101505005,1517
1101505006,2001
1101505007,1918
1101505008,2199
1101505009,1743
1101505010,2476
1101505011,1597
1101505012,1357
1101505013,1491
1101601001,1730
1101602001,2152
1101602002,1641
1101602003,1806
1101602004,1949
1101602005,1492
1101603001,1734
1101603002,2079
1101603003,1388
1101603004,1827
1101603005,1206
1101701001,1040
1101701002,1495
1101701003,1377
1101801001,1803
1101901001,1112
1101901002,1053
1102001001,1029
1102001002,1019
1102001003,788
1102001004,1267
1102001005,702
1102002001,1107
1102002002,1046
1102002003,1070
1102002004,1571
1102002005,1602
1102002006,1056
1102002007,807
1102002008,958
1102002009,948
1102002010,1157
1102002011,1198
1102002012,1146
1102002013,895
1102002014,1411
1102002015,1206
1102002016,1032
1102002017,1513
1102002021,1024
1102002022,1013
1102002023,1370
1102002024,1179
1102002025,2386
1102002026,991
1102002027,1516
1102003001,775
1102003002,1411
1102003003,1471
1102003004,1543
1102003005,928
1102003006,1334
1102003007,988
1102003008,1237
1102003009,939
1102003010,799
1102003011,1276
1102003012,868
1102003013,873
1102003014,1294
1102003015,1258
1102003016,804
1102003018,2192
1102003020,1505
1102004001,1814
1102004002,1756
1102004003,1708
1102004004,1560
1102004005,1778
1102004006,1882
1102004007,1490
1102004008,1277
1102004009,1702
1102004010,1511
1102004011,1998
1102004012,2599
1102004013,1808
1102005001,1589
1102005002,778
1102005003,1117
1102005004,1160
1102005005,1051
1102005006,1509
1102005007,768
1102005008,913
1102005009,670
1102005010,814
1102005011,934
1102005012,1213
1102005013,801
1102006001,2034
1102006002,1928
1102006003,1054
1102006004,825
1102006005,1029
1102006006,2289
1102006007,1182
1102006008,712
1102006009,920
1102006010,981
1102006011,1657
1102006013,1064
1102006014,1162
1102006016,1249
1102006017,1290
1102006018,1682
1102006019,1288
1102006020,1634
1102006021,1619
1102006022,809
1102006023,1378
1102006024,1735
1102006025,1413
1102006026,1123
1102006028,2234
1102006029,2611
1102006030,1653
1102006031,1389
1102006032,1448
1102006033,1749
1102006034,2268
1102006035,1599
1102006036,2141
1102006037,1549
1102006038,1793
1102006039,2191
1102006040,1611
1102006041,1219
1102006042,1207
1102006043,1205
1102006044,1279
1102006045,987
1102006046,1728
1102006047,1253
1102006048,1735
1102006049,1443
1102007001,1019
1102007002,1420
1102007003,1263
1102007004,754
1102007005,703
1102007006,1421
1102007007,651
1102007009,982
1102007010,1088
1102007011,1697
1102007012,1690
1102007013,1481
1102007014,1247
1102007015,1609
1102007016,1251
1102007017,1352
1102007018,1161
1102007019,2296
1102007020,2439
1102007021,2100
1102008001,1369
1102008002,1577
1102009001,625
1102009002,1432
1102009004,2007
1102009005,1857
1102009006,1546
1102009007,1970
1102009008,1348
1102009009,679
1102009010,768
1102009011,1312
1102009012,1196
1102009013,1610
1102009014,1563
1102010001,786
1102010002,870
1102010003,1268
1102010004,768
1102101001,2002
1102101002,1168
1102102001,2127
1102103001,1703
1102104001,1529
1102104002,1181
1102201001,1333
1102201002,1824
1102201003,888
1102201004,1570
1102201005,1487
1102201006,1459
1102202001,1691
1102202002,1323
1102202003,796
1102202004,1080
1102202005,1889
1102202006,1302
1102202007,1708
1102203001,1386
1102203002,974
1102203003,995
1102203004,2176
1102203005,1002
1102203006,1300
1102203007,1564
1102203008,1510
1102203009,984
1102203010,2254
1102203011,1188
1102203012,1917
1102204001,1343
1102204002,1191
1102204003,990
1102204004,1397
1102204005,1072
1102204006,1107
1102205001,1139
1102205002,1150
1102205003,1391
1102205004,796
1102205005,2069
1102205007,1216
1102206001,967
1102206002,994
1102206003,955
1102206004,981
1102206005,1083
1102206006,783
1102206007,1607
1102207001,1588
1102207002,1564
1102207003,2149
1102301001,864
1102302001,915
1102303001,670
1102304001,1134
1102305001,2336
1102305002,1160
1102305003,903
1102305004,2308
1102306001,1504
1102401001,778
1102402001,937
1102402002,1033
1102403001,970
1102404001,1111
1102404002,1235
1102404003,2287
1102501001,1710
1102501002,1572
1102501003,2327
1102601001,1826
1102601002,798
1102602001,1406
1102602002,1855
1102701001,1707
1102701002,1052
1102701003,1306
1102701004,1462
1102701005,2334
1102701006,1497
1102701007,1170
1102701008,1107
1102701009,768
1102701010,904
1102701011,840
1102701012,848
1102701013,739
1102701014,1140
1102701015,789
1102701016,893
1102701017,1302
1102701018,866
1102701019,991
1102701020,1698
1102701021,2055
1102701022,1538
1102701023,1509
1102701024,1364
1102701025,1138
1102701026,1262
1102701027,819
1102701028,1527
1102701029,1873
1102701030,754
1102701031,840
1102701032,1402
1102701033,1211
1102701034,1391
1102701035,1498
1102701036,1229
1102702001,1882
1102702002,2062
1102702003,1234
1102702004,1491
1102702005,1515
1102702006,2146
1102702007,1362
1102702008,1583
1102702009,1756
1102702010,1421
1102703001,2511
1102703002,1654
1102703003,1714
1102703004,1731
1102703005,1253
1102703006,1642
1102703007,1696
1102703008,1918
1102703009,1660
1102703010,1606
1102703011,1068
1102703012,1764
1102703013,1187
1102703014,1053
1102704001,1171
1102704002,1499
1102704003,2298
1102801001,1828
1102801002,1051
1102801003,924
1102801004,1574
1102801005,1241
1102801006,765
1102801007,1178
1102801008,1135
1102802001,924
1102802002,855
1102802003,968
1102803001,1169
1102803003,1588
1102803004,1631
1102803005,1269
1102803006,1955
1102803007,1202
1102803008,1238
1102803009,1136
1102803010,1443
1102804001,1850
1102804002,1189
1102804003,1754
1102804004,2008
1102804005,1396
1102804006,2009
1102804007,1632
1102804008,1500
1102804009,1635
1102804010,1439
1102901001,907
1102901002,657
1102901003,830
1102901004,1182
1102901005,2061
1102901006,1490
1103001001,675
1103001002,723
1103001003,1202
1103001004,1999
1103001005,1736
1103001006,1385
1103002001,1371
1103002002,1571
1103002003,2108
1103003001,1515
1103003002,1660
1103003003,1806
1103003004,1548
1103003005,1440
1103003006,1651
1103003007,1072
1103003008,1290
1103003009,1393
1103003010,2256
1103003011,778
1103101001,1691
1103101002,898
1103101003,813
1103101004,859
1103101005,1323
1103101006,2158
1103101007,1572
1103101008,1894
1103101009,1723
1103101010,853
1103101011,1855
1103101012,1457
1103101013,685
1103101014,1779
1103101015,2083
1103102001,973
1103103001,1391
1103103002,988
1103103003,672
1103103004,910
1103103005,1197
1103103006,1150
1103103007,1598
1103103008,874
1103104001,807
1103104002,1330
1103104003,1259
1103104004,1699
1103104005,967
1103104006,2084
1103105001,2064
1103105002,981
1103105003,910
1103105004,1842
1103105005,2073
1103105006,1773
1103105007,1420
1103106001,1264
1103106002,1712
1103106003,976
1103106004,1017
1103106005,1230
1103106006,745
1103106007,2233
1103106008,1534
1103106009,965
1103106010,1895
1103106011,2082
1103106012,1039
1103106013,1195
1103106014,1514
1103106015,1315
1103106016,1803
1103106017,2243
1103106018,1119
1103106019,855
1103106020,1609
1103106021,1023
1103106022,746
1103106023,1114
1103106024,1791
1103106025,2137
1103106026,1923
1103106027,2137
1103106028,1544
1103106029,1393
1103106030,1443
1103106031,2134
1103201001,1725
1103201002,1264
1103201003,2291
1103201004,1759
1103201006,1657
1103201007,1147
1103201008,1227
1103201009,1255
1103201010,1783
1103201012,827
1103201013,1444
1103201014,1428
1103201015,891
1103201016,1353
1103201017,1418
1103201018,1398
1103201019,1154
1103201020,2039
1103201021,2267
1103202001,732
1103202002,1318
1103202003,2353
1103202004,1617
1103202005,1608
1103203001,1125
1103203002,1697
1103203003,1277
1103203004,1663
1103203005,715
1103203006,1129
1103204001,1340
1103204002,1790
1103205001,1347
1103205002,838
1103205004,974
1103205005,1055
1103205007,1835
1103205008,2111
1103205009,1948
1103205010,1758
1103205011,2260
1103205012,965
1103205013,1964
1103205014,1946
1103205015,1693
1103301001,1291
1103301002,1036
1103301003,1211
1103302001,1551
1103302002,1675
1103302003,1550
1103302004,1822
1103302005,1426
1103303001,1818
1103303002,2434
1103304001,2202
1103304002,1207
1103304003,864
1103304004,1301
1103305001,2168
1103305002,2474
1103305003,3461
1103401001,1430
1103401002,1426
1103501001,1263
1103501002,1756
1103501004,1357
1103501005,1100
1103501006,1753
1103501007,1464
1103501008,889
1103501009,1023
1103501010,1813
1103501011,1087
1103502001,1241
1103502002,1303
1103502003,1859
1103601001,776
1103701001,2000
1103701002,2331
1103701003,722
1103701004,2037
1103801001,758
1103801002,1627
1103801003,1346
1103801004,1510
1103801005,1316
1103801006,1105
1103801007,1364
1103801008,1411
1103801009,672
1103801010,881
1103801011,1442
1103801012,1244
1103801013,2208
1103901001,699
1103901002,884
1103902002,1336
1103902003,1542
1103902004,1158
1103902005,1882
1103902006,1778
1103903001,2380
1103903002,1238
1104001001,456
1104101001,1097
1104101002,723
1104101003,1739
1104102001,1200
1104102002,1768
1104102003,985
1104102004,885
1104102005,794
1104102006,1468
1104102007,1644
1104201001,1460
1190101001,658
1190101002,776
1190101003,909
1190101004,1453
1190101005,1040
1190101006,2131
1190201001,1743
1190201002,1588
1190201003,1126
1200101001,1321
1200201001,129
1200301001,1351
1200401001,1213
1200401002,1242
1200402001,1452
1200402002,3326
1200501001,770
1200501002,1075
1200501003,638
1200501004,1928
1200502001,1751
1200502002,1711
1200502003,1667
1200502004,1132
1200601001,218
1200701001,893
1200801001,292
1200901001,1696
1200901002,1784
1200901003,2334
1200901004,2800
1200902001,1642
1200902002,2691
1200902003,2725
1200903001,2392
1200903002,2393
1200903003,2873
1200903004,2236
1201001001,261
1201101001,2104
1201101002,1877
1201101003,2142
1201201001,816
1201201002,1027
1201201003,1827
1201301001,181
1201401001,210
1201501001,91
1201601001,1191
1201602001,803
1201701001,188
1201801001,323
1202001001,194
1202101001,716
1202101002,1087
1202102001,1170
1202102002,1769
1202102003,1028
1202201001,406
1202401001,171
1202501001,156
1202601001,1162
1202701001,1897
1202701002,2667
1202701003,1233
1202701004,2383
1202701005,971
1202702001,770
1202702002,1713
1202702003,790
1202703001,1369
1202703002,1916
1202703003,2593
1202703004,1989
1202703005,2682
1202703006,1710
1202703007,1838
1202801001,1359
1202801002,2704
1202801003,2515
1202801004,1570
1202801005,1495
1202801006,1422
1202801007,1758
1202801008,2136
1202801009,1386
1202801010,1888
1202901001,1153
1203101001,2212
1203101002,748
1203102001,2249
1203201001,828
1203201002,2110
1203201003,1762
1203201004,1592
1203201005,2149
1203201006,1102
1203202001,915
1203202002,787
1203202003,1371
1203202004,1616
1203203001,1292
1203203002,967
1203203003,2290
1203203004,1728
1203203005,1182
1203203006,2077
1203204001,1351
1203204002,907
1203204003,1135
1203204004,1285
1203204005,1643
1203205001,1811
1203205002,1899
1203205003,984
1203301001,1626
1203302001,1359
1203401001,2080
1203601001,760
1203701001,16
1203801001,215
1203901001,991
1204001001,851
1204001003,1412
1204001004,1548
1204002001,1002
1204002002,769
1204002003,1409
1204002004,1463
1204002005,1571
1204002006,1427
1204002007,1973
1204002008,1201
1204003001,1468
1204003002,1389
1204003003,1493
1204003005,2116
1204003006,1918
1204003007,1666
1204003008,2573
1204003009,1663
1204003010,952
1204003011,1258
1204003012,1266
1204004001,1230
1204004002,1052
1204004003,1430
1204004005,1361
1204004006,1267
1204004007,1328
1204004008,2516
1204004009,1355
1204004010,1069
1204004011,1450
1204004012,1800
1204004013,1608
1204004014,2301
1204004015,2056
1204004016,1740
1204004017,1371
1204004018,1312
1204004019,1047
1204004020,1354
1204004021,1697
1204004022,2043
1204005001,780
1204005002,1060
1204005004,1821
1204005005,876
1204005006,2534
1204005007,1515
1204005008,2798
1204005009,996
1204005010,1208
1204005011,1367
1204005012,1854
1204005013,989
1204005014,1525
1204006001,1789
1204006002,1392
1204006003,1398
1204006004,1762
1204006005,2006
1204006006,2131
1204006007,2138
1204006008,3108
1204006009,1591
1204006010,1494
1204006011,1313
1204006012,2675
1204006013,2991
1204006014,1439
1204006015,2234
1204007001,1376
1204007003,2212
1204007004,1445
1204007007,1797
1204007008,1433
1204007009,1716
1204007010,1141
1204007011,1004
1204007012,2276
1204007013,2518
1204007014,1646
1204007016,2434
1204007017,1487
1204007018,1528
1204008001,1582
1204008002,1860
1204008003,1764
1204008004,2072
1204008005,1452
1204008006,2515
1204008007,811
1204008008,1845
1204008009,2170
1204008010,1579
1204009001,1450
1204009002,1721
1204009003,1014
1204009004,1840
1204009005,1802
1204009006,1856
1204009007,2650
1204009009,2526
1204009010,1253
1204009011,2507
1204101001,105
1204201001,787
1204301001,739
1204401001,644
1204501001,454
1204601001,225
1204801001,318
1204901001,562
1205001001,823
1205002001,1087
1205101001,559
1205201001,819
1205301001,1765
1205301002,1088
1205501001,126
1205601001,339
1205701001,877
1205801001,96
1205901001,323
1206001001,549
1206101001,500
1206301001,54
1206401001,135
1206501001,198
1206701001,667
1206801001,54
1206901001,59
1207001001,733
1207101001,876
1207102001,745
1207201001,1417
1207301001,175
1207401001,972
1207501001,181
1207601001,93
1207701001,2100
1207701002,1362
1207702001,1139
1207702002,1738
1207801001,403
1207901001,583
1208001001,872
1208002001,867
1208003001,899
1208101001,761
1208201001,1045
1208201002,2034
1208201003,1748
1208201004,1373
1208202001,637
1208202002,2522
1208202003,1283
1208202004,1514
1208202005,1300
1208301001,118
1208401001,1398
1208401002,1925
1208401003,1793
1208401004,2105
1208402001,2229
1208402002,1373
1208402003,2012
1208402004,1734
1208402005,1964
1208402006,2583
1208402007,2889
1208403001,1493
1208403002,986
1208403003,744
1208501001,2084
1208501002,2671
1208501003,2890
1208501004,1980
1208701001,30
1208801001,54
1208901001,1350
1208902002,3113
1208902003,2994
1209001001,134
1209101001,222
1209201001,154
1209301001,226
1209401001,1172
1209501001,1265
1209601001,1041
1209701001,78
1209801001,801
1209901001,1078
1210001001,1240
1210002001,791
1210101001,512
1210201001,830
1210301001,99
1210401001,815
1210401002,765
1210401003,1081
1210401004,2548
1210401005,1450
1210402001,1295
1210403001,1279
1210501001,1031
1210601001,1489
1210701001,437
1210801001,599
1210901001,858
1211001001,283
1211101001,497
1211201001,140
1211301001,112
1211401001,238
1211501001,256
1211601001,48
1211701001,1023
1211701002,1220
1211702001,1993
1211702002,1284
1211801001,75
1211901001,167
1212001001,213
1212101001,1531
1212201001,992
1212301001,54
1212401001,1876
1212402001,997
1212501001,254
1212601001,1619
1212601002,644
1212601003,1268
1212601004,1056
1212601005,1154
1212601006,2147
1212601007,1177
1212602001,1215
1212602002,874
1212602003,875
1212602004,1169
1212602005,814
1212602006,1708
1212602007,938
1212602008,1260
1212602009,2579
1212602010,921
1212602011,2441
1212602012,1135
1212603001,1443
1212603002,1654
1212603003,1039
1212603004,865
1212603005,1833
1212701001,87
1212801001,1912
1212901001,1044
1212901002,1308
1213001001,500
1213101001,75
1213201001,604
1213301001,68
1213401001,175
1213501001,627
1213501002,1825
1213501003,1419
1213501004,1476
1213502001,1586
1213502002,1160
1213502003,781
1213502004,1601
1213502005,1136
1213502006,1287
1213502007,2079
1213502008,1495
1213502009,1555
1213502010,1826
1213502011,1917
1213502012,1837
1213502013,991
1213502014,1583
1213502015,2111
1213502016,2340
1213503001,1446
1213503003,1379
1213503004,2025
1213503005,768
1213503006,1242
1213503007,2329
1213503008,770
1213504001,1625
1213504002,1694
1213504003,1013
1213504004,1479
1213504006,958
1213504007,1903
1213504008,1492
1213601001,1895
1213602001,1378
1213701001,42
1213801001,1639
1213801002,2084
1213801003,1038
1213801004,1995
1213801005,926
1213801006,1396
1213801007,1647
1213801008,1654
1213801009,2118
1213801010,1687
1213801011,1767
1213801012,2224
1213801013,1287
1213801014,1796
1213801015,2249
1213801016,1484
1213801017,1346
1213901001,384
1214001001,1594
1214101001,129
1214201001,184
1290101001,1304
1290101002,1796
1290101003,1323
1290201001,1593
1290201002,1452
1300101001,753
1300101002,767
1300201001,1076
1300201002,709
1300301001,531
1300401001,690
1300401002,708
1300501001,2422
1300501002,1232
1300501003,787
1300501004,2076
1300501005,2087
1300501006,759
1300501007,1544
1300502001,1012
1300502002,1940
1300502003,1402
1300502004,1292
1300503001,626
1300503002,1186
1300503003,1272
1300503004,732
1300503005,1629
1300504001,1297
1300504002,1755
1300504003,1308
1300504004,1548
1300504005,1379
1300504006,1476
1300505001,889
1300601001,639
1300701001,844
1300701002,669
1300801001,527
1300901001,1079
1300902001,779
1301001001,1054
1301101001,735
1301101002,668
1301101004,773
1301102001,1091
1301103001,654
1301103002,643
1301104001,621
1301104002,676
1301201001,465
1301301001,792
1301301002,1187
1301301003,1900
1301301004,954
1301302001,660
1301302002,1932
1301302003,1592
1301401001,595
1301501001,904
1301502001,991
1301503001,832
1301503002,1069
1301504001,973
1301504002,1016
1301505001,797
1301601001,859
1301701001,342
1301801001,1089
1301901001,1110
1301901002,1668
1301902001,1084
1301902002,1828
1301903001,1511
1302001001,1247
1302001002,1767
1302002001,1756
1302002002,1227
1302101001,459
1302201001,428
1302301001,1650
1302301002,1832
1302301003,2102
1302301004,1189
1302301005,1328
1302301006,1507
1302301007,2527
1302401001,1037
1302501001,324
1302601001,528
1302701001,973
1302701002,739
1302701003,590
1302701004,849
1302701005,1004
1302801001,1369
1302801002,2618
1302801003,2046
1302802001,2218
1302802002,1245
1302803001,1024
1302803002,720
1302803003,915
1302804001,993
1302804002,1239
1302901001,110
1303001001,169
1303101001,684
1303101002,829
1303101003,1567
1303201001,611
1303201002,758
1303301001,849
1303301002,1274
1303401001,851
1303401002,818
1303401003,1094
1303401004,1760
1303401005,2014
1303401006,1708
1303401007,2703
1303401008,1292
1303401009,2499
1303402001,1604
1303402002,1200
1303402003,1407
1303402004,766
1303402005,1418
1303402006,722
1303402007,1024
1303402008,1430
1303402009,1761
1303402010,1299
1303402011,1566
1303402012,1737
1303402013,1206
1303402014,900
1303402015,932
1303402016,1317
1303402017,791
1303402018,1573
1303402019,2322
1303402020,1497
1303402021,1088
1303402022,2615
1303403001,1029
1303403002,1268
1303403003,1203
1303403004,2098
1303403005,1506
1303403006,1658
1303404001,1267
1303404002,1270
1303404003,2228
1303404004,1307
1303404005,1349
1303404006,1703
1303404007,1157
1303404008,845
1303404009,920
1303404010,2100
1303404011,1822
1303404012,1196
1303404013,2575
1303405001,1545
1303501001,1150
1303601001,951
1303701001,1134
1303801001,1022
1303801002,961
1303901001,1412
1303901002,1073
1303901003,1633
1303902001,1455
1303902002,1434
1303902003,1239
1303903001,1882
1303903002,1285
1303903003,2081
1303904001,1580
1303904002,1468
1303904003,2105
1304001001,1089
1304101001,282
1304201001,1088
1304301001,271
1304401001,1831
1304401002,834
1304401003,767
1304501001,824
1304601001,841
1304701001,2246
1304701002,1529
1304702001,836
1304702002,1016
1304703001,1379
1304703002,1841
1304801001,498
1304901001,961
1305001001,638
1305101001,407
1305201001,1130
1305201002,618
1305201003,2332
1305202001,1230
1305202002,1161
1305202003,1379
1305203001,583
1305301001,675
1305301002,1286
1305301003,736
1305302001,1427
1305302002,717
1305302003,646
1305302004,1415
1305302005,696
1305303001,2076
1305303002,2228
1305303003,1065
1305303004,884
1305303005,1342
1305304001,1141
1305304003,991
1305304004,1599
1305401001,758
1305401002,797
1305401003,1301
1305401004,982
1305401005,1083
1305401006,1325
1305501001,744
1305601001,1631
1305601002,1832
1305601003,1579
1305601004,1451
1305601005,2130
1305602001,1829
1305602002,2159
1305602003,2356
1305701001,662
1305701002,810
1305801001,1642
1305801002,875
1305802001,1150
1305802002,796
1305802003,961
1305901001,241
1306001001,279
1306101001,1528
1306101002,1332
1306101003,1033
1306102001,2132
1306102002,1777
1306201001,712
1306301001,1478
1306301002,870
1306302001,1171
1306302002,1153
1306401001,2234
1306501001,748
1306501002,1244
1306501003,764
1306501004,1169
1306601001,1378
1306601002,1971
1306701001,430
1306801001,1236
1306901001,779
1307001001,995
1307101001,1415
1307101002,2154
1307101003,1006
1307101004,796
1307101005,677
1307101006,775
1307101007,811
1307102001,2187
1307102002,1420
1307102003,1329
1307102004,1507
1307102007,753
1307102008,1085
1307102009,1371
1307102010,1529
1307103001,882
1307103002,2011
1307103003,1919
1307103004,1473
1307103005,1223
1307103006,1446
1307103007,1026
1307103008,1188
1307103009,1630
1307103011,699
1307103012,1894
1307103013,1558
1307103014,1669
1307104001,834
1307104002,669
1307104003,976
1307104004,1380
1307104005,1653
1307104006,1224
1307104007,1250
1307104008,867
1307104009,1020
1307104010,1003
1307104011,1422
1307105001,877
1307201001,1036
1307301001,622
1307401001,1211
1307501001,226
1307601001,554
1307701001,1353
1307702001,1123
1307703001,1071
1307703002,908
1307801001,1402
1307801002,1153
1307801003,1353
1307802001,2604
1307802002,1400
1307803001,1951
1307803002,1111
1307804001,1086
1307804002,1233
1307901001,703
1307901002,718
1307901003,1288
1307901004,1310
1307901005,1642
1307901006,1323
1307902001,1262
1307902002,990
1307902003,1052
1307902005,1326
1307903001,1840
1307903002,1116
1307903003,1472
1308001001,363
1308101001,773
1308201001,2497
1308201002,1964
1308201003,1811
1308201004,1444
1308201005,1341
1308201006,1929
1308201007,1947
1308202001,1294
1308202002,1132
1308202003,1962
1308202004,1730
1308202005,2398
1308202006,920
1308202007,1028
1308203001,1445
1308203002,1182
1308203003,1401
1308203004,1826
1308203005,1183
1308204001,1354
1308204002,1395
1308204003,1720
1308204004,1416
1308204005,1761
1308301001,817
1308301002,858
1308302001,1431
1308401001,1139
1308501001,965
1308501002,763
1308501003,590
1308501004,670
1308601001,207
1308701001,1704
1308701002,1090
1308701003,987
1308701004,921
1308701005,1382
1308701006,1830
1308702001,1780
1308702002,1850
1308702003,1789
1308702004,1181
1308703001,1664
1308703002,2132
1308703003,1056
1308704001,1654
1308704002,787
1308704003,1134
1308704004,1865
1308705001,1182
1308705002,1183
1308705003,1847
1308705004,1687
1308801001,712
1308901001,710
1308901002,663
1308901003,710
1309001001,660
1309001002,649
1309101001,616
1309201001,855
1309201002,818
1309201003,666
1309301001,951
1309302001,1202
1309303001,960
1309303002,1278
1309304001,1107
1309401001,324
1309501001,89
1309601001,1563
1309601002,1761
1309601003,1582
1309601004,2217
1309601005,1475
1309601006,706
1309601007,1434
1309701001,1117
1309701002,1883
1309801001,642
1309801002,779
1309802001,1157
1390101001,1250
1390201001,609
1390301001,673
1390401001,733
1400101001,1757
1400101002,1084
1400101003,1557
1400201001,1078
1400201002,900
1400201003,1414
1400202001,1062
1400202002,765
1400202003,1280
1400202004,1076
1400203001,2384
1400203002,2101
1400203003,1571
1400301001,1527
1400401001,1533
1400402001,935
1400501001,855
1400501002,1259
1400501003,990
1400501004,682
1400501005,1780
1400501006,980
1400501007,1431
1400601001,761
1400601002,794
1400701001,1787
1400701002,2205
1400701003,656
1400702001,1284
1400703001,937
1400703002,1916
1400703003,1069
1400703004,1451
1400703005,2115
1400703006,1804
1400703007,1551
1400704001,1030
1400704002,1098
1400705001,1304
1400801001,720
1400802001,872
1400803001,629
1400804001,1206
1400901001,761
1400901002,592
1400902001,894
1400903001,980
1401001001,1533
1401002001,773
1401002002,1801
1401003001,1016
1401101001,701
1401201001,802
1401201002,1413
1401202001,919
1401202002,704
1401203001,1921
1401204001,867
1401204002,1118
1401301001,1293
1401301002,2198
1401301003,1315
1401301004,1700
1401301005,1222
1401301006,1612
1401301007,1179
1401302001,1512
1401302002,1772
1401302003,974
1401303001,979
1401303002,1088
1401303003,785
1401303004,1947
1401304001,1425
1401401001,1438
1401402001,1595
1401501001,1554
1401501002,1078
1401601001,858
1401601002,748
1401701001,1510
1401701002,1028
1401701003,2145
1401701004,2169
1401701005,1835
1401701006,904
1401702001,1174
1401702002,1654
1401703001,1453
1401801001,1615
1401802001,1311
1401802002,1590
1401901001,641
1401901002,611
1401902001,661
1401902002,1389
1401903001,1373
1401904001,854
1401904002,1221
1401905001,1302
1402001001,448
1402101001,1023
1402101002,1183
1402101003,1883
1402101004,911
1402101005,1470
1402101006,969
1402101007,1849
1402101008,1520
1402101009,1834
1402101010,1123
1402101011,1331
1402101012,1849
1402101013,928
1402101014,996
1402101015,1112
1402101016,847
1402101017,1704
1402101018,1678
1402101019,1320
1402101020,2147
1402101021,1742
1402101022,2108
1402101023,1087
1402101024,1873
1402101025,986
1402101026,1200
1402101027,1521
1402101028,819
1402101029,1240
1402101030,2289
1402101031,1820
1402102001,1358
1402102002,955
1402102003,1404
1402102004,1611
1402102005,1038
1402102006,1729
1402102007,1122
1402102008,1055
1402102009,1638
1402102010,1216
1402102011,1076
1402102012,1224
1402102013,1253
1402102014,1473
1402102015,990
1402102016,1723
1402102017,1633
1402102018,1908
1402102019,2001
1402102020,1500
1402102021,1949
1402102022,1023
1402102023,1404
1402102024,1170
1402102025,1611
1402102026,1454
1402102027,826
1402102028,1683
1402102029,1332
1402102030,1330
1402102031,1143
1402102032,849
1402102033,2098
1402102034,1124
1402102035,840
1402102036,1470
1402102037,1300
1402102038,1110
1402102039,819
1402102040,1451
1402102041,1401
1402102042,1059
1402102043,2280
1402102044,609
1402103001,1572
1402103002,1691
1402104001,1636
1402104002,1290
1402104003,1950
1402104004,1381
1402105001,1240
1402105002,817
1402105003,782
1402105004,2006
1402105005,1048
1402105006,1313
1402105007,886
1402105008,650
1402105009,846
1402105010,833
1402105011,1140
1402105012,808
1402105013,1075
1402105014,1389
1402105015,1330
1402105016,1104
1402105017,1100
1402105018,1230
1402105019,1170
1402105020,773
1402105021,1531
1402105022,1323
1402105024,1481
1402105025,1363
1402105026,2115
1402105027,1050
1402105028,1520
1402105029,1112
1402105030,1333
1402105031,1207
1402105032,1541
1402106001,944
1402106002,1085
1402106003,1198
1402106004,1458
1402106005,1054
1402106006,1201
1402106007,1694
1402106008,1232
1402106009,1790
1402106010,1880
1402106011,1255
1402106012,1410
1402106013,809
1402106014,1295
1402106015,789
1402106016,682
1402106017,2030
1402106018,1653
1402106019,1687
1402106020,963
1402106021,984
1402106022,1250
1402106023,845
1402106024,2285
1402106025,1872
1402106026,1092
1402106027,892
1402106028,1026
1402106029,1086
1402106030,1076
1402106031,1651
1402106032,1339
1402106033,786
1402106034,1652
1402106035,981
1402106036,1073
1402106037,1352
1402106038,1652
1402106039,1736
1402106040,2399
1402106041,1250
1402106042,1421
1402106043,1566
1402106044,1964
1402106045,1723
1402106046,2326
1402106047,1362
1402106048,1128
1402106049,1350
1402107001,850
1402107002,1017
1402107003,1616
1402107004,1041
1402107005,1082
1402108001,967
1402108002,902
1402108003,1279
1402108004,1006
1402109001,1244
1402109002,1546
1402109003,1089
1402109004,1491
1402109005,1207
1402109006,967
1402109007,1091
1402109008,1347
1402109009,1412
1402109010,2493
1402109011,1934
1402109012,1204
1402109013,1535
1402109014,1503
1402109015,1009
1402109016,1318
1402109017,1413
1402109018,1496
1402109021,1310
1402109022,782
1402109023,1864
1402109024,1829
1402109025,1291
1402109028,794
1402109029,711
1402109030,1200
1402109031,837
1402109032,893
1402109033,1581
1402109034,1468
1402109035,673
1402109036,1346
1402110001,1344
1402110002,1506
1402110003,902
1402110004,849
1402110005,1037
1402110006,1335
1402110007,1045
1402110008,873
1402110009,1705
1402110010,1604
1402110011,911
1402110012,865
1402110013,701
1402110014,908
1402110015,968
1402110016,1413
1402110017,1040
1402110018,988
1402110019,2140
1402110020,1886
1402110021,1060
1402110022,1369
1402110023,1992
1402110024,1755
1402110025,1777
1402110026,1202
1402110027,1829
1402110028,2016
1402110029,719
1402110030,1715
1402110031,809
1402110032,1121
1402110033,1254
1402110034,1122
1402110035,907
1402110036,1345
1402110037,851
1402110038,1546
1402110039,1025
1402110040,1193
1402110041,1463
1402110042,1592
1402110043,1828
1402110044,1224
1402110045,1271
1402110046,930
1402201001,1869
1402201002,1282
1402202001,852
1402202002,932
1402301001,1365
1402302001,1077
1402401001,1293
1402402001,1082
1402501001,1218
1402502001,870
1402503001,1386
1402601001,1038
1402602001,639
1402603001,761
1402701001,1331
1402701002,1180
1402701003,930
1402701004,1277
1402702001,1561
1402702002,1451
1402703001,1237
1402703002,834
1402801001,365
1402901001,1207
1402902001,1457
1402903001,1040
1402904001,1257
1403001001,2646
1403001002,1999
1403001003,628
1403001004,1150
1403001005,1597
1403002001,1746
1403002002,1302
1403101001,721
1403201001,482
1403301001,1604
1403401001,382
1403501001,891
1403502001,685
1403503001,1280
1403503002,1069
1403503003,1438
1403504001,679
1403504002,1084
1403601001,1025
1403601002,1205
1403602001,782
1403602002,1648
1403701001,735
1403701002,1389
1403702001,1126
1403703001,1387
1403801001,1176
1403801002,1277
1403801003,2374
1403801004,2449
1403801005,1139
1403801006,869
1403802001,1034
1403802002,1962
1403802003,2215
1403802004,1527
1403802005,1614
1403802006,1303
1403802007,1988
1403802008,1255
1403802009,1467
1403802010,1504
1403803001,2493
1403803002,2252
1403803003,907
1403803004,1885
1403803005,1916
1403803006,1092
1403803007,1957
1403803008,1580
1403804001,1822
1403805001,766
1403805002,925
1403901001,917
1403901002,1283
1403901003,978
1404001001,1931
1404002001,1102
1404002002,1439
1404101001,1807
1404102001,1289
1404102002,905
1404201001,882
1404201002,1098
1404201003,770
1404202001,1122
1404202002,913
1404202003,1431
1404202004,1378
1404203001,1714
1404203002,1264
1404203003,1604
1404203004,2152
1404203005,1443
1404204001,1425
1404204002,1313
1404204003,1021
1404204004,1854
1404204005,699
1404205001,1539
1404301001,936
1404301002,1162
1404302001,1186
1404303001,855
1404303002,762
1404304001,1150
1404304002,2288
1404304003,1405
1404401001,1995
1404501001,2218
1404501002,861
1404501003,793
1404601001,1753
1404601002,1277
1404602001,947
1404602002,1563
1404701001,2012
1404801001,702
1404801002,869
1404901001,2174
1404901002,1304
1404901003,1592
1404901004,2299
1404902001,981
1404902002,789
1404902003,974
1404902004,915
1404903001,2245
1404903002,1113
1404903003,1033
1404903004,1119
1404903005,2324
1404903006,1095
1404903007,1625
1405001001,1745
1405002001,1215
1405101001,835
1405102001,801
1405201001,830
1405201003,956
1405201004,1002
1405201005,1438
1405201006,1122
1405202001,728
1405202002,695
1405202003,653
1405202004,738
1405203001,870
1405203002,720
1405203003,1025
1405204001,653
1405301001,2202
1405301002,1511
1405302001,998
1405302002,934
1405302003,962
1405302004,905
1405401001,1979
1405401002,2507
1405402001,2050
1405402002,1932
1405402003,1530
1405402004,1397
1405403001,1419
1405403002,863
1405404001,1049
1405404002,1237
1405404003,1528
1405501001,1555
1405501002,1147
1405501003,846
1405501004,1396
1405502001,1309
1405502002,1030
1405502003,1725
1405502004,1349
1405502005,1493
1405502006,1700
1405502007,2562
1405502008,1599
1405502009,1623
1405503001,988
1405503002,748
1405504001,667
1405504002,635
1405504003,740
1405601001,1201
1405601002,1158
1405601003,763
1405602001,1131
1405602002,1263
1405602003,1248
1405603001,1406
1405603002,1563
1405603003,1627
1405603004,1302
1405603005,1480
1405604001,1126
1405604002,993
1405604003,1796
1405604004,1046
1405604005,1860
1405604006,2195
1405605001,2180
1405605002,1102
1405605003,1396
1405605004,858
1405605005,1492
1405701001,1125
1405701002,911
1405701003,1202
1405701004,1571
1405701005,1243
1405701006,1495
1405801001,1420
1405801002,1786
1405802001,960
1405803001,1242
1405803002,1711
1405804001,1842
1405805001,1426
1405901001,837
1406001001,1620
1406001002,1394
1406002001,1752
1406002002,1331
1406101001,893
1406201001,595
1406202001,607
1406301001,1261
1406401001,385
1406501001,2385
1406601001,1556
1406601002,1705
1406601003,921
1406602001,812
1406602002,1778
1406602003,654
1406701001,1448
1406701002,1760
1406702001,1685
1406801001,719
1406901001,806
1406901002,795
1406901003,1053
1406902001,1776
1406902002,814
1406902003,663
1406903001,728
1406903002,648
1406903003,623
1406904001,639
1406904002,681
1407001001,647
1407002001,933
1407101001,1122
1407201001,677
1407201002,587
1407301001,949
1407301002,794
1407302001,1735
1407401001,670
1407401002,598
1407402001,699
1407402002,716
1407501001,696
1500101001,886
1500101002,743
1500102001,740
1500102002,771
1500103001,1491
1500103002,954
1500201001,874
1500201003,907
1500202001,886
1500202002,1358
1500203001,1527
1500203002,1185
1500203003,1277
1500203004,1692
1500203005,2177
1500203006,1026
1500203007,1695
1500203008,2040
1500203009,2460
1500203010,882
1500203011,1635
1500203012,2121
1500203013,1950
1500203014,1070
1500203015,1750
1500203016,1463
1500301001,953
1500301002,1080
1500401001,1095
1500401002,1775
1500401003,2103
1500402001,768
1500501001,2684
1500501002,1280
1500501003,1407
1500501004,1733
1500501005,1217
1500501006,1800
1500501007,2362
1500501008,1999
1500501009,1724
1500501010,1342
1500501011,1364
1500502001,1259
1500502002,1571
1500503001,1457
1500504001,1810
1500504002,1994
1500504003,2139
1500504004,1715
1500601001,1705
1500601002,1177
1500601003,803
1500601004,600
1500601005,765
1500601007,1211
1500701001,1339
1500701002,1231
1500702001,1184
1500801001,1335
1500801002,884
1500802001,1481
1500803001,1999
1500803002,1003
1500901001,1673
1500901004,1237
1500901005,1663
1500901006,1813
1500901007,1557
1500901008,1727
1500901009,743
1500901010,1468
1500901012,1471
1501001001,1127
1501002001,988
1501101001,1639
1501101002,2513
1501101003,1967
1501101005,1448
1501101006,805
1501101007,1689
1501101008,1559
1501101009,1093
1501102001,959
1501102002,949
1501102003,727
1501103001,1384
1501103002,1476
1501103003,852
1501201001,770
1501201002,1591
1501201004,967
1501201005,1014
1501301001,1700
1501302001,1257
1501302002,1804
1501303001,1579
1501304001,1179
1501401001,1362
1501401002,1351
1501402001,669
1501402002,634
1501402003,607
1501501001,1189
1501501002,993
1501501003,1112
1501601001,1123
1501601002,1618
1501601003,755
1501601004,1041
1501601005,1237
1501701001,1389
1501701002,1515
1501701003,1969
1501701004,2264
1501701005,1643
1501701006,1194
1501701007,1572
1501701008,1480
1501701009,1546
1501701010,740
1501701011,1661
1501701012,943
1501702001,1310
1501702002,1447
1501702003,2230
1501702004,1126
1501801001,1356
1501901001,976
1501901002,1363
1501901003,1898
1501901004,1668
1501901005,1617
1501901006,908
1501901007,862
1501901008,741
1501901009,1415
1501901010,1025
1501901011,623
1501901012,680
1501901013,1037
1501901014,651
1501901015,881
1501901016,742
1501901017,1086
1501901019,845
1501901020,801
1501901021,662
1501901022,654
1501901023,1695
1501901024,1192
1501901025,970
1501901026,1428
1501901027,1672
1501901029,2004
1501901030,1192
1502001001,1004
1502001002,1360
1502002001,831
1502002002,554
1502002003,627
1502101001,1132
1502101002,1238
1502101003,1875
1502102001,853
1502102002,1020
1502201001,766
1502201002,2171
1502201003,1966
1502201004,1503
1502201006,741
1502301001,1449
1502301002,2026
1502301003,1721
1502302001,1773
1502302002,791
1502401001,1893
1502401002,809
1502401003,1198
1502401004,1256
1502501001,1249
1502701001,1747
1502801001,1672
1502901001,1341
1502901002,768
1502902001,1360
1502902002,1573
1502902003,1664
1503001001,906
1503001002,815
1503001003,1177
1503001004,1604
1503001005,1278
1503001006,880
1503001007,1718
1503001008,1329
1503001009,1335
1503001012,1207
1503002001,1019
1503002002,844
1503002003,1524
1503002004,844
1503002005,1018
1503002006,1442
1503002007,1728
1503002008,1929
1503002009,1860
1503002010,1415
1503002011,931
1503002012,991
1503002013,1033
1503002014,921
1503002015,1396
1503002016,1072
1503002017,1651
1503002018,1675
1503002019,830
1503002020,1062
1503002021,1866
1503002022,1884
1503002023,1039
1503003001,872
1503003002,1365
1503003003,1493
1503003004,1016
1503003005,1336
1503003006,1167
1503003007,1404
1503003009,1266
1503003010,1203
1503003011,976
1503003012,980
1503003013,1400
1503003014,1039
1503003015,1158
1503003016,1827
1503003017,1412
1503003018,1396
1503003020,1514
1503003021,856
1503003022,1049
1503003023,738
1503004001,993
1503004002,1225
1503004003,1138
1503004004,1168
1503004005,1248
1503004006,1174
1503004007,1893
1503004008,1132
1503004009,1192
1503004010,1613
1503004011,1230
1503004012,1220
1503004013,1621
1503004014,899
1503004015,1588
1503004018,1093
1503004019,873
1503004020,1314
1503004021,700
1503004022,1086
1503004023,1884
1503004024,829
1503004025,1027
1503004026,985
1503004028,1358
1503004029,1011
1503005001,1620
1503005002,1079
1503005003,1482
1503005004,1606
1503005005,1323
1503005006,1507
1503005007,1743
1503005008,1706
1503005009,1380
1503005010,1100
1503005011,1541
1503005012,1712
1503005013,1111
1503005014,2056
1503005015,1437
1503005016,1287
1503005017,1721
1503005018,2194
1503005019,1397
1503005020,1103
1503005021,1552
1503005022,2247
1503006001,1522
1503006002,1643
1503006003,1169
1503006004,849
1503006005,1076
1503006006,777
1503006007,932
1503006008,972
1503006009,1491
1503006010,1183
1503006011,788
1503006012,1622
1503006013,1101
1503006014,1361
1503006015,1285
1503006016,1457
1503006017,1302
1503006018,1105
1503006019,1148
1503006020,787
1503006021,976
1503006022,711
1503006023,1235
1503007001,1386
1503007002,1578
1503007003,824
1503007004,1530
1503007005,1087
1503007006,1871
1503007007,1576
1503007008,1588
1503007009,1682
1503007010,1202
1503007011,1460
1503007012,1578
1503007013,1982
1503007014,1739
1503007015,1741
1503007016,1138
1503007017,770
1503007018,1239
1503007019,1097
1503007020,1548
1503007021,1454
1503007022,1294
1503007023,1337
1503007025,763
1503007026,809
1503007027,1230
1503007028,1464
1503007029,1058
1503007030,1494
1503007031,1414
1503007033,1000
1503007034,933
1503007035,1525
1503007036,2259
1503007038,1293
1503007039,1252
1503007040,1177
1503007041,994
1503007042,2068
1503007043,1377
1503008001,1238
1503008002,1870
1503008003,1499
1503008004,1486
1503008005,2147
1503008006,1224
1503008007,1051
1503009001,2412
1503009002,1812
1503009003,2309
1503009004,2383
1503009005,1399
1503009006,773
1503010001,910
1503010002,1694
1503010003,1619
1503010004,1377
1503010005,2057
1503010006,1159
1503101001,1285
1503101002,1274
1503101003,2165
1503101004,1441
1503101005,1648
1503101006,683
1503101007,1653
1503102001,1567
1503102002,2027
1503102003,1183
1503102004,2329
1503102005,1894
1503102006,1524
1503102007,1764
1503102008,767
1503102009,1172
1503103001,1482
1503103002,2413
1503103003,1163
1503201001,787
1503201002,1425
1503202001,1836
1503301001,1200
1503301003,977
1503301004,736
1503401001,932
1503401002,652
1503402001,756
1503402002,797
1503501001,659
1503501002,1545
1503501003,1443
1503501004,1446
1503501005,1194
1503501006,1394
1503501007,1524
1503501008,829
1503502001,1596
1503502002,1105
1503502003,763
1503601001,876
1503601002,1105
1503601003,1901
1503601004,901
1503601005,1022
1503601006,1919
1503601007,619
1503602001,1421
1503602003,822
1503602004,1373
1503602005,1528
1503602006,783
1503602008,1249
1503602009,853
1503602010,1544
1503602011,1154
1503602012,1289
1503602013,1075
1503602014,1310
1503602015,1377
1503602016,1125
1503603001,659
1503603002,714
1503603003,1077
1503603004,1235
1503604001,780
1503604002,848
1503604003,980
1503605001,1065
1503605002,1371
1503605003,1125
1503605004,1031
1503606001,1699
1503606002,810
1503606003,938
1503606004,608
1503606005,823
1503606006,1352
1503606008,747
1503606009,947
1503606011,723
1503606012,961
1503606013,1008
1503606014,1258
1503606015,980
1503606016,576
1503606017,1384
1503607001,1595
1503607002,1100
1503607003,2068
1503607004,973
1503607005,1227
1503607006,1676
1503607008,1252
1503607009,655
1503608001,1446
1503608002,1295
1503608003,1138
1503608004,806
1503608005,828
1503608006,853
1503608007,840
1503608008,926
1503608009,766
1503701001,1264
1503701002,806
1503701003,903
1503701004,1074
1503701005,777
1503801001,1275
1503802001,1210
1503901001,1421
1504001001,1816
1504002001,1391
1504101001,1103
1504101002,870
1504101003,752
1504101004,601
1504101005,672
1504101006,1396
1504101007,765
1504101008,856
1504101009,1099
1504101010,800
1504101011,2529
1504201001,1081
1504201002,1177
1504202001,1255
1504301001,586
1504301002,1371
1504301003,1206
1504301005,675
1504302001,1118
1504302002,812
1504401001,1455
1504501001,939
1504501002,560
1504501003,656
1504501004,621
1504501005,846
1504501006,667
1504601001,1446
1504601002,1428
1504601003,738
1504601004,950
1504601005,1276
1504601006,582
1504601007,1158
1504701001,694
1504701002,798
1504701003,712
1504701004,591
1504801001,1288
1504801002,776
1504801003,1605
1504802001,810
1504802002,1359
1504901001,641
1504901002,662
1505001001,765
1505001002,590
1505001003,734
1505101001,1228
1505101002,2230
1505102001,1138
1505102002,821
1505201001,1580
1505201002,828
1505201003,1079
1505201004,843
1505201005,738
1505301001,1502
1505301002,978
1505301003,1191
1505301004,967
1505301005,1155
1505301006,875
1505301007,1250
1505301008,1199
1505401001,1222
1505401002,957
1505401003,1306
1505402001,890
1505402002,780
1505402003,1809
1505403001,1153
1505403002,924
1505404001,1839
1505404002,2153
1505404003,1376
1505404004,1100
1505404005,2224
1505404006,1275
1505404007,998
1505404008,1159
1505404009,1179
1505404010,1571
1505404011,2063
1505404012,1313
1505404013,1920
1505404014,1411
1505404015,1548
1505404016,1524
1505404017,1456
1505404018,1184
1505404019,1882
1505404020,1358
1505501001,1447
1505501002,900
1505501003,993
1505501004,588
1505501005,705
1505501006,694
1505601001,2017
1505601002,637
1505601003,1784
1505602001,1153
1505602003,625
1505603001,793
1505701001,2247
1505701002,1139
1505702001,1881
1505702002,852
1505702003,633
1505702004,1909
1505702006,2210
1505703001,1378
1505703002,1110
1505703003,1212
1505801001,1324
1505801002,1193
1505801003,1477
1505801004,1232
1505801005,2038
1505801006,1618
1505802001,2296
1505802002,2131
1505802003,1927
1505802004,1668
1505802005,2066
1505802006,2375
1505802007,1262
1505802008,2087
1505802009,1318
1505802010,1203
1505802011,1693
1505802012,1426
1505803001,1366
1505803002,1317
1505803003,1546
1505901001,1907
1505901002,1793
1505901003,1897
1505901004,931
1505901005,1007
1505901006,892
1505902001,1004
1505902002,1093
1505903001,659
1505903002,1661
1506001001,2426
1506001002,845
1506001003,1200
1506001004,708
1506001005,1285
1506002001,936
1506101001,1566
1506101002,637
1506101003,587
1506102001,611
1506102002,668
1506102003,585
1506103001,702
1506103002,641
1506201001,744
1506201002,716
1506201003,1093
1506201004,585
1506201005,727
1506201006,1282
1506201008,712
1506201009,945
1506401001,1175
1506401003,708
1506401004,619
1506501001,1118
1506501002,1734
1506501003,1242
1506502001,1251
1506502002,747
1506503001,788
1506503002,669
1506504001,1144
1506601001,1439
1506601002,820
1506602001,1087
1506603001,745
1506603002,589
1506701001,1691
1506702001,1540
1506702002,1588
1506703001,1452
1506704001,1367
1506705001,882
1506705002,1152
1506801001,932
1506801002,675
1506802001,1660
1506802002,856
1506803001,629
1506803002,1141
1506901001,2159
1506901002,750
1506901003,1635
1506902001,1369
1506902002,812
1506902003,1392
1507001001,750
1507001002,2132
1507001003,1665
1507001004,1900
1507001005,1015
1507001006,1359
1507001007,866
1507001008,947
1507101001,917
1507101002,1644
1507102001,756
1507102002,846
1507102003,669
1507103001,1084
1507103002,898
1507104001,1985
1507104002,772
1507201001,2127
1507201002,1316
1507201003,1351
1507201004,662
1507201005,1012
1507202001,1362
1507202002,1433
1507203001,1210
1507203002,1006
1507301001,2010
1507301002,1719
1507301003,2207
1507301004,1879
1507301005,1939
1507301006,1213
1507301007,817
1507301008,702
1507301009,1064
1507301010,1426
1507302001,1198
1507302002,1199
1507302003,864
1507303001,1389
1507303002,1523
1507303003,806
1507303004,986
1507304001,685
1507304002,1177
1507304004,792
1507305001,1224
1507305002,746
1507401001,1238
1507401002,1259
1507401003,1306
1507401004,964
1507501001,1785
1507501002,1638
1507501003,2250
1507501004,1437
1507501005,1074
1507501006,1495
1507502001,2199
1507502002,1829
1507503001,1449
1507601001,1361
1507601003,616
1507601004,1042
1507701001,2171
1507701002,1312
1507701003,1136
1507701004,753
1507702001,1164
1507703001,857
1507703002,1564
1507704001,762
1507801001,622
1507801002,1482
1507801003,996
1507801004,804
1507801005,1409
1507801006,1316
1507801007,1836
1507802001,933
1507802002,1337
1507802003,899
1507802004,791
1507802005,746
1507802006,2099
1507802007,2104
1507802008,2005
1507802009,1054
1507802010,716
1507802011,1058
1507802012,1111
1507802013,1249
1507803001,686
1507803002,1259
1507803003,1026
1507803004,1046
1507803005,1698
1507803006,778
1507803007,1202
1507803008,1316
1507803009,1969
1507804001,1227
1507804002,1136
1507804003,906
1507804004,1697
1507804005,1645
1507804006,1458
1507804007,2057
1507804008,1351
1507804009,1224
1507804010,1082
1507804011,1014
1507804012,1942
1507804013,665
1507804014,1647
1507804015,1854
1507804016,1377
1507804017,1742
1507804018,1695
1507804019,1269
1507805001,904
1507805002,1725
1507805003,881
1507805004,1191
1507805005,1008
1507805006,1298
1507805007,1519
1507805008,1296
1507805010,1271
1507805011,1165
1507805012,1776
1507805013,1491
1507805014,2095
1507805015,1160
1507805016,1604
1507805017,974
1507805018,1396
1507805019,1093
1507805020,2287
1507805021,987
1507805022,688
1507805023,1212
1507806001,925
1507806002,870
1507806003,744
1507806004,708
1507806005,997
1507901001,759
1507902001,983
1508001001,957
1508002001,1008
1508101001,1211
1508201001,2573
1508201002,1709
1508201003,1164
1508201004,2052
1508201005,1366
1508201006,2009
1508201007,1045
1508201008,1025
1508202001,1266
1508202002,1402
1508203001,715
1508203002,1928
1508301001,1248
1508401001,1149
1508401002,954
1508402001,991
1508402002,612
1508501001,957
1508501002,607
1508502001,1205
1508503001,1084
1508601001,738
1508601002,1131
1508601004,660
1508601005,772
1508701001,2290
1508701002,1113
1508701003,1333
1508701004,668
1508702001,1392
1508801001,1639
1508801002,1024
1508801003,1457
1508901001,1490
1508901002,1289
1508902001,1406
1508902002,888
1509001001,635
1509001002,681
1509101001,1236
1509201001,2057
1509201002,896
1509201003,1069
1509202001,1518
1509203001,1104
1509203003,1066
1509301001,1310
1509301003,1132
1509302001,564
1509302002,691
1509303001,1205
1590101001,1456
1590101002,1457
1590101003,1328
1590201001,956
1590201002,1139
1590202001,1107
1590203001,1497
1590203002,576
1600101001,80
1600201001,238
1600301001,149
1600401001,301
1600501001,288
1600601001,144
1600701001,853
1600701002,916
1600801001,107
1600901001,73
1601001001,150
1601101001,36
1601201001,117
1601301001,25
1601401001,710
1601501001,426
1601601001,272
1601701001,455
1601801001,456
1601901001,183
1602001001,17
1602201001,94
1602301001,580
1602401001,126
1602501001,26
1602601001,112
1602701001,965
1602901001,100
1603001001,21
1603101001,48
1603201001,365
1603301001,1011
1603302002,1022
1603401001,198
1603501001,309
1603601001,145
1603801001,47
1603901001,530
1604001001,103
1604101001,438
1604201001,734
1604202001,776
1604301001,123
1604401001,40
1604501001,270
1604601001,291
1604701001,277
1604801001,498
1604901001,162
1605001001,328
1605101001,160
1605201001,814
1605301001,520
1605501001,762
1605601001,556
1605701001,87
1605801001,125
1606001001,940
1606101001,1358
1606201001,30
1606301001,135
1606401001,861
1606501001,522
1606601001,960
1606601002,1283
1606602001,932
1606701001,158
1606801001,189
1607001001,32
1607101001,19
1607201001,163
1607301001,241
1607401001,45
1607801001,1058
1607802001,982
1607802003,1080
1607803001,1496
1607803002,1137
1607803003,1287
1607803004,1379
1607803005,1407
1607803006,1119
1607803007,1521
1607803008,1825
1607804001,1276
1607804003,1553
1607804004,1586
1607804005,2227
1607804006,1256
1607804007,1340
1607804008,1125
1607804009,969
1607804010,1923
1607804011,2207
1607804012,1678
1607804013,998
1607804014,1419
1607804015,1331
1607804016,1000
1607804017,1761
1607804018,1940
1607804019,1591
1607804020,1792
1607804021,2329
1607804022,2397
1607804023,1559
1607804024,2029
1607804025,2150
1607804026,2011
1607901001,34
1608101001,53
1608201001,353
1608301001,62
1608401001,55
1608501001,180
1608601001,1295
1608701001,279
1608801001,123
1608901001,483
1609101001,77
1609201001,194
1609301001,83
1609401001,175
1609501001,98
1609601001,389
1609701001,177
1609801001,718
1609901001,218
1610001001,902
1610101001,174
1610201001,1719
1610301001,337
1610401001,61
1610601001,2322
1610602001,1351
1610701001,104
1610801001,64
1610901001,39
1611001001,140
1611101001,203
1611201001,1116
1611202001,765
1611301001,1779
1611302001,2669
1611501001,50
1611601001,77
1611701001,1336
1611801001,850
1611801002,873
1611901001,193
1612101001,296
1612201001,316
1612301001,80
1612401001,1566
1612401002,935
1612501001,1184
1612501002,1164
1612601001,977
1612801001,74
1612901001,121
1613001001,686
1613101001,128
1613201001,35
1613301001,1601
1613301002,1186
1613302001,1592
1613302002,1880
1613401001,2357
1613401002,1146
1613402001,2412
1613501001,172
1613701001,44
1613901001,355
1614001001,34
1614101001,136
1614201001,163
1614301001,21
1614501001,565
1614601001,90
1614701001,68
1614801001,698
1614901001,183
1615001001,113
1615101001,66
1615201001,40
1615301001,1213
1615401001,1392
1615401002,1280
1615401003,1066
1615402001,1086
1615402002,1943
1615501001,752
1615601001,111
1615701001,252
1615801001,707
1615901001,239
1616001001,73
1616101001,61
1616201001,41
1616301001,74
1616501001,69
1616601001,329
1616701001,355
1616901001,59
1617001001,1043
1617101001,1389
1617102001,1155
1617201001,413
1617301001,257
1617401001,221
1617501001,2019
1617501002,1996
1617502001,2737
1617502002,965
1617601001,64
1617701001,107
1618101001,81
1618501001,52
1618601001,559
1618701001,91
1618801001,130
1618901001,318
1619001001,1045
1619001002,2288
1619002001,2194
1619002002,1661
1619101001,1160
1619201001,46
1619301001,70
1619401001,263
1619501001,652
1619601001,717
1619701001,61
1619801001,822
1619802001,978
1619901001,24
1620201001,957
1620301001,1629
1620301002,2306
1620302001,2515
1620302002,2258
1620302003,1335
1620302004,2785
1620302005,1608
1620303001,1168
1620401001,313
1620501001,116
1620601001,224
1620901001,134
1621101001,460
1621201001,291
1621301001,41
1621501001,304
1621601001,338
1621701001,96
1621801001,224
1621901001,106
1622401001,88
1622501001,80
1622701001,123
1622801001,214
1623101001,62
1623401001,34
1623601001,1193
1623701001,103
1623801001,577
1623901001,149
1624001001,119
1624201001,414
1624301001,550
1624401001,808
1624501001,535
1624601001,568
1624701001,103
1624801001,1023
1624901001,1635
1624902001,1207
1625001001,82
1625101001,1154
1625101002,1119
1625301001,476
1625401001,223
1625501001,156
1625801001,252
1625901001,43
1626301001,1240
1626401001,519
1626501001,25
1626601001,353
1626901001,574
1627001001,219
1627101001,920
1627201001,267
1627301001,346
1627401001,148
1627501001,11
1627601001,27
1627701001,141
1627801001,76
1627901001,296
1628001001,215
1690101001,880
1690201001,153
1690301001,1619
1690401001,573
1690501001,1594
1690601001,93
1690801001,233
1690901001,829
1691001001,101
1700101001,826
1700201001,783
1700301001,155
1700401001,727
1700501001,563
1700601001,1661
1700701001,2281
1700801001,1444
1700801002,2501
1700801003,1661
1700901001,2737
1700901002,2407
1700902001,1337
1701001001,425
1701101001,901
1701201001,1581
1701301001,1941
1701301002,803
1701301003,1250
1701401001,86
1701501001,1785
1701501002,1163
1701501003,1390
1701501004,2291
1701501005,1433
1701502001,1656
1701502002,1289
1701502003,1872
1701502004,895
1701502005,1337
1701503001,1857
1701503002,2375
1701601001,949
1701801001,650
1701901001,2400
1702001001,1663
1702001002,1165
1702001003,2046
1702101001,200
1702201002,1736
1702201003,1983
1702201004,1949
1702202001,2298
1702202002,1523
1702202003,1272
1702301001,1258
1702301002,1863
1702301004,1975
1702301006,2173
1702301007,1046
1702302001,2302
1702302002,1468
1702302003,2077
1702302004,2370
1702302005,2613
1702302006,1542
1702302007,2307
1702302008,1107
1702302009,903
1702302010,2620
1702302011,2484
1702302012,1003
1702302013,1065
1702303001,1553
1702303002,1246
1702303003,2100
1702303004,2218
1702401001,373
1702501001,1690
1702601001,728
1702701001,2165
1702701002,1586
1702801001,391
1702901001,248
1703001001,921
1703101001,243
1703201001,2820
1703301001,2024
1703301002,2128
1703301003,1344
1703301004,1634
1703401001,2929
1703401002,1692
1703401003,1783
1703401004,2190
1703401005,1947
1703501001,686
1703601001,1424
1703601002,1013
1703601003,958
1703701001,132
1703801001,515
1703901001,1528
1703901002,831
1704001001,644
1704101001,324
1704201001,612
1704301001,182
1704401001,2034
1704401002,1755
1704402001,2881
1704402002,2365
1704402003,887
1704601001,1013
1704701001,2229
1704701002,1782
1704701003,4546
1704701004,2916
1704801001,1937
1704801002,3361
1704801003,2667
1704801004,1412
1704801005,1344
1704901001,1667
1704901002,2312
1704901003,1074
1705001001,934
1705101001,293
1705201001,150
1705401001,532
1705501001,195
1705601001,2235
1705701001,1257
1705801001,245
1706001001,534
1706101001,220
1706201001,1285
1706201002,3013
1706201003,1836
1706201004,1622
1706201005,2387
1706301001,196
1706401001,417
1706501001,458
1706601001,1072
1706601002,1247
1706601003,2501
1706601004,1223
1706601005,1622
1706601006,2471
1706601007,1851
1706601008,1121
1706602001,907
1706602002,1743
1706602003,1233
1706602004,2362
1706602005,992
1706603001,1056
1706603002,1914
1706603003,2682
1706603004,2330
1706603005,2794
1706604001,1557
1706604002,2019
1706604003,2232
1706604004,2792
1706604005,2139
1706604007,891
1706604008,1172
1706604009,1521
1706701001,1041
1706801001,320
1706901001,443
1707001001,160
1707101001,1442
1707301001,2479
1707401001,710
1707501001,398
1707601001,159
1707701001,857
1707801001,432
1707901001,1055
1707901002,884
1707901003,1253
1707901004,1332
1707901005,1909
1707901006,1517
1707902001,800
1707902002,919
1707902003,1261
1707902004,1624
1707902005,1010
1707902006,2031
1707902007,1765
1707902008,1970
1707902009,1377
1707902010,2362
1707902011,2205
1707902012,1337
1707902013,1175
1707902014,897
1707902015,2413
1707902016,1206
1707902017,1318
1707902018,1500
1707902019,2443
1707902020,1133
1707902021,1491
1707902022,1343
1707903001,927
1707903002,1053
1707903003,2070
1707903004,2587
1707903005,2671
1707903006,973
1707903007,2372
1707903008,3194
1707903009,1565
1707903010,1931
1707903011,3089
1707903012,2790
1707903013,1779
1707903014,2577
1707903015,1850
1707903016,1641
1707903017,2076
1707903018,1897
1707904001,1268
1707904002,910
1707905001,1481
1707905002,844
1707905003,1800
1707905004,845
1707905005,1144
1707905006,1269
1707906001,2029
1707906002,2542
1707906003,1971
1707906004,1634
1707906005,918
1708001001,195
1708101001,362
1708201001,536
1708301001,1064
1708301002,1828
1708301003,1118
1708401001,301
1708501001,396
1708601001,1914
1708601002,1201
1708701001,340
1708801001,767
1708901001,2092
1708901002,1774
1708901003,2436
1708901004,1896
1709001001,738
1709101001,509
1709201001,1538
1709201002,2251
1709201003,1181
1709301001,1242
1709401001,1536
1709501001,3237
1709501002,2420
1709501003,5111
1709502001,2829
1709502002,2469
1709502003,3102
1709503001,2480
1709503002,3429
1709503003,3123
1709503004,2315
1709504001,2549
1709504002,2589
1709504003,1764
1709504004,1207
1709601001,211
1709701001,283
1709801001,443
1709901001,94
1710001001,284
1710101001,723
1710201001,781
1710301001,1591
1710301002,2338
1710301003,1596
1710301004,1438
1710501001,326
1710601001,182
1710701001,339
1710901001,970
1711001001,1739
1711101001,1262
1711201001,245
1711401001,2092
1711401002,1106
1711401003,1127
1711401004,830
1711401005,752
1711401006,872
1711401007,1640
1711402001,2169
1711402002,2185
1711402003,1866
1711402004,1334
1711402005,1270
1711403001,915
1711403002,1757
1711403003,2315
1711404001,1939
1711404002,2987
1711405001,1412
1711405002,1279
1711405003,2296
1711405004,1770
1711501001,380
1711601001,452
1711701001,2310
1711701002,2027
1711701003,1983
1711701004,1839
1711701005,1372
1711702001,2384
1711702002,2870
1711702003,2654
1711703001,1593
1711703002,2179
1711703003,1552
1711801001,1801
1711801002,1954
1711801003,1448
1711801004,924
1711802001,1239
1711802002,1667
1711803001,1784
1711803002,1573
1711803003,2079
1711804001,1993
1711804002,1343
1711901001,98
1712001001,1437
1712101001,305
1712301001,474
1712401001,2533
1712501001,155
1712601001,410
1712801001,569
1712901001,189
1713001001,467
1713201001,1859
1713301001,1694
1713401001,300
1713501001,529
1713601001,223
1713701001,769
1713701002,2231
1713701003,1529
1713801001,1214
1713901001,1772
1714001001,980
1714101001,1171
1714101002,1941
1714101003,1962
1714101004,2575
1714101005,1112
1714201001,1463
1714201002,1978
1714301001,182
1714401001,291
1714501001,854
1714501002,1005
1714601001,1903
1714601002,2097
1714701001,1617
1714702001,790
1714702002,780
1714703001,1364
1714703002,854
1714703003,2115
1714703004,1973
1714704001,1258
1714801001,2148
1714901001,463
1715001001,2026
1715101001,244
1715201001,2206
1715201002,1724
1715201003,2305
1715201004,1658
1715201005,1264
1715201006,2369
1715202001,1662
1715202002,2238
1715202003,1401
1715202004,1144
1715202005,1629
1715301001,246
1715401001,133
1715501001,1463
1715501002,1236
1715501003,4003
1715501004,2501
1715501005,3440
1715501006,2533
1715501008,1523
1715501009,848
1715502001,2043
1715502002,1954
1715502003,1964
1715502004,2647
1715502005,955
1715502006,1606
1715502007,1387
1715701001,155
1715801001,590
1715901001,776
1716001001,1523
1716001002,2004
1716002001,1455
1716002002,2272
1716002003,2490
1716002004,1151
1716002005,2123
1716003001,2420
1716003002,1561
1716003003,1827
1716004001,1929
1716004002,1055
1716101001,1353
1716201001,240
1716301001,2312
1716301002,1152
1716401001,1787
1716401002,1369
1716401003,2525
1716501001,812
1716601001,708
1716701001,657
1716701002,1950
1716701003,806
1716801001,509
1716901001,2584
1716901002,850
1717001001,215
1717101001,249
1717201001,626
1717301001,242
1717401001,232
1717501001,798
1717601001,177
1717701001,674
1717801001,2138
1718001001,2411
1718001002,1715
1718001003,2428
1718001004,2755
1718001005,1658
1718001006,1634
1718101001,2602
1718101002,2592
1718201001,341
1718301001,351
1718401001,1567
1718501001,1232
1718501002,640
1718501003,1047
1718601001,1442
1718601002,2154
1718601003,1341
1718701001,815
1718801001,181
1718901001,1075
1718901002,996
1719001001,1123
1719101001,211
1719201001,195
1719301001,2394
1719301002,1700
1719301003,1757
1719401001,95
1719501001,454
1719601001,288
1719701001,170
1719801001,704
1719901001,1572
1719901002,920
1719901003,3115
1719901004,1997
1719901005,1233
1719901006,1498
1719901007,1046
1720001001,772
1720101001,150
1720201001,1411
1720201002,1658
1720201003,2612
1720301001,204
1720401001,1053
1720501001,289
1720601001,185
1720701001,1420
1720701002,1545
1720801001,1305
1720901001,901
1721001001,836
1721101001,1195
1721201001,169
1721301001,2166
1721301002,1291
1721301003,2062
1721301004,2183
1721401001,913
1721501001,1439
1721501002,1090
1721601001,216
1721701001,440
1721801001,787
1722001001,1037
1722101001,1265
1722101002,993
1722101003,1772
1722101004,1451
1722201001,153
1722301001,1190
1722401001,421
1722501001,307
1722601001,1103
1722701001,170
1722801001,399
1723001001,681
1723201001,209
1723301001,879
1723301002,2257
1723401001,245
1790101001,1284
1790201001,966
1790201002,763
1790301001,1264
1800101001,313
1800201001,658
1800301001,1844
1800301002,1171
1800301003,2447
1800301004,2481
1800301005,1902
1800301006,1709
1800301007,2001
1800301008,1675
1800301009,1718
1800301010,1358
1800401001,797
1800501001,430
1800601001,2049
1800601002,2182
1800602001,2622
1800701001,889
1801001001,644
1801101001,1262
1801101002,1780
1801101003,1566
1801101004,882
1801201001,881
1801201002,661
1801201003,711
1801201004,622
1801301001,858
1801301002,1029
1801301003,912
1801301004,2062
1801301005,1330
1801401001,1809
1801401002,1879
1801401003,2337
1801401004,2281
1801501001,529
1801601001,361
1801701001,1259
1801701002,1864
1801701003,1637
1801701004,2698
1801701005,2518
1801701006,1317
1801701007,1697
1801701008,1150
1801701009,2384
1801701010,2212
1801701011,1762
1801701012,1134
1801702001,1748
1801702002,2435
1801703001,1380
1801801001,701
1802001001,1314
1802001002,599
1802101001,1888
1802101002,1503
1802101003,1898
1802101004,1985
1802101005,1859
1802101006,2453
1802101007,1176
1802101008,1797
1802101009,1746
1802101010,1364
1802101011,1169
1802101012,1932
1802101013,1579
1802101014,826
1802201001,1501
1802201002,1628
1802201003,1223
1802201004,1377
1802201005,2568
1802201006,2572
1802201007,1466
1802202001,1728
1802202002,1850
1802202003,1657
1802301001,1328
1802301002,1090
1802301003,1393
1802301004,1332
1802301005,2011
1802301006,608
1802301007,789
1802302001,1389
1802302002,1110
1802302003,883
1802302004,1466
1802302005,2135
1802302006,924
1802302007,1458
1802303001,1339
1802303002,1389
1802401001,1005
1802501001,364
1802701001,1371
1802701002,1925
1802801001,1163
1802901001,1252
1802902001,1162
1803001001,762
1803201001,315
1803301001,296
1803401001,594
1803501001,1545
1803601001,2549
1803601002,2380
1803701001,583
1803801001,1317
1803901001,845
1803901002,1032
1803901003,1216
1803901004,1421
1804001001,408
1804201001,496
1804301001,209
1804401001,242
1804501001,1487
1804601001,812
1804602001,754
1804602002,724
1804701001,2069
1804701002,2776
1804701003,1676
1804701004,1422
1804801001,1441
1804801002,1768
1804901001,664
1805001001,656
1805001002,1387
1805101001,685
1805101002,746
1805301001,1041
1805301002,1057
1805401001,1023
1805601001,1480
1805601002,1112
1805601003,1908
1805701001,2384
1805701002,2120
1805701003,2635
1805901001,1547
1805901002,2654
1805901003,1298
1806101001,1387
1806201001,2101
1806201002,2008
1806201003,2390
1806201004,1584
1806201005,1892
1806201006,1079
1806201007,1264
1806201008,1334
1806301001,1501
1806401001,453
1806601001,1905
1806601002,669
1806701001,766
1806801001,1825
1806901001,619
1807001001,340
1807101001,1632
1807101002,1238
1807101003,1034
1807101004,1745
1807101005,1510
1807201001,780
1807401001,326
1807601001,1050
1807801001,985
1807901001,2379
1807901002,1095
1807901003,1005
1808201001,1183
1808301001,304
1808401001,2400
1808401002,2044
1808401003,946
1808501001,797
1808601001,415
1808701001,1273
1808701004,1196
1808701005,1163
1808701006,1498
1808701007,1346
1808701008,831
1808701009,1349
1808701010,750
1808701011,1774
1808701012,1181
1808701013,1466
1808701014,767
1808701015,792
1808701016,716
1808701017,644
1808701018,1076
1808701019,1708
1808701020,737
1808701021,1365
1808701022,698
1808701023,920
1808702001,860
1808702002,1436
1808702003,1036
1808702004,813
1808702005,1419
1808702006,901
1808702007,1146
1808702008,720
1808702009,1036
1808702010,1155
1808702011,874
1808702012,1127
1808702013,1373
1808702014,1422
1808702015,1208
1808702016,905
1808702017,1484
1808702018,1339
1808702019,1199
1808702020,1209
1808702021,702
1808702022,861
1808702023,1000
1808702024,731
1808702025,990
1808702027,1370
1808702028,1025
1808702029,2380
1808702030,1348
1808702031,1382
1808702032,1716
1808702033,1117
1808702034,704
1808702035,1288
1808702036,961
1808702037,2223
1808702038,860
1808702039,914
1808702040,1992
1808702041,746
1808702042,836
1808702043,2134
1808702044,1467
1808702045,1544
1808702046,2406
1808702047,1334
1808702048,961
1808702049,995
1808703002,1491
1808703003,1451
1808703004,2007
1808703005,1312
1808703006,1168
1808703007,1229
1808703008,1080
1808703009,1493
1808703010,1942
1808703011,793
1808703012,1175
1808703013,1960
1808703014,730
1808703015,1444
1808703016,1229
1808703017,998
1808703018,1429
1808703020,1514
1808703021,1338
1808703023,1885
1808703024,1067
1808703025,1376
1808703026,1589
1808703027,1247
1808703028,1028
1808703029,1559
1808703030,1515
1808703031,2414
1808703032,2467
1808703033,1848
1808703034,1402
1808703035,2462
1808703036,2089
1808703037,1610
1808703038,2496
1808703039,1403
1808703040,1184
1808703041,2019
1808703042,1073
1808703043,1550
1808703044,1516
1808703045,1597
1808704001,773
1808704002,798
1808704003,1091
1808705002,1395
1808706001,1482
1808706003,928
1808706004,879
1808706005,1478
1808706006,1935
1808706007,1147
1808706008,790
1808706009,1742
1808706010,1098
1808706011,948
1808706012,1549
1808706013,786
1808706014,999
1808706015,1064
1808706016,1061
1808706017,951
1808706018,1027
1808706019,854
1808706020,2294
1808706021,1346
1808706022,1121
1808706023,2042
1808706024,567
1808706025,1562
1808707001,1041
1808707004,904
1808707005,1353
1808707006,1050
1808707008,1357
1808707009,1406
1808707010,942
1808707011,1216
1808707012,1357
1808707013,1493
1808707014,1077
1808707015,702
1808707016,648
1808707017,1306
1808707018,1185
1808707019,1643
1808707020,857
1808707021,714
1808707022,935
1808707023,1006
1808707024,1032
1808707025,1292
1808707026,1125
1808707027,1755
1808707028,1236
1808707029,804
1808707030,1485
1808707031,673
1808707032,1803
1808707033,959
1808707034,1474
1808708001,1321
1808708002,1071
1808708003,1004
1808708004,2482
1808708006,1560
1808709001,749
1808709002,661
1808709003,2130
1808709004,2057
1808709005,1397
1808709006,1590
1808709007,1684
1808709008,1939
1808709009,1096
1808709010,1184
1808801001,1149
1808801002,835
1808901001,663
1808901002,1047
1808901003,1194
1808901004,1089
1808901005,1410
1808901007,1252
1808901008,1114
1808901009,1329
1808901010,1118
1808901011,2454
1808902001,1801
1808902002,1724
1808902003,1067
1808903001,1636
1809301001,2011
1809301002,2964
1809401001,755
1809401002,1456
1809401003,735
1809501001,2558
1809601001,438
1809701001,1193
1809801001,1752
1809801002,1947
1809801003,673
1809801004,1159
1809801005,869
1809801006,1372
1809901001,1916
1810001001,1560
1810001002,1531
1810001003,1677
1810001004,850
1810001005,1639
1810001006,1573
1810001007,1245
1810101001,2269
1810101002,2200
1810101003,2082
1810101004,1743
1810101005,1692
1810101006,1858
1810201001,1423
1810201002,2002
1810201003,1973
1810202001,639
1810202002,1626
1810202003,1432
1810202004,1405
1810301001,1014
1810501001,1185
1810501002,2255
1810501003,1720
1810502001,766
1810503001,941
1810701001,1212
1810801001,1027
1810901001,929
1811101001,1906
1811101002,1755
1811201001,134
1811401001,748
1811501001,2563
1811501002,697
1811601001,1428
1811601002,705
1811601003,918
1811601004,666
1811701001,526
1811901001,1209
1811901002,969
1812001001,358
1812101001,165
1812201001,800
1812201002,1932
1812201003,1192
1812202001,1077
1812202002,1398
1812202003,1850
1812202004,2635
1812203001,1212
1812203002,1095
1812203003,926
1812203004,2119
1812204001,751
1812204002,813
1812204003,779
1812205001,1001
1812205002,1556
1812301001,328
1812401001,504
1812601001,1853
1812701001,1554
1812701002,1621
1812701003,2140
1812701004,2044
1812701005,2234
1812701006,1003
1812701007,933
1812702001,2059
1812702002,2525
1812702003,1178
1812702004,2089
1812702005,2253
1812801001,428
1813201001,2034
1813202001,1009
1813202002,1016
1813301001,1579
1813301002,1324
1813401001,1515
1813402001,1080
1813402002,2583
1813402003,2220
1813501001,1178
1813501002,990
1813501003,2048
1813502001,729
1813503001,861
1813601001,1658
1813601002,607
1813701001,1324
1813801001,1918
1813801002,1306
1814001001,1837
1814001002,1128
1814001003,2303
1814001004,1979
1814002001,2106
1814002002,2092
1814002003,1738
1814002004,1268
1814002005,1491
1814002006,1634
1814002007,1674
1814003001,891
1814003002,1240
1814003003,2053
1814003004,1587
1814004001,1946
1814004002,1210
1814004003,1832
1814004004,2171
1814004005,1290
1814004006,2006
1814004007,2743
1814004008,2403
1814004009,1630
1814004010,2489
1814004011,1931
1814004012,1564
1814004013,1619
1814005001,1681
1814005002,2518
1814005003,1719
1814005004,2046
1814005005,2056
1814005006,995
1814101001,541
1814301001,1219
1814401001,920
1814501001,2237
1814501002,1649
1814501003,1852
1814501004,1618
1814501005,1014
1814501006,2109
1814501007,1535
1814501008,665
1814501009,1002
1814601001,1264
1814701001,2857
1814702001,2536
1814801001,1108
1814901001,1624
1814901002,1832
1814901003,2071
1814901004,1345
1815001001,1809
1815001002,1874
1815002001,2409
1815002002,2261
1815101001,323
1815201001,1182
1815301001,1999
1815301002,1823
1815301003,1606
1815301004,2679
1815301005,2049
1815301006,1056
1815401001,1263
1815701001,1407
1815801001,2274
1815801002,891
1815801003,2431
1815802001,820
1815802002,1483
1815803001,1502
1815803002,897
1815803003,1002
1815803004,1508
1815901001,1234
1816101001,234
1816201001,1847
1816301001,382
1816401001,1310
1816401002,1014
1816501001,1607
1816501002,1896
1816501003,1863
1816701001,2429
1816801001,992
1817001001,455
1817101001,688
1817101002,2047
1817301001,961
1817301002,1780
1817301003,1717
1817301004,1263
1817301005,1658
1817301006,2581
1817301007,1322
1817302001,1149
1817401001,552
1817501001,1567
1817501002,922
1817501003,1600
1817501004,1963
1817501005,2454
1817501006,1324
1817501007,799
1817501008,2101
1817501009,1315
1817502001,1123
1817601001,320
1817701001,569
1817801001,860
1817901001,710
1818001001,792
1818101001,289
1818201001,963
1818201002,1656
1818301001,623
1818401001,1550
1818401002,1326
1818501001,676
1818701001,677
1818801001,1156
1818801002,889
1818901001,991
1819201001,2023
1819301001,2019
1819301002,1003
1819301003,2529
1819301004,1768
1819301005,2515
1819301006,2244
1819301007,2182
1819301008,1474
1819301009,1110
1819301010,1730
1819401001,2187
1819401002,638
1890101001,663
1890201001,1049
1890301001,1149
1890401001,1065
1890501001,2543
1890501002,1502
1890501003,1409
1890501004,2024
1890501005,2015
1890501006,1637
1890501007,2119
1890501008,944
1890501009,1518
1890501010,2270
1890501011,1383
1890601001,1128
1890701001,1300
1890701002,974
1890801001,1063
1890901001,685
1891001001,1001
1891101001,2155
1891101002,1431
1891101003,2971
1891101004,1913
1891101005,1794
1891201001,1015
1891201002,904
1891301001,898
1900101001,61
1900201001,80
1900301001,44
1900401001,71
1900501001,99
1900601001,1022
1900701001,542
1900801001,39
1900901001,334
1901001001,11
1901101001,348
1901301001,141
1901501001,81
1901601001,58
1901701001,80
1901801001,196
1901901001,20
1902001001,72
1902101001,1401
1902201001,740
1902301001,178
1902401001,1876
1902401002,2725
1902401003,2705
1902401004,2061
1902401005,2870
1902701001,186
1903101001,17
1903201001,206
1903301001,74
1903401001,19
1903601001,436
1903701001,158
1903801001,31
1903901001,70
1904001001,60
1904101001,231
1904201001,30
1904301001,82
1904401001,479
1904501001,177
1904601001,1167
1904601002,2208
1904601003,1712
1904601004,3399
1904601005,1934
1904601006,2094
1904601007,2335
1904601008,2397
1904601009,2994
1904601010,2246
1904601011,1418
1904601012,2880
1904601013,1697
1904601014,2195
1904601015,2396
1904601016,2263
1904701001,80
1904801001,18
1904901001,16
1905001001,20
1905101001,65
1905201001,32
1905301001,1184
1905301002,1409
1905401001,214
1905501001,56
1905701001,85
1905801001,2200
1905801002,2282
1905801003,2007
1905801004,1679
1905801005,1643
1905901001,85
1906001001,180
1906101001,60
1906401001,93
1906501001,161
1906601001,73
1906701001,70
1907001001,117
1907101001,2987
1907101002,2658
1907101003,1974
1907101004,1734
1907101005,1071
1907101006,1219
1907301001,22
1907401001,100
1907501001,77
1907601001,37
1907801001,57
1907901001,8
1908001001,85
1908101001,33
1908201001,102
1908601001,1961
1908701001,23
1908801001,105
1908901001,31
1909001001,120
1909101001,31
1909201001,648
1909501001,22
1909601001,129
1909701001,23
1909801001,32
1909901001,365
1910201001,155
1910301001,288
1910401001,18
1910501001,1608
1910501002,1702
1910601001,108
1910701001,371
1910801001,121
1910901001,44
1911001001,73
1911101001,190
1911201001,57
1911301001,757
1911401001,41
1911501001,33
1911601001,18
1911701001,2349
1911801001,13
1911901001,102
1912001001,134
1912101001,307
1912201001,103
1912301001,53
1912401001,565
1912501001,52
1912601001,2339
1912701001,113
1912901001,42
1913001001,1607
1913001002,1439
1913001003,1311
1913001004,1091
1913001005,1278
1913001006,1493
1913001007,1214
1913001008,1283
1913001009,737
1913001010,865
1913001011,799
1913001012,1289
1913001013,1299
1913001014,1663
1913001015,2329
1913001016,1547
1913002001,2399
1913002002,1717
1913002003,1776
1913002004,1752
1913002005,1491
1913002006,1020
1913002007,1386
1913002008,1691
1913002009,1312
1913002010,1592
1913002011,1585
1913002012,1934
1913002013,1078
1913002014,1552
1913002015,1305
1913002016,1468
1913003001,1097
1913003002,1142
1913003003,1527
1913003004,1371
1913003005,1102
1913003007,1846
1913003008,1766
1913003009,1598
1913003010,1677
1913003011,1410
1913003012,1304
1913004001,1625
1913004002,1449
1913004003,1386
1913004004,1061
1913004005,907
1913004006,1524
1913004007,1182
1913004008,750
1913004009,1190
1913004010,1224
1913004011,1653
1913005001,1706
1913005002,1741
1913005003,1953
1913005004,1272
1913005005,955
1913201001,106
1913301001,262
1913401001,20
1913501001,133
1913601001,21
1913801001,374
1913901001,34
1914201001,317
1914301001,2473
1914501001,54
1914601001,44
1914701001,45
1914801001,56
1915001001,150
1915101001,1539
1915201001,799
1915301001,25
1915401001,70
1915501001,61
1915601001,1576
1915701001,61
1915901001,107
1916001001,1314
1916101001,247
1916201001,75
1916301001,75
1916501001,51
1916601001,193
1916701001,141
1916801001,335
1916901001,45
1917001001,262
1917101001,1563
1917101002,2266
1917101003,1610
1917101004,1225
1917201001,67
1917301001,49
1917401001,124
1917501001,45
1917601001,307
1917701001,88
1917801001,50
1917901001,95
1918101001,67
1918201001,33
1918301001,90
1918401001,120
1918501001,40
1918601001,103
1918701001,68
1918801001,52
1918901001,185
1919001001,920
1919001002,1560
1919001003,1092
1919101001,16
1919201001,1083
1919201002,1553
1919301001,30
1919401001,106
1919501001,46
1919601001,114
1919701001,24
1919801001,23
1919901001,21
1920001001,89
1920101001,68
1920201001,15
1920301001,33
1920401001,218
1920801001,47
1920901001,45
1921001001,26
1921101001,486
1921201001,1011
1921301001,85
1921401001,87
1921501001,191
1921601001,155
1921701001,73
1921801001,59
1921901001,17
1922001001,2230
1922001002,1349
1922101001,51
1922201001,137
1922301001,135
1922401001,99
1922501001,1255
1922601001,46
1922701001,75
1922801001,45
1922901001,82
1923001001,739
1923101001,14
1923201001,73
1923301001,126
1923401001,48
1923501001,118
1923701001,55
1923801001,43
1923901001,121
1924001001,51
1924101001,53
1924201001,119
1924301001,58
1924401001,96
1924501001,778
1924501002,938
1924601001,56
1924701001,177
1924801001,86
1924901001,36
1925001001,20
1925101001,55
1925201001,95
1925401001,64
1925501001,86
1925601001,58
1925701001,2022
1925701002,798
1925701003,1892
1925801001,96
1925901001,33
1926001001,48
1926101001,42
1926201001,159
1926301001,47
1926401001,39
1926501001,152
1926601001,356
1926701001,19
1926801001,36
1926901001,99
1927001001,14
1927101001,57
1927201001,114
1927401001,1482
1927701001,21
1927801001,29
1927901001,226
1928001001,2774
1928001002,2376
1928101001,28
1928201001,219
1928301001,40
1928401001,12
1928501001,25
1928601001,983
1928701001,201
1928801001,19
1928901001,33
1929001001,1336
1929101001,1431
1929301001,2651
1929401001,30
1929601001,38
1929701001,38
1929801001,89
1929901001,99
1930001001,1060
1930101001,36
1930201001,61
1930301001,63
1930401001,270
1930501001,193
1930601001,36
1930701001,23
1930801001,56
1930901001,35
1931001001,12
1931101001,99
1931401001,56
1931701001,184
1931801001,39
1931901001,1142
1931901002,1598
1931901003,1820
1931901004,1823
1932101001,55
1932201001,33
1932301001,47
1932401001,204
1932501001,153
1932601001,2551
1932701001,546
1932901001,61
1933001001,100
1933101001,1556
1933101002,2239
1933201001,104
1933301001,136
1933401001,34
1933501001,81
1990101001,40
2000101001,329
2000201001,471
2000301001,775
2000401001,327
2000501001,1744
2000601001,373
2000701001,400
2000801001,968
2000901001,1388
2000901002,1778
2000901003,1943
2000901004,1013
2000901005,1131
2000901006,1141
2000901007,1192
2000901008,1228
2000901009,1143
2000901010,1241
2000901011,1457
2001001001,1893
2001101001,2193
2001201001,217
2001301001,1539
2001301002,1917
2001301003,2047
2001301004,1492
2001401001,1523
2001501001,1700
2001601001,1140
2001601002,899
2001701001,1727
2001701002,974
2001702001,918
2001702002,2362
2001703001,1263
2001703002,1446
2001703003,897
2001703004,1893
2001801001,1334
2001801002,1598
2001801003,1648
2001801004,2253
2001801005,2184
2001801006,1872
2001801007,1312
2001801008,722
2001801009,1657
2001901001,1212
2001901002,2074
2001901003,1936
2001901004,1654
2001901005,2155
2001901007,2639
2001901008,737
2001901009,1405
2002001001,167
2002101001,260
2002201001,1056
2002301001,568
2002401001,524
2002501001,1527
2002601001,263
2002701001,2348
2002701002,1308
2002801001,1907
2002801002,1090
2002901001,1719
2002901002,1812
2002901003,888
2002902001,1031
2003001001,1549
2003001002,1421
2003001003,1064
2003001004,1578
2003001005,1410
2003002001,975
2003002002,1166
2003002003,1195
2003002004,1292
2003002005,1190
2003003001,1590
2003003003,964
2003003004,798
2003004001,1208
2003004002,999
2003004003,1197
2003004004,663
2003004005,1036
2003004006,1056
2003005001,1293
2003005002,907
2003005003,1609
2003005004,1280
2003101001,239
2003201001,1539
2003201002,1219
2003201003,1909
2003201004,821
2003201005,1261
2003201006,1047
2003201007,1413
2003201008,1176
2003201010,1103
2003301001,1121
2003401001,2063
2003401002,2027
2003501001,609
2003601001,1581
2003601002,1357
2003601003,1427
2003601004,1035
2003601005,1633
2003601006,1580
2003601007,1704
2003601008,1618
2003601009,1210
2003601010,817
2003601011,1912
2003601012,1020
2003701001,120
2003801001,497
2003901001,739
2003901002,1987
2004001001,927
2004001002,1161
2004001003,1047
2004001004,1816
2004001005,1650
2004001006,898
2004001007,1066
2004001008,1193
2004001009,603
2004001010,1811
2004001011,953
2004001012,953
2004001013,1697
2004001014,892
2004001015,881
2004001016,2053
2004101001,350
2004201001,1636
2004201002,1532
2004201003,1088
2004301001,2306
2004401001,464
2004501001,2261
2004501002,1587
2004501003,2082
2004501004,1372
2004502001,1740
2004502002,2140
2004502003,1122
2004502004,2361
2004502005,1735
2004502006,1301
2004502007,1301
2004502008,2078
2004502009,969
2004502010,2263
2004503001,1911
2004503002,1247
2004503003,1160
2004503004,984
2004503005,1535
2004503006,1401
2004503007,1367
2004503008,1187
2004503009,1318
2004503010,1605
2004503011,1020
2004503012,1529
2004503013,1829
2004503014,1233
2004503015,2213
2004503016,810
2004503017,1961
2004503018,978
2004503019,1370
2004504001,731
2004504002,857
2004504003,1733
2004504004,1082
2004504005,1132
2004504006,1677
2004504007,931
2004504008,1095
2004504009,987
2004601001,1671
2004701001,666
2004801001,260
2004901001,1922
2004901002,1880
2004901003,1663
2005001001,373
2005101001,1421
2005101002,2306
2005101003,1088
2005101004,1007
2005101005,1207
2005101006,780
2005101007,799
2005201001,1468
2005301001,1959
2005301002,1027
2005301003,1469
2005301004,1552
2005401001,640
2005501001,1350
2005501002,1270
2005501003,996
2005501004,1045
2005501005,1696
2005501006,1696
2005502001,1299
2005502002,1237
2005502003,1077
2005502004,1256
2005503001,903
2005503002,923
2005503003,1055
2005504001,1271
2005504002,1451
2005504003,1560
2005504004,1132
2005505001,835
2005601001,1358
2005601002,1611
2005601003,1493
2005602001,831
2005701001,262
2005801001,957
2005901001,1264
2005901002,990
2005901003,1128
2005901004,1121
2005901005,1300
2005901006,2033
2005901007,1672
2005902001,1774
2006001001,123
2006101001,1751
2006101002,1453
2006101003,2490
2006201001,1305
2006301001,1842
2006301002,1091
2006301003,1413
2006301004,1633
2006301005,1028
2006301006,1287
2006301007,1676
2006401001,839
2006401002,1463
2006402001,768
2006402002,708
2006402003,761
2006402009,641
2006403001,1779
2006403002,1803
2006403003,1084
2006404001,1175
2006404002,1352
2006404003,802
2006404004,1569
2006404005,1185
2006501001,1281
2006501002,1119
2006502001,1591
2006601001,594
2006701001,657
2006701002,1507
2006701003,858
2006701004,2143
2006701005,1487
2006701006,1948
2006701007,1048
2006701008,937
2006701009,1511
2006701010,678
2006701013,892
2006701014,1244
2006701015,1118
2006701016,727
2006701017,865
2006701018,752
2006701019,2173
2006701020,1186
2006701022,1654
2006701023,1280
2006701024,1251
2006701025,1236
2006701026,1597
2006701027,1064
2006701028,1936
2006701029,1755
2006701030,1096
2006701032,748
2006701033,619
2006701034,752
2006701035,796
2006701036,1715
2006801001,244
2006901001,769
2006901002,892
2006901003,1477
2006901005,1022
2006901006,1105
2006901007,793
2006902001,1002
2006902002,1385
2006902004,1155
2006902005,925
2006902006,1143
2006902007,1118
2006902008,1120
2006902009,916
2006903001,969
2006903002,980
2006903003,955
2006903004,982
2006903005,1137
2006903006,870
2006903007,759
2006903008,733
2006903009,1075
2006903010,1038
2006903011,1225
2006903012,1457
2006903013,1197
2006903014,899
2006903015,1095
2006903016,1054
2006903017,1588
2006903018,1634
2006903019,2146
2006903020,2562
2006903021,1825
2006903022,795
2006903024,1375
2006903025,2081
2006903026,1048
2006903027,1577
2006903028,949
2006903029,826
2006903030,1464
2006903031,2272
2006903032,1733
2006904001,1234
2006904002,1087
2006904003,1040
2006904004,1064
2006904005,770
2006904006,910
2006904007,1790
2006904008,1633
2006904009,1083
2006904010,1829
2006904011,1078
2006904012,1332
2006904013,1454
2006904014,1523
2006904015,1275
2006904016,843
2006904017,1307
2006904018,1431
2006904019,894
2006904020,1056
2006905001,1057
2006905002,1435
2006905003,1036
2006905004,1037
2006905005,1278
2006905006,968
2006905007,862
2006905008,1756
2006905009,1127
2006905010,1096
2006905011,687
2006905012,2037
2006905013,1241
2006905014,1795
2006906001,1035
2006906002,1343
2006906003,1341
2006906004,1869
2006906005,1745
2006906006,1148
2006906007,2167
2006906008,1238
2006906009,814
2006906010,1308
2006906011,1273
2006906012,1743
2006906013,817
2006906014,1866
2006906015,1051
2006906016,2333
2006906017,1191
2006906018,1956
2006906019,1821
2006906020,1210
2006906021,1722
2006906022,1651
2006906023,1577
2006906024,1701
2006906025,2103
2006906026,1715
2006906027,876
2006906028,1435
2006906029,1542
2006906030,1574
2006907001,1841
2006907002,1639
2006907003,1480
2006907004,894
2006907005,1312
2006907006,1255
2006907007,1520
2006907008,833
2006907009,747
2006907010,1152
2006907011,1015
2006907012,882
2006907013,995
2006907014,1476
2006907015,1889
2006907016,973
2006907017,1248
2006907018,2465
2006907019,1048
2006907020,2056
2006907021,679
2006907022,967
2006907023,1375
2006907024,1655
2006907025,681
2006907026,810
2006907027,2276
2006907028,1137
2006907030,1454
2006907031,1972
2006907032,912
2006907033,2128
2006907034,1028
2007001001,1480
2007101001,711
2007101002,756
2007101003,1154
2007101004,1618
2007102001,1047
2007102002,1845
2007102003,992
2007102004,1131
2007102005,1151
2007103001,2479
2007103002,1334
2007103003,1948
2007104001,1456
2007104002,1314
2007201001,1227
2007201002,1291
2007201003,2221
2007201004,1459
2007301001,2285
2007301002,1116
2007301003,1979
2007301004,788
2007401001,1637
2007401002,1976
2007401003,820
2007401004,1001
2007401005,1778
2007402001,869
2007402002,758
2007402003,2456
2007403001,1464
2007403002,1042
2007403003,1030
2007501001,2293
2007501002,1806
2007501003,1789
2007601001,1214
2007601002,1111
2007601003,1309
2007601004,2669
2007601005,898
2007601006,1817
2007601007,785
2007701001,834
2007701002,1579
2007701003,1192
2007701004,915
2007701005,966
2007701006,1404
2007801001,1558
2007901001,1992
2007901002,1360
2007901003,1261
2007902001,876
2007902002,1785
2007902003,1984
2007902004,1743
2007902005,1530
2007902006,1798
2007902007,1686
2007902008,2425
2007902009,1939
2007902010,1344
2007902011,1167
2008001001,1094
2008001002,1588
2008001003,753
2008001004,733
2008001005,2543
2008001006,1558
2008001007,664
2008001008,1017
2008101001,2255
2008101002,1612
2008101003,874
2008101004,1311
2008101005,1065
2008101006,2617
2090101001,1998
2090201001,1397
2090201002,1421
2090201003,1498
2090201004,1395
2090201005,690
2090201006,1591
2090201007,1098
2090201008,1145
2090201009,2386
2090201010,939
2090201011,2019
2090201012,1071
2090201013,1432
2090301001,1889
2090301002,2316
2090301003,1330
2090401001,130
2090501001,193
2090601001,165
2090701001,171
2100101001,798
2100201001,1331
2100201002,2000
2100201003,1493
2100201004,2302
2100201005,2481
2100201006,1316
2100202001,2367
2100202002,1926
2100202003,1479
2100202004,1661
2100202005,1501
2100301001,846
2100401001,1097
2100402001,766
2100501001,1840
2100501002,1441
2100501003,2154
2100501004,2281
2100502001,927
2100502002,1536
2100502003,1751
2100503001,1473
2100503002,2226
2100503003,1499
2100503004,1407
2100503005,2670
2100503006,1841
2100601001,997
2100601002,1260
2100602001,802
2100602002,1044
2100701001,1376
2100701002,749
2100702001,630
2100703001,1239
2100703002,1138
2100703003,2727
2100801001,1120
2100802001,1256
2100803001,829
2100901001,998
2101001001,986
2101001002,1540
2101001003,2264
2101001004,1558
2101001005,1702
2101002001,1070
2101002002,950
2101002003,1737
2101002004,795
2101002005,1667
2101003001,1469
2101003002,2628
2101003003,1324
2101101001,1791
2101101002,1173
2101101003,1226
2101201001,329
2101301001,2232
2101301002,741
2101302001,1273
2101302002,1774
2101303001,1547
2101303002,2523
2101304001,2191
2101305001,2112
2101401001,1968
2101401002,2226
2101401003,2050
2101501001,760
2101601001,1244
2101701001,1066
2101701002,1750
2101702001,1351
2101801001,1146
2101802001,998
2101901001,673
2102001001,416
2102101001,1275
2102101002,1631
2102101003,1766
2102101004,2817
2102101005,1345
2102102001,2679
2102102002,1381
2102102003,1303
2102102004,2063
2102102005,1780
2102102006,1128
2102201001,211
2102301001,1357
2102301002,1103
2102401001,556
2102501001,668
2102501002,1414
2102501003,1318
2102502001,912
2102502002,713
2102601001,289
2102701001,48
2102801001,426
2102901001,1103
2102902001,769
2103001001,2020
2103101001,1304
2103201001,2082
2103301001,625
2103401001,1503
2103501001,1502
2103501002,2293
2103501003,2201
2103502001,2475
2103502002,1291
2103502003,733
2103502004,1979
2103601001,214
2103701001,557
2103801001,1352
2103901001,289
2104001001,1796
2104002001,2109
2104101001,2232
2104101002,2413
2104101003,1632
2104101004,1198
2104101005,1459
2104101006,1142
2104101007,1085
2104101008,1209
2104101009,1929
2104101010,1095
2104101011,1057
2104101012,804
2104101013,2024
2104102001,2605
2104102002,1752
2104102003,1837
2104102004,2050
2104102005,1653
2104102006,1543
2104102007,929
2104102008,1013
2104102009,1864
2104102010,1741
2104103001,1293
2104103002,1758
2104103003,1476
2104103004,663
2104103005,1157
2104103006,1103
2104103007,1159
2104103008,1156
2104103009,1372
2104103010,2511
2104104001,1289
2104104002,937
2104104003,729
2104104004,1093
2104104005,1062
2104104006,888
2104104007,1083
2104104008,1789
2104104009,1099
2104104010,1132
2104104011,1497
2104104012,1184
2104104013,1393
2104104014,1654
2104105001,677
2104105002,2069
2104105003,1259
2104105004,1133
2104105005,1168
2104105006,1259
2104105007,1354
2104105008,1506
2104105009,1101
2104105010,1834
2104105011,1080
2104105012,979
2104105013,1401
2104105014,1127
2104106001,953
2104106002,1920
2104106003,994
2104106004,977
2104106005,942
2104106006,836
2104106007,2105
2104106008,1390
2104106009,950
2104107001,1323
2104107002,985
2104107003,1118
2104107004,2004
2104107005,1373
2104107006,992
2104107007,907
2104107008,1003
2104107009,1630
2104107010,1174
2104107011,1353
2104107012,1053
2104107013,1879
2104107014,1788
2104107015,1470
2104107016,1499
2104107017,1229
2104107018,2860
2104107019,1322
2104107020,2165
2104107021,1406
2104108001,2521
2104108002,1531
2104108003,1137
2104108004,771
2104108005,1598
2104108006,1103
2104108007,1211
2104108008,887
2104108009,1377
2104108010,1233
2104108011,1127
2104108012,1288
2104108013,1111
2104108014,1551
2104108015,1432
2104108016,1044
2104201001,2000
2104202001,886
2104202002,1613
2104202003,2318
2104202004,2446
2104202005,1133
2104203001,2333
2104203002,1712
2104203003,2344
2104203004,726
2104203005,1996
2104204001,1839
2104301001,1313
2104301002,1002
2104401001,1444
2104401002,1501
2104401003,1759
2104401004,2065
2104401005,1844
2104401006,1526
2104401007,1603
2104402001,2093
2104402002,1882
2104402003,2060
2104402004,1877
2104403001,1339
2104403002,1608
2104403003,2164
2104403004,2289
2104501001,230
2104601001,3015
2104701001,851
2104702001,1267
2104801001,280
2104901001,842
2104901002,1051
2104901003,1367
2104902001,810
2105001001,2224
2105001002,1481
2105001003,2516
2105002001,1823
2105002002,1387
2105002003,1286
2105003001,2180
2105003002,5169
2105003003,1798
2105003004,1438
2105101001,296
2105201001,970
2105201002,1049
2105202001,613
2105202002,1016
2105203001,712
2105203002,1187
2105301001,1002
2105302001,1674
2105303001,1328
2105401001,1561
2105401002,1814
2105401003,1618
2105401004,1999
2105401005,2450
2105401006,1176
2105501001,1670
2105501002,1773
2105501003,1787
2105501004,3054
2105501005,2130
2105601001,1503
2105601002,594
2105602001,1467
2105701001,1218
2105801001,1108
2105802001,1993
2105901001,289
2106001001,1958
2106001002,1511
2106001003,1578
2106001004,1785
2106001005,1537
2106001006,1157
2106001007,1163
2106001008,916
2106001009,1574
2106001010,1755
2106101001,1304
2106101002,2585
2106102001,1475
2106102002,2327
2106201001,1775
2106301001,1381
2106301002,2277
2106401001,2169
2106401002,1424
2106402001,1438
2106402002,1902
2106402003,1810
2106501001,447
2106601001,692
2106701001,534
2106801001,1093
2106901001,739
2106901002,1263
2107001001,1584
2107001002,2035
2107001003,1293
2107002001,1108
2107002002,1760
2107101001,227
2107201001,1034
2107201002,935
2107201003,1243
2107201004,712
2107202001,922
2107202002,1917
2107203001,1160
2107203002,1686
2107203003,1791
2107203004,1340
2107301001,2958
2107401001,804
2107401002,868
2107401003,1680
2107501001,386
2107601001,1566
2107602001,1192
2107701001,798
2107702001,1351
2107801001,708
2107801002,1151
2107802001,677
2107802002,696
2107901001,880
2200101001,267
2200201001,140
2200301001,172
2200401001,150
2200601001,363
2200701001,1201
2200801001,207
2200901001,762
2201101001,125
2201201001,122
2201301001,327
2201401001,277
2201501001,349
2201601001,707
2201701001,1136
2201801001,401
2201901001,213
2202001001,136
2202101001,1101
2202101002,1418
2202201001,681
2202301001,528
2202401001,297
2202501001,1477
2202701001,404
2202801001,436
2202901001,153
2203201001,123
2203501001,314
2203601001,107
2203701001,125
2203901001,1097
2204001001,184
2204101001,193
2204201001,137
2204301001,113
2204401001,290
2204501001,98
2204601001,866
2204701001,303
2204801002,1772
2204801003,1142
2204801004,1035
2204801005,2280
2204801006,1432
2204801007,1745
2204801008,1176
2204801009,914
2204801010,2409
2204801011,1774
2204801012,1430
2204901001,92
2205001001,100
2205101001,117
2205201001,1346
2205301001,1153
2205401001,2149
2205501001,391
2205701001,496
2205801001,242
2205901001,1535
2206001001,1539
2206101001,2381
2206101002,2339
2206101003,2252
2206101004,2489
2206201001,179
2206301001,209
2206401001,202
2206601001,1041
2206701001,84
2206801001,91
2206901001,523
2207201001,208
2207401001,459
2207501001,148
2207601001,376
2207701001,339
2207801001,554
2207901001,170
2208001001,361
2208101001,295
2208201001,349
2208301001,574
2208401001,733
2208501001,123
2208601001,243
2208701001,95
2208801001,191
2208901001,336
2209001001,124
2209401001,103
2209501001,87
2209601001,373
2209901001,646
2210201001,215
2210301001,822
2210501001,136
2210601001,24
2210701001,118
2210901001,369
2211001001,960
2211101001,192
2211201001,1074
2211201002,1330
2211201003,930
2211201004,987
2211201005,2142
2211201006,1566
2211201007,875
2211201008,2817
2211201009,1460
2211201010,1745
2211301001,622
2211401001,143
2211501001,435
2211601001,1902
2211701001,1085
2211701002,1642
2211701003,702
2211901001,1575
2212201001,73
2212401001,242
2212501001,1714
2212501002,1243
2212501003,1091
2212502001,1589
2212502002,1969
2212502003,960
2212502004,1948
2212502005,1664
2212502006,975
2212503001,1342
2212503002,1045
2212503003,1683
2212503004,1752
2212503005,1949
2212503006,2202
2212503007,1123
2212503008,1623
2212504001,2165
2212504002,1120
2212504003,1428
2212504004,1427
2212505001,2078
2212505002,1809
2212506001,1998
2212506002,786
2212506003,1164
2212506004,875
2212507001,2025
2212507002,2420
2212507003,1540
2212507004,1141
2212508002,1618
2212508003,1092
2212508004,1997
2212601001,119
2212701001,700
2212801001,214
2212901001,288
2213001001,1406
2213001002,1402
2213001003,1081
2213001004,1655
2213001005,1505
2213001006,1872
2213001007,1724
2213001008,2476
2213101001,111
2213301001,155
2213501001,216
2213601001,1024
2213701001,1324
2213901001,94
2214101001,146
2214201001,136
2214301001,304
2214401001,298
2214901001,338
2215001001,535
2215101001,107
2215501001,88
2215601001,295
2215701001,237
2215801001,1634
2215801002,1138
2215801003,1017
2215801004,1895
2215801005,1190
2215801006,1432
2215801007,1116
2215801008,1420
2215801009,1594
2215801010,2125
2215801011,2615
2216001001,256
2216201001,176
2216301001,558
2216401001,57
2216501001,570
2216701001,771
2216801001,22
2217001001,757
2217201001,691
2217301001,267
2217401001,582
2217501001,240
2217601001,206
2217701001,113
2217801001,121
2218101001,106
2218201001,314
2218401001,216
2218601001,225
2218701001,401
2218801001,119
2218901001,217
2219001001,145
2219301001,338
2219501001,300
2219701001,575
2219901001,1565
2219901002,1618
2219901003,1386
2219901004,1909
2219901005,1181
2219901006,1063
2219901007,1161
2220001001,304
2220101001,319
2220201001,161
2220301001,107
2220401001,1484
2220501001,495
2220601001,212
2220701001,147
2220801001,225
2220901001,192
2221201001,99
2221301001,1975
2221301002,1671
2221301003,647
2221401001,146
2221501001,147
2221701001,516
2221801001,52
2222001001,202
2222101001,116
2222201001,675
2222301001,107
2222501001,1503
2222501002,1158
2222501003,943
2222601001,1005
2222701001,260
2222801001,734
2222901001,148
2223001001,293
2223201001,113
2223301001,106
2223401001,1205
2223501001,103
2223601001,293
2223901001,97
2224201001,73
2224301001,37
2224401001,58
2224501001,461
2224601001,97
2224701001,43
2224801001,122
2224901001,159
2225001001,475
2225101001,434
2225201001,142
2225301001,57
2225401001,852
2225401002,985
2290101001,903
2290201001,276
2290301001,852
2290401001,1013
2290501001,373
2290601001,226
2290701001,2213
2290801001,237
2290901001,425
2300101001,1140
2300201001,1381
2300201002,1301
2300201003,1751
2300202001,866
2300202002,1400
2300202004,1386
2300203001,761
2300203002,1904
2300203003,628
2300204001,1197
2300204002,2226
2300204003,1006
2300204005,1186
2300205001,1578
2300205002,1985
2300205003,1148
2300205004,620
2300301001,688
2300301002,979
2300301003,1013
2300301004,1189
2300301005,1622
2300301006,1219
2300301007,2202
2300302001,863
2300303001,1121
2300401001,536
2300501001,1890
2300501002,1174
2300501003,1566
2300501004,1713
2300501005,1156
2300501006,1192
2300502001,1192
2300502002,1445
2300502003,993
2300502004,1740
2300502005,1147
2300502006,1393
2300502007,1718
2300502008,1400
2300502009,1244
2300503001,1834
2300503002,1485
2300503003,1953
2300503004,1711
2300503005,1337
2300503006,1368
2300503007,1392
2300503008,2061
2300503009,2060
2300504001,1785
2300504002,600
2300601001,840
2300601002,1735
2300601003,1326
2300602001,940
2300602002,891
2300701001,1591
2300701002,718
2300702001,754
2300702002,701
2300801001,1900
2300901001,1067
2300901002,1501
2300901003,1082
2300901004,1369
2300902001,1126
2300902002,689
2300902003,2270
2300902004,1244
2300902005,1356
2300903001,1372
2300903002,891
2300904001,1396
2300905001,852
2301001001,2294
2301001002,2247
2301002001,1498
2301002002,1126
2301002003,1708
2301003001,1343
2301003002,1678
2301003003,1218
2301003004,1294
2301003005,1553
2301003006,1183
2301003007,1277
2301101001,1824
2301101002,845
2301201001,1435
2301201002,979
2301201003,838
2301201004,934
2301201005,1356
2301401001,1293
2301401002,1840
2301501001,1009
2301501002,700
2301601001,498
2301701001,1310
2301702001,658
2301801001,696
2301801002,649
2301802001,871
2301803001,645
2301901001,1202
2301901002,775
2302001001,1262
2302001002,719
2302101001,641
2302401001,1228
2302401002,1296
2302401003,1209
2302401004,873
2302401005,2328
2302402001,1266
2302402002,882
2302402003,1947
2302403001,1290
2302403002,1687
2302403004,1802
2302501001,686
2302501002,1560
2302501003,1224
2302601001,979
2302601002,480
2302601003,834
2302601004,1582
2302602001,506
2302701001,870
2302801001,980
2302801002,2102
2302801003,1115
2302802001,860
2302802002,1320
2302803001,824
2302803002,611
2302901001,650
2302901002,401
2303001001,1533
2303101001,950
2303201001,707
2303301001,1118
2303301002,530
2303401001,1158
2303402001,2002
2303501001,1402
2303701001,617
2303801001,1333
2303801002,737
2303801003,1205
2303801004,1472
2303901001,1741
2303901002,1178
2304001001,1185
2304001002,619
2304101001,642
2304201001,370
2304301001,658
2304401001,1972
2304402001,1830
2304402002,1057
2304402003,1255
2304501001,1500
2304501002,1104
2304601001,1259
2304601002,1743
2304701001,914
2304701002,1131
2304801001,1038
2304901001,1051
2304902001,1199
2305001001,662
2305001002,1186
2305001003,972
2305001004,874
2305001005,1476
2305001006,1183
2305001007,1930
2305001008,1365
2305002001,1229
2305002002,922
2305002003,1437
2305002004,1193
2305002005,849
2305002006,1747
2305002007,1428
2305003001,1455
2305003002,2323
2305003003,1971
2305003004,754
2305003005,947
2305003006,1111
2305003007,723
2305003008,1647
2305003009,1118
2305003010,874
2305003011,836
2305003012,1031
2305003013,1227
2305003014,917
2305003015,1578
2305004001,1170
2305004002,819
2305004003,1135
2305004004,878
2305004005,735
2305004006,1572
2305004007,2108
2305004008,1998
2305004009,1887
2305004010,1639
2305004011,2204
2305004012,2295
2305004013,1187
2305004014,2588
2305004015,1507
2305004016,1387
2305005001,1030
2305005002,1269
2305005003,977
2305005004,1401
2305005005,1911
2305005006,1277
2305005007,1208
2305005008,1315
2305005009,1607
2305005010,1501
2305005011,1186
2305005012,1034
2305005013,1711
2305005014,1205
2305005015,1388
2305005016,2112
2305005017,1952
2305005018,1743
2305005019,1107
2305005020,887
2305005021,924
2305006001,985
2305006002,1332
2305006003,1740
2305006004,1635
2305006005,918
2305006006,950
2305007001,1323
2305007002,1016
2305007003,1180
2305007004,1452
2305008001,930
2305008002,773
2305008003,1469
2305008004,1651
2305009001,1195
2305009002,1427
2305009003,1156
2305009004,924
2305009005,1505
2305009006,1457
2305101001,1254
2305101002,2212
2305201001,656
2305201002,702
2305301001,1181
2305301002,1767
2305301003,1786
2305301004,1984
2305301005,2007
2305301006,1629
2305301007,1728
2305401001,488
2305501001,1776
2305501002,1848
2305501003,2154
2305501004,1731
2305501005,1100
2305501006,1451
2305501007,946
2305501008,2077
2305501009,1399
2305502001,1603
2305502002,1740
2305502003,1222
2305503001,1172
2305503002,1032
2305503003,1543
2305503004,1806
2305503005,1580
2305503006,1295
2305504001,1181
2305504002,1687
2305504003,1864
2305504004,1509
2305504005,1407
2305504006,1124
2305504007,1992
2305504008,2208
2305505001,1421
2305505002,1914
2305505003,2000
2305505004,870
2305506001,1477
2305506002,2054
2305506003,910
2305506004,1250
2305506005,704
2305507001,2431
2305507002,1815
2305507004,1500
2305508001,1497
2305601001,610
2305601002,975
2305601003,1159
2305601004,1093
2305701001,924
2305801001,1239
2305801002,1494
2305801003,1555
2305801004,1420
2305801005,1147
2305802001,1875
2305802002,1441
2305803001,1153
2305901001,1090
2305901002,1042
2305901003,1051
2305902001,1679
2305902002,2321
2306001001,711
2306001002,755
2306001003,842
2306002001,1019
2306002002,669
2306002003,1684
2306002004,1790
2306003001,2217
2306003002,2191
2306003003,1412
2306003004,2133
2306003005,1778
2306003006,2010
2306003007,1388
2306003008,1632
2306003009,994
2306004001,601
2306004003,736
2306101001,1967
2306101002,1762
2306101003,2313
2306102001,1984
2306102002,1917
2306201001,1035
2306201002,762
2306301001,1143
2306301002,651
2306301003,1364
2306301004,722
2306301005,910
2306401001,918
2306402001,1084
2306501001,963
2306502001,964
2306601001,1239
2306601002,1326
2306602001,1805
2306603001,1043
2306701001,911
2306702001,1178
2306702002,966
2306901001,1195
2306901002,919
2306901003,1354
2306902001,1060
2306902002,678
2306903001,783
2306903002,641
2307001001,763
2307001002,708
2307002001,1569
2307002002,1930
2307101001,2247
2307201001,940
2307201002,1602
2307301001,739
2307302001,950
2307302002,1095
2307303001,1273
2307303002,979
2307304001,577
2307401001,1927
2307402001,1768
2307501001,560
2307501002,1732
2307502001,1809
2307601001,1001
2307701001,795
2307901001,1646
2307901002,859
2307902001,865
2307903001,1342
2308001001,747
2308002001,1583
2308101001,408
2308101002,1047
2308101003,468
2308201001,1319
2308201002,1043
2308401001,1298
2308501001,1319
2308501002,755
2308501003,709
2308601001,1541
2308601002,943
2308601003,1149
2308601004,1164
2308601005,981
2308601006,935
2308601007,1366
2308601008,1507
2308601009,2147
2308601010,1408
2308601011,1475
2308701001,798
2308701002,1062
2308702001,926
2308702002,963
2308702003,1121
2308703001,1403
2308703002,1087
2308703003,2175
2308704001,1739
2308704002,1145
2308704003,1617
2308801001,902
2308801002,1035
2308802001,810
2308802002,797
2308803001,1139
2308803002,1279
2308803003,1638
2309001001,752
2309002001,806
2309101001,909
2309201001,1308
2309201002,1244
2309201003,931
2309201004,1293
2309201005,1282
2309201006,1180
2309201007,1587
2309201008,1515
2309201009,2040
2309201010,2248
2309202001,666
2309202002,639
2309202003,674
2309202004,883
2309203001,1031
2309203002,1557
2309203003,1873
2309203004,720
2309203005,1323
2309203006,1195
2309203007,911
2309203008,1048
2309204001,1567
2309204002,1290
2309204003,1214
2309204004,1091
2309204005,1620
2309205001,1247
2309301001,662
2309301002,868
2309302001,1013
2309303001,642
2309303002,803
2309401001,1057
2309401002,756
2309401003,905
2309401004,2006
2309501001,813
2309501002,1143
2309502001,1343
2309502002,1855
2309502003,2042
2309503001,1136
2309503002,1266
2309504001,1110
2309504002,384
2309601001,1503
2309601002,940
2309601003,831
2309701001,1481
2309701002,975
2309701003,1350
2309702001,997
2309702002,1159
2309702003,1395
2309702004,1238
2309801001,497
2309802001,557
2309901001,1189
2309901002,1040
2309901003,1647
2309901004,2060
2310101001,458
2390101001,746
2390102001,712
2390201001,942
2390201002,849
2390202001,1111
2390301001,1732
2390301002,938
2390302001,883
2390302002,890
2390401001,1344
2390401002,486
2390402001,517
2390402002,647
2390403001,428
2390501001,1236
2390501002,1219
2400101001,222
2400201001,300
2400301001,758
2400401001,580
2400501001,430
2400601001,611
2400701001,881
2400801001,1305
2400801002,1320
2400802001,1799
2400802002,1677
2400802003,1617
2400803001,2038
2400803002,1877
2400901001,337
2401001001,2341
2401001002,1612
2401001003,2299
2401001004,1607
2401001005,1247
2401001006,1489
2401101001,203
2401201001,329
2401401001,1022
2401401002,2052
2401401003,2005
2401401004,1050
2401401005,904
2401401006,1010
2401401007,1588
2401501001,1873
2401501002,793
2401601001,515
2401701001,637
2401801001,197
2401901001,384
2402001001,503
2402101001,1997
2402201001,368
2402301001,311
2402401001,779
2402501001,319
2402601001,1350
2402701001,1326
2402801001,437
2402901001,855
2403001001,1744
2403001002,1818
2403001003,919
2403001004,856
2403101001,253
2403201001,135
2403301001,207
2403401001,1770
2403401002,905
2403401003,1456
2403601001,303
2403701001,401
2403801001,1980
2403801002,1650
2403901001,1413
2403901002,1020
2404001001,524
2404101001,603
2404201001,77
2404301001,133
2404401001,189
2404601001,1050
2404701001,847
2404901001,1753
2405001001,114
2405101001,481
2405201001,182
2405301001,532
2405401001,497
2405501001,776
2405601001,1623
2405601002,1866
2405701001,1615
2405801001,215
2405901001,1007
2406001001,585
2406101001,1998
2406201001,153
2406301001,475
2406401001,1851
2406501001,1763
2406501002,686
2406601001,562
2406701001,809
2406801001,501
2406901001,48
2407001001,1871
2407001002,1095
2407001003,974
2407001004,1016
2407101001,1182
2407301001,608
2407401001,102
2407601001,1409
2407701001,269
2407801001,478
2407901001,997
2408001001,243
2408101001,149
2408201001,982
2408301001,1298
2408401001,193
2408601001,329
2408701001,707
2408801001,1137
2408901001,1698
2408901002,616
2408901003,1062
2408901004,758
2408901005,633
2408901006,897
2408901007,639
2408902001,1192
2408902002,1163
2408902003,1095
2408902004,1047
2408902005,1084
2408902006,980
2408902007,866
2408902008,912
2408902009,812
2408902010,834
2408903001,1533
2408903002,1357
2408903003,1116
2408903004,1396
2408903005,1168
2408903006,1135
2408903007,813
2408903008,1100
2408903009,641
2408903010,624
2408903011,1330
2408903012,762
2408903013,1140
2408903014,1028
2408903015,2032
2408903016,1589
2408903017,802
2408903018,1346
2408903019,1148
2408903020,1393
2408903021,1644
2408903022,1446
2408903023,798
2408904001,1396
2408904002,1145
2408904003,930
2408904004,958
2408904005,2333
2408904006,1453
2408904007,883
2408904008,1069
2408904009,820
2408904010,1735
2408904011,695
2408904012,714
2408904013,1263
2408904014,889
2408904015,682
2408904016,1923
2408905001,1698
2408905002,1333
2408905003,1087
2408905004,1303
2408905005,1527
2408905006,1522
2408905007,910
2408905008,889
2408905009,829
2408905010,986
2408905011,1277
2408906001,1139
2408906002,1360
2408906003,1054
2408906004,719
2408906005,996
2408906006,1013
2408906007,1231
2408906008,736
2408906009,801
2408906010,1672
2408906011,768
2408906012,661
2408906013,895
2408906014,938
2408906015,1285
2408906016,823
2408906017,605
2408906018,1361
2408907001,1312
2408907002,1049
2408907003,1893
2408907004,1153
2408907005,1985
2408907006,1779
2408907007,1026
2408907008,1246
2408907009,987
2408907010,1442
2408907011,739
2408907012,1336
2408907013,924
2408907014,753
2408907015,1809
2408908001,1262
2408908002,1514
2408909001,1679
2408909002,1098
2408909003,1203
2408910001,1269
2408910002,1358
2408910003,827
2408910004,715
2408910005,1419
2408910006,1374
2408910007,660
2408910008,1805
2409001001,408
2409101001,740
2409201001,916
2409301001,384
2409401001,1859
2409501001,338
2409601001,145
2409701001,261
2409801001,1372
2409901001,207
2410001001,898
2410101001,444
2410201001,730
2410301001,329
2410401001,302
2410501001,1798
2410601001,284
2410701001,316
2410801001,437
2410901001,1095
2411001001,1395
2411201001,320
2411301001,401
2411401001,1457
2411401002,554
2411401003,785
2411401004,857
2411501001,1784
2411501002,1451
2411501003,1708
2411501004,1163
2411501005,1874
2411501006,1724
2411501007,1722
2411501008,1544
2411501009,1271
2411501010,1069
2411501011,764
2411501012,1852
2411502001,1744
2411502002,1406
2411502003,1318
2411502004,1251
2411502005,1701
2411502006,1073
2411502007,1603
2411502008,1446
2411502009,1113
2411502010,1308
2411502011,1031
2411502012,1287
2411502013,2036
2411502014,768
2411502015,1483
2411502016,2729
2411503001,1574
2411503002,1611
2411503003,2437
2411503004,1214
2411503005,1523
2411503006,1943
2411503007,1686
2411504001,1671
2411504002,697
2411505001,2090
2411505002,1149
2411505003,1404
2411505004,1991
2411505005,794
2411505006,1913
2411505007,1685
2411506001,762
2411601001,464
2411701001,493
2411801001,143
2411901001,832
2412001001,378
2412101001,694
2412201001,1537
2412301001,768
2412401001,428
2412501001,396
2412701001,331
2412901001,120
2413001001,508
2413101001,863
2413201001,686
2413301001,379
2413401001,1642
2413401002,1233
2413401003,1512
2413601001,616
2413701001,1275
2413901001,1510
2413901002,1273
2414101001,107
2414201001,2157
2414201002,2447
2414201003,2345
2414202001,2573
2414202002,2279
2414202003,1278
2414202004,1549
2414202005,1338
2414202006,1265
2414202007,1535
2414202008,1890
2414202009,1765
2414202010,1580
2414202011,1392
2414202012,1703
2414202013,1384
2414203001,871
2414203002,1344
2414203003,1046
2414301001,565
2414401001,808
2414501001,691
2414601001,285
2414801001,1084
2414801002,902
2414901001,185
2415001001,262
2415101001,537
2415201001,518
2415301001,284
2415401001,1155
2415501001,540
2415601001,260
2415701001,1477
2415701002,1680
2415801001,353
2415901001,1415
2415901002,628
2416001001,834
2416101001,331
2416201001,1996
2416301001,2312
2416301002,2507
2416401001,388
2416501001,366
2416601001,1656
2416701001,865
2416801001,541
2416901001,1752
2416901002,855
2416901003,874
2417001001,1245
2417001002,1107
2417101001,412
2417201001,470
2417301001,1091
2417401001,520
2417501001,2124
2417601001,343
2417701001,548
2417801001,81
2417901001,343
2418001001,1297
2418101001,840
2418101002,891
2418201001,464
2418301001,945
2418401001,216
2418501001,545
2418701001,1013
2418801001,1758
2418801002,1486
2418801003,1960
2418901001,1701
2418901002,2003
2418901003,1392
2418901004,895
2418901005,1284
2419001001,181
2419101001,130
2419301001,396
2419401001,327
2419601001,1523
2419601002,798
2419701001,918
2419801001,672
2419901001,454
2420101001,1175
2420201001,1038
2420201002,1104
2420201003,854
2420201004,1216
2420201005,729
2420201006,1455
2420202001,902
2420202002,910
2420203001,913
2420203002,663
2420301001,110
2420501001,1100
2420601001,608
2420601002,1460
2420701001,370
2420901001,1181
2420901002,1432
2420901003,638
2421001001,619
2421101001,314
2421201001,1218
2421301001,148
2421401001,760
2421501001,175
2421601001,822
2421701001,152
2421801001,506
2421901001,634
2422101001,932
2422201001,1676
2422201002,1838
2422201003,1810
2422201004,2727
2422201005,1591
2422201006,933
2422202001,1790
2422202002,2632
2422202003,1835
2422202004,1624
2422301001,1081
2422301002,2113
2422401001,692
2422501001,1195
2422601001,219
2422701001,1957
2422801001,751
2422901001,490
2423001001,467
2490101001,1053
2490201001,386
2500101001,170
2500201001,594
2500301001,844
2500301002,991
2500301003,2063
2500301004,1617
2500401001,769
2500501001,356
2500601001,419
2500701001,2139
2500801001,1608
2500901001,834
2501001001,242
2501101001,2634
2501101002,2821
2501101003,1643
2501101004,2154
2501201001,1879
2501201002,1391
2501301001,1649
2501301002,1354
2501401001,315
2501501001,423
2501601001,1548
2501601002,1545
2501701001,286
2501901001,1122
2501901002,2015
2501902001,1417
2501902002,2145
2502001001,333
2502101001,798
2502102001,1440
2502102002,1309
2502201001,126
2502301001,2138
2502301002,2575
2502301003,1584
2502401001,416
2502501001,1782
2502701001,1360
2502901001,1225
2502901002,1164
2503001001,172
2503101001,73
2503201001,81
2503301001,1508
2503401001,2275
2503401002,1381
2503501001,467
2503601001,215
2503701001,479
2503801001,1131
2503801002,1284
2503901001,361
2504001001,1516
2504001002,1328
2504002001,1465
2504003001,3051
2504003002,1393
2504004001,1835
2504004002,1900
2504004003,1755
2504004004,2242
2504101001,875
2504201001,235
2504301001,992
2504401001,244
2504501001,49
2504601001,555
2504701001,1305
2504801001,1130
2504801002,1221
2504901001,192
2505001001,2356
2505001002,1544
2505001003,1056
2505101001,2075
2505201001,2342
2505301001,1516
2505501001,197
2505601001,290
2505701001,234
2505801001,868
2505801002,1613
2505802001,2086
2505802002,1521
2505901001,1140
2506001001,88
2506101001,98
2506201001,911
2506301001,102
2506401001,149
2506701001,976
2506801001,740
2506901001,565
2507001001,1083
2507101001,60
2507201001,1200
2507202001,1573
2507202002,2158
2507202003,1248
2507203001,2860
2507301001,708
2507401001,209
2507501001,140
2507601001,190
2507701001,587
2507801001,1400
2507901001,395
2508101001,395
2508201001,357
2508501001,176
2508601001,866
2508701001,72
2508801001,119
2508901001,125
2509201001,162
2509301001,838
2509401001,182
2509601001,1294
2509701001,98
2509801001,303
2509901001,1734
2510001001,216
2510101001,715
2510201001,972
2510301001,147
2510401001,136
2510501001,162
2510901001,295
2511001001,2337
2511001002,2196
2511001003,2294
2511101001,128
2511201001,350
2511301001,728
2511301002,879
2511401001,115
2511501001,1049
2511801001,438
2511901001,1885
2511901002,1612
2512001001,2265
2512001003,1746
2512001004,3312
2512001005,2182
2512001006,1669
2512001007,3069
2512001008,2796
2512001009,1550
2512001010,1719
2512001011,1529
2512001012,1752
2512001013,2153
2512001014,1853
2512002002,1604
2512002003,1466
2512002004,2914
2512002005,2546
2512002006,1208
2512002007,2097
2512002008,1367
2512002009,1887
2512003001,1337
2512003003,1851
2512003004,1354
2512003005,644
2512003006,1638
2512003007,821
2512003008,1164
2512004001,2677
2512004003,1989
2512004004,1176
2512004005,889
2512004006,1460
2512004007,1232
2512004008,1220
2512004010,1815
2512004011,1259
2512004012,1126
2512004013,1592
2512004014,1675
2512004015,1369
2512004016,1425
2512004017,1470
2512005002,1297
2512005003,1460
2512005004,1049
2512005005,1222
2512005006,1626
2512005007,978
2512005008,1223
2512005009,939
2512005010,1029
2512005011,1702
2512005012,963
2512006001,2330
2512006002,1975
2512006003,2237
2512006004,2191
2512006005,733
2512006006,1588
2512006007,2689
2512006009,1035
2512006010,1757
2512006011,1492
2512006012,1475
2512006013,1253
2512006014,3207
2512006016,978
2512006017,2217
2512007001,3161
2512007002,970
2512007003,1911
2512007004,2675
2512007005,2511
2512007006,2364
2512007007,2402
2512008001,1466
2512008002,2612
2512008003,1097
2512009001,1896
2512009002,1599
2512101001,968
2512201001,1198
2512201002,1479
2512301001,232
2512401001,195
2512501001,497
2512601001,367
2512701001,260
2512801001,159
2512901001,201
2513001001,227
2513101001,560
2513201001,196
2513301001,959
2513401001,887
2513501001,1384
2513601001,116
2513701001,2762
2513701002,3026
2513701003,1802
2513701004,2549
2513701005,2444
2513701006,2380
2513801001,671
2513901001,623
2514001001,1027
2514101001,193
2514201001,515
2514301001,105
2514501001,93
2514601001,280
2514801001,267
2514901001,1870
2515001001,235
2515101001,902
2515201001,158
2515301001,232
2515401001,141
2515501001,841
2515601001,1008
2515701001,211
2515801001,2135
2516101001,443
2516301001,269
2516401001,504
2516501001,349
2516601001,207
2516701001,302
2516801001,656
2516901001,220
2517001001,307
2517101001,1421
2517101002,1591
2517201001,1034
2517201002,1667
2517301001,1631
2517301002,687
2517401001,750
2517501001,248
2517601001,405
2517701001,450
2517901001,209
2518001001,296
2518101001,259
2518201001,1411
2518301001,667
2518501001,963
2518601001,281
2518901001,3021
2519001001,365
2519101001,423
2519201001,1107
2519301001,993
2519401001,496
2519601001,132
2519701001,175
2520001001,403
2520101001,124
2520201001,131
2520301001,794
2520301002,1631
2520301003,1931
2520301004,2585
2520301005,1907
2520301006,1414
2520301007,2104
2520401001,926
2520401002,961
2520501001,706
2520601001,359
2520701001,2110
2520701002,2014
2520701003,1448
2520702001,1919
2520702002,1576
2520801001,377
2520901001,2237
2521001001,1754
2521101001,872
2521201001,307
2521501001,413
2521601001,267
2521701001,2594
2521701002,732
2521702001,1738
2521702002,1962
2521702003,1898
2521703001,1728
2521703002,1051
2521703003,1742
2521704001,913
2521704002,1662
2521705001,567
2521801001,105
2521901001,173
2522001001,1536
2522101001,156
2522201001,76
2522301001,1202
2522401001,148
2522501001,911
2522601001,291
2522701001,761
2522801001,1892
2522801002,2620
2523001001,654
2523001002,1581
2523101001,709
2523201001,2301
2523301001,388
2523401001,1014
2523401002,1173
2523402001,1746
2523402002,1632
2523403001,740
2523801001,262
2523901001,849
2524001001,1888
2524201001,964
2524301001,1749
2524301002,1972
2524301003,1753
2524401001,514
2524501001,563
2524701001,171
2524801001,1179
2524901001,228
2525001001,422
2525101001,930
2525201001,706
2525301001,188
2525401001,1120
2525501001,546
2590101001,384
2590201001,685
2590301001,317
2590401001,163
2590501001,420
2590601001,298
2590701001,601
2590801001,260
2590901001,210
2591001001,128
2591101001,560
2591201001,1129
2591301001,106
2600101001,294
2600201001,1173
2600301001,511
2600401001,72
2600501001,1161
2600502001,2108
2600601001,2562
2600701001,701
2600801001,1418
2600802001,1385
2600901001,528
2601001001,117
2601101001,1920
2601101002,1762
2601101003,1124
2601102001,1412
2601102002,1442
2601102003,2028
2601201001,22
2601301001,462
2601401001,545
2601501001,243
2601601001,32
2601701001,482
2601801001,1196
2601801002,1672
2601801004,1336
2601802001,1375
2601802002,1703
2601802003,1185
2601802004,1344
2601802005,1375
2601802006,1505
2601802007,1860
2601901001,474
2602001001,899
2602101001,1935
2602101002,1116
2602102001,1316
2602201001,213
2602301001,555
2602401001,289
2602501001,100
2602601001,1642
2602701001,178
2602801001,157
2602901001,39
2603001001,18
2603101001,124
2603201001,56
2603301001,217
2603401001,841
2603501001,18
2603601001,856
2603602001,1072
2603602002,1422
2603602003,1809
2603602004,2435
2603603001,1071
2603603002,2298
2603603003,2098
2603603004,1791
2603603005,1076
2603603006,2421
2603603007,2078
2603603008,1444
2603603009,2331
2603701001,155
2603801001,73
2603901001,40
2604001001,88
2604101001,173
2604201001,1187
2604301001,464
2604401001,58
2604501001,12
2604601001,1290
2604601002,764
2604701001,1450
2604703001,1060
2604801001,29
2604901001,230
2605001001,134
2605101001,282
2605201001,174
2605301001,276
2605401001,366
2605501001,43
2605601001,496
2605701001,53
2605801001,164
2605901001,1541
2606001001,94
2606101001,2046
2606201001,99
2606301001,161
2606401001,1239
2606401002,1917
2606501001,48
2606601001,365
2606701001,25
2606801001,118
2606901001,285
2607001001,211
2607101001,815
2607102001,2115
2607102002,800
2607103001,1545
2607104001,1833
2607104002,943
2607104003,1657
2607104004,1828
2607201001,340
2607301001,110
2607401001,129
2607501001,460
2607601001,155
2607701001,18
2607801001,86
2607901001,857
2608001001,644
2608101001,18
2608201001,120
2608301001,309
2608401001,2417
2608401002,2097
2608401003,2027
2608401004,1394
2608401005,1371
2608601001,19
2608701001,274
2608801001,41
2608901001,1118
2608901002,1165
2608901003,1694
2608901004,1295
2608902001,1585
2608902002,2051
2608902003,1192
2608902004,1568
2608902005,1571
2608902006,1297
2608902007,2069
2608902008,1754
2608902009,1266
2608902010,1871
2608902011,988
2608902012,1247
2608902013,1051
2608902014,1084
2608902015,1594
2608902016,1318
2608902017,2479
2608902018,2098
2608902019,2059
2608902020,2743
2608902021,3120
2608902022,1883
2608902023,1885
2608902024,1993
2608902025,1432
2608903001,1154
2608903002,1112
2608903003,993
2608903004,788
2608903005,1336
2608903006,1046
2608903007,1755
2608903008,1118
2608903009,1366
2608903010,1154
2608903011,1374
2608903012,977
2608903013,1215
2608903014,927
2608903015,1413
2608903016,1294
2608903017,796
2608903018,848
2608903019,1418
2608903020,1465
2608903021,950
2608903022,1032
2608903023,900
2608903024,986
2608903025,1077
2608904001,1543
2608904002,1052
2608904003,1312
2608904004,767
2608904005,1874
2608904006,958
2608904007,756
2608904008,1468
2608904009,2230
2608904010,1608
2608904011,1433
2608904012,899
2608904013,981
2608904014,1553
2608904015,1032
2608904016,726
2608904017,976
2608904018,1167
2608904019,1187
2608904020,1133
2608904021,1368
2608904022,1543
2608904023,1869
2608904024,1059
2608904025,1394
2608904026,735
2608904027,1818
2608904028,1233
2608904029,3874
2608904030,2628
2608904031,2181
2608904032,3029
2608904033,2905
2608904034,2256
2608904035,1526
2608905001,1697
2608905002,1302
2608905003,1141
2608905004,2491
2608905005,1284
2608905006,739
2608905007,1271
2608905008,990
2608905009,1688
2608905010,1068
2608905011,1134
2608905012,1404
2608905013,1826
2608906001,765
2608906002,2125
2609101001,163
2609201001,115
2609301001,61
2609401001,85
2609501001,124
2609601001,314
2609801001,108
2609901001,724
2609901002,985
2610001001,56
2610101001,45
2610201001,740
2610201002,790
2610202001,912
2610202002,1881
2610202003,2127
2610202004,1818
2610301001,959
2610401001,16
2610501001,1529
2610501002,1426
2610601001,78
2610701001,89
2610801001,293
2610901001,95
2611001001,190
2611101001,293
2611201001,264
2611301001,33
2611401001,77
2611501001,16
2611701001,2060
2611701002,1991
2611801001,59
2611901001,259
2612001001,1128
2612001002,899
2612101001,35
2612201001,141
2612301001,145
2612401001,1013
2612501001,1996
2612501002,1759
2612601001,30
2612701001,278
2612801001,138
2612901001,1190
2613001001,248
2613101001,34
2613201001,152
2613401001,112
2613501001,159
2613601001,111
2613801001,1060
2613801002,1823
2613802001,1488
2613802002,2149
2613901001,73
2614001001,291
2614101001,126
2614201001,1037
2614301001,288
2614401001,248
2614501001,290
2614601001,118
2614701001,34
2614801001,215
2614901001,64
2615001001,140
2615101001,482
2615201001,35
2615301001,12
2615401001,15
2615501001,180
2615701001,388
2615801001,367
2616001001,974
2616101001,8
2616201001,137
2616301001,169
2616401001,65
2616501001,447
2616601001,125
2616701001,69
2616801001,1790
2616801002,2169
2616801003,2691
2616801004,935
2616901001,81
2617001001,641
2617101001,210
2617201001,29
2617301001,8
2617401001,158
2617501001,56
2617601001,68
2617701001,343
2617801001,87
2617901001,50
2618001001,275
2618101001,17
2618301001,96
2700101001,819
2700101002,719
2700101003,1108
2700201001,827
2700201002,1076
2700301001,660
2700301002,686
2700301003,806
2700401001,1392
2700501001,1401
2700501002,800
2700501003,793
2700601001,1396
2700601002,860
2700601003,756
2700701001,1319
2700701002,1086
2700701003,774
2700801001,814
2700801002,757
2700901001,891
2700901002,804
2700901003,706
2701001001,875
2701001002,774
2701001003,2040
2701001004,769
2701001005,768
2701101001,979
2701101002,1074
2701101003,770
2701201001,882
2701201002,646
2701301001,1604
2701301002,668
2701302001,1352
2701302002,745
2701401001,911
2701401002,1054
2701401003,837
2701401004,893
2701501001,1464
2701501002,1045
2701501003,1557
2701501004,826
2701601001,1208
2701601002,989
2701601003,2131
2701601004,1403
2701602001,1063
2701603001,768
2701604001,991
2701701001,1106
2701801001,596
2701801002,1571
2701802001,954
2701803001,839
2701901001,2105
2701901002,1822
2701901003,728
2701901004,1039
2701901005,1121
2701901006,1037
2701901007,2047
2702001001,1497
2702001002,598
2702001003,698
2702001004,1211
2702101001,636
2702101002,640
2702101003,760
2702201001,809
2702201002,694
2702202001,958
2702203001,656
2702204001,1664
2702204002,783
2702301001,872
2702301002,670
2702301003,1385
2702401001,1076
2702401002,721
2702501001,1794
2702501002,867
2702502001,795
2702601001,1014
2702601002,1027
2702601003,748
2702701001,1228
2702701002,1110
2702801001,1326
2702801002,934
2702801003,663
2702802001,874
2702802002,1076
2702802003,902
2702802004,760
2702802005,1710
2702802006,1855
2702802007,2033
2702802008,746
2702802009,1139
2702802010,1273
2702802011,969
2702802012,1646
2702802013,1346
2702802014,1562
2702802015,2230
2702802016,647
2702802017,2218
2702802018,1587
2702802019,1521
2702802020,1435
2702802021,1192
2702803001,1059
2702803002,2022
2702803003,1497
2702803004,1223
2702803005,1259
2702803006,823
2702803007,1488
2702803008,1110
2702803009,1235
2702803010,688
2702803011,1025
2702804001,705
2702804002,1102
2702804003,1745
2702804004,1346
2702804005,1940
2702804006,1979
2702804007,1007
2702804008,1506
2702804009,1513
2702804010,1333
2702804011,1933
2702804012,1087
2702804013,1423
2702804014,1423
2702805001,1275
2702805002,1372
2702805003,2004
2702805004,1548
2702805005,2070
2702805006,921
2702805007,1246
2702805008,810
2702805009,697
2702805010,778
2702805011,1382
2702805013,1759
2702805014,1177
2702805015,1695
2702805016,1067
2702805017,1426
2702805018,1912
2702805019,1705
2702806001,1454
2702807001,1414
2702807002,1024
2702808001,878
2702808002,1349
2702809001,1245
2702809002,1237
2702901001,1731
2703001001,1167
2703001002,1344
2703001003,917
2703001004,563
2703101001,918
2703101002,1438
2703101003,1145
2703101004,2220
2703101005,1780
2703101006,1796
2703101007,1311
2703102001,1096
2703102002,1469
2703102003,1430
2703102004,1896
2703103001,797
2703103002,979
2703103003,926
2703201001,1728
2703201002,794
2703201003,585
2703202001,672
2703301001,696
2703401001,1254
2703501001,211
2703701001,584
2703701002,644
2703801001,1090
2703901001,1861
2703901002,670
2703901003,801
2703901004,795
2703901005,956
2704001001,1325
2704001002,685
2704001003,911
2704001004,680
2704101001,1699
2704101002,1009
2704201001,980
2704201002,987
2704301001,806
2704302001,678
2704401001,1285
2704401002,1054
2704401003,970
2704501001,1155
2704601001,778
2704601002,960
2704701001,827
2704701002,1003
2704801001,1737
2704801002,797
2704901001,1624
2705001001,1841
2705001002,1660
2705101001,2160
2705101002,2093
2705101003,2488
2705101004,1150
2705101005,1117
2705101006,1002
2705201001,1011
2705301001,583
2705401001,1395
2705501001,897
2705501002,561
2705601001,1604
2705701001,1983
2705701002,1977
2705701003,2463
2705701004,1264
2705701005,882
2705701006,1444
2705702001,618
2705702002,584
2705703001,1205
2705704001,1084
2705801001,1712
2705801002,1017
2705801003,1384
2705901001,986
2705901002,735
2705901003,732
2706001001,1006
2706001002,891
2706001003,1204
2706101001,1203
2706201001,721
2706301001,1384
2706301002,685
2706401001,1085
2706401002,797
2706501001,1547
2706501002,1206
2706501003,1660
2706501004,679
2706501005,568
2706501006,1988
2706501007,1216
2706502001,1304
2706502002,908
2706503001,1046
2706503002,1113
2706504001,752
2706504002,801
2706601001,1681
2706601002,798
2706601003,2293
2706601004,1933
2706601005,2142
2706601006,1473
2706601007,1049
2706602001,1324
2706602002,590
2706603001,967
2706604001,1038
2706604002,644
2790101001,1815
2790101002,959
2790201001,1811
2790201002,1149
2790201003,1815
2790201004,1970
2790201005,924
2790201006,1991
2800101001,67
2800201001,1990
2800201002,2349
2800301001,224
2800401001,2761
2800401002,2901
2800401003,3267
2800501001,1562
2800501002,1051
2800501003,1877
2800501004,1340
2800501005,1271
2800501006,1367
2800501007,1332
2800501008,859
2800501009,1195
2800501010,1012
2800501011,1522
2800501012,2044
2800501013,1031
2800501014,1335
2800501015,2522
2800501016,1265
2800501017,1171
2800501018,1369
2800501020,1878
2800501021,1580
2800501022,1963
2800501023,1313
2800501024,1418
2800502001,1373
2800502002,1217
2800502003,1586
2800502004,1524
2800502005,1354
2800502006,1922
2800502007,1983
2800502008,2344
2800502009,815
2800502010,1483
2800502011,1409
2800502012,1281
2800502013,835
2800502014,1037
2800502015,853
2800502016,1466
2800502017,1216
2800502018,1937
2800502019,2281
2800502020,2027
2800502021,1817
2800502022,1326
2800502023,1190
2800502024,1746
2800502025,1574
2800502026,1866
2800502027,1682
2800502028,1903
2800502029,1479
2800502030,1075
2800502031,1893
2800502032,1516
2800502033,1489
2800502034,1665
2800502035,1905
2800502036,1952
2800502037,1153
2800503001,1724
2800503002,1323
2800503003,1438
2800503004,1575
2800503005,1144
2800503006,1914
2800503007,2401
2800503008,1433
2800503009,1566
2800503011,1634
2800503012,1549
2800503013,1407
2800503014,2687
2800503015,2367
2800503016,2322
2800503017,2106
2800504001,2818
2800504002,1593
2800504003,1826
2800504004,1412
2800504005,1862
2800504006,1829
2800504007,2337
2800504008,2260
2800504009,2462
2800504010,2417
2800504011,2431
2800504012,1793
2800504013,2028
2800504014,1908
2800504015,1285
2800504016,1649
2800504017,2173
2800505001,1371
2800505002,1872
2800505003,1760
2800505004,1397
2800505005,1335
2800505006,974
2800505007,2021
2800505008,1078
2800505009,1491
2800505010,889
2800505011,1496
2800505012,2039
2800505013,1131
2800505014,2385
2800505015,1528
2800505016,975
2800505017,1999
2800505018,1124
2800505019,797
2800505020,1895
2800505021,2068
2800505022,2019
2800505023,1831
2800505024,1784
2800505025,1538
2800505026,1678
2800505027,887
2800505028,1086
2800505029,1883
2800505030,699
2800505031,819
2800505032,1795
2800601001,1782
2800601002,2339
2800601003,1721
2800601004,2543
2800601005,810
2800601006,1467
2800601007,1782
2800601008,1951
2800601009,2525
2800601011,778
2800601012,1139
2800601013,1745
2800601014,1703
2800601015,1972
2800601016,1445
2800601017,1101
2800601018,1702
2800601019,720
2800601020,922
2800601021,1641
2800601022,1587
2800601023,2146
2800601024,1266
2800601025,1700
2800601026,1074
2800601027,2355
2800601028,1732
2800601029,1300
2800601030,2213
2800601031,1685
2800601032,2254
2800601033,2274
2800601034,1326
2800601035,905
2800601036,2174
2800601037,3236
2800601038,1662
2800601039,2857
2800601040,1972
2800601041,2274
2800601042,1468
2800601043,1157
2800601044,1913
2800601045,1697
2800601046,942
2800601047,1021
2800601048,2163
2800601049,1702
2800601050,1800
2800601051,2329
2800601052,1381
2800601053,2268
2800601054,1900
2800601055,2174
2800601056,1797
2800601057,1961
2800601058,1495
2800601059,3065
2800601060,971
2800601061,1080
2800601062,1465
2800601063,1620
2800601064,1611
2800601065,1495
2800601066,1933
2800701001,1327
2800701002,1975
2800701003,1452
2800701004,1371
2800701005,1668
2800701006,1005
2800701007,1527
2800701008,2144
2800701010,1560
2800701011,1580
2800701012,1358
2800701013,1190
2800701014,957
2800701015,1144
2800701016,3025
2800701017,1973
2800701018,976
2800701019,1745
2800701020,2628
2800702001,1030
2800702002,755
2800702003,1397
2800702004,1110
2800702005,1284
2800702006,1574
2800702007,725
2800702008,692
2800702009,1266
2800702010,922
2800702011,1208
2800702012,1159
2800702013,1279
2800702014,1492
2800702015,1842
2800702016,2186
2800702017,1345
2800702019,1702
2800702020,1389
2800702021,1775
2800702022,1767
2800702023,771
2800702024,883
2800702025,908
2800702026,674
2800702027,1196
2800702028,1395
2800702029,1287
2800702030,1178
2800702031,1733
2800702032,2451
2800702033,2086
2800702034,2681
2800702035,1528
2800702036,868
2800702037,1301
2800702038,1948
2800703001,1959
2800703002,1181
2800703003,848
2800703004,1272
2800703005,1430
2800703006,988
2800703007,1008
2800703008,947
2800703009,1311
2800703010,1429
2800703011,861
2800703012,1743
2800703013,1468
2800703014,1449
2800703015,1298
2800703016,1247
2800703017,1295
2800703018,1444
2800703019,1645
2800703020,1255
2800703021,1338
2800703022,855
2800703023,855
2800703024,1251
2800703025,1132
2800703026,982
2800703027,828
2800703028,641
2800703029,1038
2800704001,951
2800704002,1104
2800704003,1435
2800704004,1490
2800704005,1214
2800704006,946
2800704007,1853
2800704008,1790
2800704009,1691
2800704010,878
2800704011,1442
2800704012,1127
2800704013,1401
2800704014,1019
2800704015,1640
2800704016,1293
2800704017,1179
2800704018,1592
2800704019,1057
2800704020,1767
2800704021,1330
2800704022,1205
2800704023,2111
2800704024,1683
2800704025,2515
2800704026,2249
2800704027,2846
2800704028,2728
2800704029,1034
2800704030,1964
2800704031,1341
2800704032,2687
2800704033,1634
2800704034,1750
2800801001,2528
2800901001,2741
2800901002,2824
2800901003,1865
2800901004,1717
2800901005,2327
2800901006,1466
2800901007,2096
2800901008,2827
2800901009,2239
2801001001,2437
2801001002,2255
2801001003,2192
2801001004,2836
2801001005,2982
2801001006,1303
2801101001,607
2801201001,1211
2801301001,1569
2801301002,2268
2801301003,1855
2801301004,1095
2801301005,1556
2801301006,1044
2801301007,1204
2801301008,1801
2801301009,1648
2801302001,1238
2801302002,2167
2801302003,2552
2801302004,1421
2801302005,2282
2801302006,2102
2801302007,2679
2801302008,2126
2801303001,1155
2801303002,2539
2801303003,2438
2801303004,1504
2801303005,1814
2801303006,1769
2801303007,1617
2801303008,1451
2801303009,1183
2801303010,2274
2801304001,1010
2801304002,1527
2801304003,1519
2801304004,2503
2801304005,2882
2801401001,1572
2801401002,2204
2801401003,1824
2801401004,1917
2801401005,2663
2801401006,890
2801401007,1886
2801401008,1552
2801401009,2512
2801401010,2621
2801401011,2025
2801401012,2338
2801401013,2829
2801401014,1505
2801401015,1983
2801401016,1692
2801401017,2581
2801401018,1799
2801401019,1964
2801401020,2177
2801401021,2510
2801401022,2536
2801401023,1911
2801401024,2331
2801401025,2807
2801401026,2678
2801501001,1017
2801501002,1974
2801501003,1804
2801501004,1950
2801501005,1537
2801501006,1988
2801501007,3254
2801501008,2519
2801501009,2064
2801501010,2037
2801501011,2371
2801501012,1528
2801501013,1331
2801601001,98
2801701001,1571
2801801001,2655
2801801002,2696
2801901001,1591
2802001001,189
2802101001,634
2802201001,1976
2802201002,809
2802201003,2413
2802201004,2149
2802201005,1348
2802201006,1733
2802201007,1634
2802201008,1224
2802201009,1123
2802201010,1953
2802201011,1598
2802201012,2211
2802201013,2916
2802201014,1841
2802201015,2355
2802201016,1917
2802201017,2102
2802201018,3056
2802201019,2027
2802201020,2318
2802201021,1975
2802201022,1521
2802201023,1736
2802201024,1718
2802201025,2199
2802301001,2213
2802301002,3018
2802301003,1751
2802401001,199
2802501001,568
2802601001,1789
2802601002,1877
2802601003,1573
2802601004,2144
2802601005,2805
2802701001,1952
2802801001,2348
2802901001,732
2803001001,2590
2803101001,2760
2803201001,2838
2803201002,2073
2803201003,2137
2803301001,1749
2803301002,2440
2803301003,1586
2803401001,476
2803501001,1978
2803601001,1873
2803601002,1587
2803701001,1111
2803701002,962
2803801001,2790
2803801002,1576
2803801003,2465
2803901001,174
2804001001,1651
2804001002,1486
2804001003,1593
2804002001,2558
2804002002,1438
2804002003,2773
2804002004,2727
2804002005,2656
2804002006,2204
2804003001,2248
2804003002,2405
2804101001,1941
2804101002,2634
2804101003,2346
2804201001,1581
2804301001,1294
2804301002,2277
2804302001,1516
2804302002,1546
2804302003,1776
2804401001,1953
2804401002,3077
2804401003,2208
2804401004,1696
2804501001,2458
2804501002,2314
2804501003,1719
2804501004,2223
2804501005,1325
2804501006,2419
2804501007,1995
2804501008,2379
2804501009,1491
2804501010,1846
2804501011,1261
2804501012,2436
2804501013,2472
2804501014,1716
2804501015,1647
2804501016,2400
2804501017,2278
2804501018,1741
2804501019,1338
2804501020,2125
2804501021,2768
2804501022,1107
2804501023,1887
2804501024,2100
2804601001,1643
2804601002,1913
2804601003,2039
2804601004,1185
2804701001,2102
2804701002,1063
2804701003,2182
2804701004,3582
2804701005,3304
2804701006,2056
2804701007,2357
2804701008,1604
2804701009,2005
2804701010,1621
2804701011,1873
2804701012,1864
2804701013,2553
2804701014,2222
2804701015,1610
2804701016,3038
2804701017,1737
2804701018,2041
2804701019,2069
2804701020,2257
2804701021,1648
2804701022,2083
2804701023,1421
2804701024,1653
2804701025,1789
2804701026,2467
2804701027,1710
2804701028,1595
2804701029,1836
2804701030,1812
2804701031,1433
2804801001,671
2804901001,1091
2804901002,1739
2804901003,1535
2804901004,2592
2804901005,1413
2804901006,1707
2804901007,2815
2804901008,1409
2804901009,1508
2804901010,1716
2804901011,1080
2804901013,1733
2804901014,1144
2804901015,1557
2804901016,1329
2804901017,1511
2804901018,1354
2804901019,1569
2804901020,1350
2804901021,2356
2804901022,1454
2804901023,1735
2804901024,2148
2804902001,1716
2804902002,1331
2804902003,1155
2804902004,1892
2804902005,2231
2804902006,2287
2804902007,762
2804902008,1428
2804902009,984
2804902010,1210
2804902011,1266
2804902012,1511
2804902013,835
2804902014,1764
2804902015,2179
2804902016,2124
2804902017,1199
2804902018,1131
2804902019,1496
2804902020,1557
2804902021,1318
2804903001,1939
2804903002,1971
2804903003,2021
2804903004,2309
2804903005,1946
2804903006,1857
2804903007,1648
2804903008,1033
2804903009,1918
2804904002,2984
2805001001,2586
2805001002,3152
2805101001,2140
2805201001,2050
2805201002,2200
2805201003,1197
2805301001,2072
2805301002,2465
2805301003,2650
2805301004,2654
2805401001,2237
2805401002,2686
2805401003,1798
2805401004,1830
2805402001,2701
2805402002,1446
2805402003,1165
2805402004,1381
2805501001,1410
2805601001,1545
2805701001,2020
2805801002,1598
2805801003,1145
2805801004,2564
2805801005,1415
2805801006,1099
2805801007,961
2805802001,1393
2805802002,1820
2805802003,1482
2805802004,1349
2805802005,1228
2805802006,1373
2805802007,1012
2805802008,1225
2805802009,2009
2805802010,1380
2805802011,1703
2805802012,1840
2805802013,966
2805802014,1028
2805802015,770
2805802016,1150
2805802017,962
2805803001,1291
2805803002,1410
2805803003,1842
2805803004,1762
2805803005,1392
2805803006,1444
2805803007,1961
2805803008,2487
2805803009,1836
2805803010,1370
2805804001,1676
2805804002,1624
2805804003,1650
2805804004,1174
2805804005,1943
2805804006,2143
2805804007,2343
2805804008,2298
2805804009,1654
2805804010,1556
2805804011,1206
2805804012,926
2805804013,1709
2805804014,1858
2805804015,2129
2805804016,1414
2805805001,2751
2805805002,2321
2805805003,1204
2805805004,1106
2805805005,1837
2805805006,2272
2805806001,1042
2805806002,1523
2805806003,2236
2805806004,2119
2805806005,2239
2805806006,1796
2805806007,1769
2805806008,2033
2805806009,2079
2805806010,1807
2805806011,1794
2805806012,1627
2805806013,2191
2805806014,2387
2805806015,1941
2805806016,1918
2805806017,1829
2805806018,1505
2805806019,1665
2805807001,1661
2805807002,1581
2805807003,1963
2805807004,2275
2805807005,1218
2805807006,1837
2805807007,1567
2805807008,972
2805807009,1111
2805807010,984
2805807011,1310
2805807012,1097
2805807013,1246
2805807014,1654
2805807015,1517
2805807016,1542
2805808001,1481
2805808002,890
2805808003,778
2805808004,1344
2805808005,1293
2805808006,1827
2805808007,1901
2805808008,2105
2805808009,2164
2805808010,1387
2805808011,1133
2805808012,1404
2805808013,1887
2805808014,1302
2805808015,1625
2805808016,1380
2805809001,1463
2805809002,2554
2805809003,1680
2805809004,2204
2805809005,2297
2805809006,2081
2805809007,2072
2805809008,2484
2805809009,2567
2805809010,2230
2805809011,2258
2805809012,1977
2805901001,2887
2805901002,1802
2805901003,1720
2806001001,2026
2806101001,3111
2806101002,3167
2806101003,3045
2806101004,2966
2806101005,2423
2806101006,1993
2806101007,1957
2806101008,2076
2806101009,2778
2806101010,1173
2806101011,3664
2806101012,2463
2806101013,1564
2806201001,382
2806301001,362
2806401001,179
2806501002,2195
2806501003,768
2806501004,1245
2806501005,2311
2806501006,2551
2806501007,1091
2806501008,1555
2806501009,1050
2806501010,1544
2806501011,2063
2806501012,1406
2806501013,1092
2806501014,1398
2806501015,1503
2806501016,1407
2806501017,1211
2806501018,1502
2806501019,1193
2806502001,1321
2806502002,1229
2806502003,1723
2806502004,1487
2806502005,1527
2806502006,1292
2806502007,1376
2806502009,1323
2806502010,2038
2806502011,1089
2806502012,1652
2806502013,1963
2806502014,1551
2806502015,923
2806502016,2687
2806502017,2518
2806502018,1973
2806502019,2348
2806502020,2377
2806502021,2695
2806503001,1415
2806503002,966
2806503003,1557
2806503004,1175
2806503005,1121
2806503006,1630
2806503007,1589
2806503008,1314
2806503009,2159
2806503010,1264
2806503011,1117
2806503012,1422
2806503013,1033
2806503014,1225
2806503015,1023
2806503016,1207
2806503017,834
2806503018,1096
2806503019,1605
2806503020,704
2806503021,916
2806503022,1282
2806503023,703
2806503024,1170
2806503025,1167
2806503026,939
2806503027,1036
2806503028,1601
2806503029,1512
2806503030,1792
2806503031,918
2806503032,1206
2806503033,3164
2806503034,1637
2806503035,1988
2806503036,1747
2806503037,1850
2806503038,2263
2806503039,3337
2806503040,1722
2806503041,1283
2806503042,1952
2806503043,2066
2806504001,1487
2806504002,1553
2806504003,1672
2806504004,1232
2806504005,981
2806504006,1205
2806504007,1281
2806504008,922
2806504009,1475
2806504010,1460
2806504011,1005
2806504012,1240
2806504013,1416
2806504014,1221
2806504015,1513
2806504016,1509
2806504017,1333
2806504018,1454
2806504021,736
2806504023,1544
2806504024,840
2806504025,765
2806504026,1392
2806504027,1595
2806504028,1429
2806504029,2847
2806504030,2469
2806504031,1794
2806504032,2298
2806504033,3020
2806504034,1847
2806504035,1638
2806601001,2659
2806601002,1620
2806601003,2578
2806601004,1410
2806601005,1661
2806701001,2147
2806701002,2114
2806701003,1796
2806801001,980
2806801002,2516
2806801003,2056
2806801004,2211
2806801005,1920
2806801006,1900
2806801007,2057
2806801008,1907
2806901001,55
2807001001,179
2807101001,80
2807201001,2954
2807201002,2811
2807201003,2069
2807301001,2653
2807301002,2657
2807301003,1782
2807301004,1789
2807301005,2384
2807301006,2867
2807301007,2905
2807301008,2367
2807401001,1077
2807401002,766
2807401003,1414
2807401004,928
2807401005,1325
2807401006,1644
2807401007,1169
2807401008,981
2807401009,1675
2807401010,897
2807401011,1254
2807401012,1019
2807401013,914
2807401014,1080
2807401015,819
2807401016,1271
2807401017,945
2807401018,1879
2807401019,932
2807401020,1352
2807401021,811
2807401022,913
2807401023,988
2807401024,1619
2807401025,1986
2807401026,1225
2807402001,1387
2807402002,1082
2807402003,1469
2807402004,877
2807402005,954
2807402006,902
2807402008,1272
2807402009,964
2807402010,971
2807402011,1093
2807402012,735
2807402013,1584
2807402014,978
2807402015,1182
2807402016,962
2807402017,1247
2807402019,1421
2807402020,1122
2807402021,886
2807402022,712
2807403001,1124
2807403002,1287
2807403003,1075
2807403004,1125
2807403005,836
2807403006,1168
2807403007,1295
2807403008,1672
2807403012,1855
2807403013,1528
2807403014,1257
2807403015,1916
2807403016,1571
2807403017,1253
2807403018,2291
2807403019,1557
2807403020,1779
2807403021,2062
2807403022,1530
2807403023,1736
2807404001,1327
2807404002,1251
2807404003,1255
2807404004,1003
2807404005,1196
2807404006,971
2807404007,1083
2807404008,997
2807404009,1316
2807404010,1382
2807404011,881
2807404012,928
2807404013,1318
2807404014,894
2807404015,1084
2807404016,898
2807404017,1369
2807404018,1073
2807404019,1383
2807404020,1044
2807404021,1146
2807404022,997
2807404023,1215
2807404024,1163
2807404025,1190
2807404026,981
2807404027,894
2807404028,1055
2807404029,1088
2807404030,1020
2807404031,991
2807404032,1386
2807404033,1143
2807404034,1127
2807404035,1253
2807404036,1307
2807404037,1314
2807404038,1067
2807404039,976
2807404040,1068
2807404041,974
2807405001,1658
2807405002,2134
2807405003,1772
2807405004,1040
2807405005,1521
2807405006,1355
2807405007,1545
2807405008,1017
2807405009,1631
2807405010,2791
2807405011,1059
2807405012,3225
2807405013,1403
2807405014,1379
2807405015,1361
2807405016,2254
2807405017,1925
2807405018,1289
2807405019,2207
2807406001,1451
2807406002,1002
2807406003,2477
2807406004,1668
2807406005,1439
2807406006,1144
2807406008,1803
2807406010,1732
2807407001,1213
2807407002,1789
2807407003,1911
2807407004,2692
2807407005,2209
2807407006,2992
2807501001,2279
2807501002,2862
2807501003,3018
2807601001,591
2807801001,47
2807901001,1099
2807901002,845
2807901003,1741
2807901004,1205
2807901006,1667
2807901007,808
2807901008,772
2807901009,1267
2807901011,1023
2807901012,817
2807901013,1148
2807901014,1342
2807901015,1607
2807901016,1036
2807901018,1775
2807901019,1178
2807901020,1143
2807901021,1867
2807901022,1213
2807901023,1443
2807901024,1294
2807901025,928
2807901026,1415
2807901027,1131
2807901028,1396
2807901029,1350
2807901030,973
2807901031,1152
2807901032,1808
2807901033,1263
2807901034,1646
2807901035,1589
2807901036,1140
2807901037,1185
2807901038,1131
2807901039,1036
2807901040,840
2807901041,1034
2807901042,1078
2807901043,1211
2807901045,1335
2807901046,1526
2807901047,2206
2807901048,1323
2807901049,1325
2807901050,1440
2807901051,1464
2807901053,1400
2807901054,892
2807901055,1068
2807901056,867
2807901057,1452
2807901058,726
2807901059,1427
2807901061,824
2807901062,989
2807901063,770
2807901064,756
2807901065,773
2807901066,1468
2807901067,1097
2807901068,861
2807901069,925
2807901071,694
2807901072,1490
2807901073,1412
2807901074,1462
2807901075,1369
2807901076,1401
2807901077,1215
2807901079,1422
2807901081,1592
2807901082,1583
2807901084,1399
2807901087,1236
2807901088,1055
2807901089,1475
2807901090,807
2807901091,1065
2807901092,728
2807901093,1458
2807901094,1348
2807901095,1479
2807901096,1089
2807901097,1496
2807901098,1228
2807901099,1215
2807901100,1164
2807901101,1271
2807901102,1204
2807901103,1298
2807901104,1168
2807901105,1137
2807901106,1087
2807901107,1086
2807901108,1248
2807901109,944
2807901110,892
2807901111,922
2807901112,1002
2807901113,1131
2807901114,1484
2807901115,1033
2807901116,1430
2807901117,1641
2807901118,850
2807901119,1163
2807901120,774
2807901121,1611
2807901123,740
2807901124,743
2807902001,1111
2807902002,1472
2807902003,1182
2807902004,1028
2807902005,773
2807902006,2246
2807902007,744
2807902008,1654
2807902009,2022
2807902010,1016
2807902011,1210
2807902013,1170
2807902014,1116
2807902015,1619
2807902016,1786
2807902017,1866
2807902018,2163
2807902019,1506
2807902020,2568
2807902021,1139
2807902022,1050
2807902023,1223
2807902024,1713
2807902025,789
2807902026,1342
2807902027,960
2807902028,923
2807902029,706
2807902030,1332
2807902031,1164
2807902032,652
2807902033,1295
2807902034,869
2807902035,1005
2807902036,948
2807902037,1204
2807902038,1034
2807902039,696
2807902040,1723
2807902041,1983
2807902042,1797
2807902043,1063
2807902044,1724
2807902045,1125
2807902046,1476
2807902047,1602
2807902048,1207
2807902049,1670
2807902050,1668
2807902051,1753
2807902052,1422
2807902053,1687
2807902054,1176
2807902055,1197
2807902056,1050
2807902057,1451
2807902058,1587
2807902059,749
2807902060,1296
2807902061,845
2807902062,1015
2807902063,1546
2807902064,1676
2807902065,1658
2807902066,2600
2807902067,1427
2807902068,1321
2807902069,829
2807902070,1366
2807902071,1426
2807902072,1611
2807902073,1740
2807902074,1867
2807902075,2081
2807902077,1146
2807902078,867
2807902079,1251
2807902080,938
2807902081,1102
2807902082,1292
2807902083,1089
2807902085,1299
2807902086,1295
2807902087,2166
2807902088,712
2807902089,1138
2807902090,1909
2807902091,1189
2807902092,1909
2807902093,1575
2807902094,1772
2807902095,1625
2807902096,1751
2807902097,2691
2807902098,1191
2807902099,2724
2807902100,1378
2807902101,2913
2807902102,1751
2807902103,1998
2807902104,2367
2807902105,2194
2807902106,2329
2807902107,1352
2807902108,967
2807903001,1751
2807903002,1015
2807903003,903
2807903004,1117
2807903005,741
2807903006,2169
2807903007,923
2807903008,1078
2807903009,1002
2807903010,1026
2807903011,1074
2807903012,1018
2807903013,1045
2807903014,1279
2807903015,1080
2807903016,782
2807903017,1251
2807903018,1896
2807903019,1909
2807903020,1329
2807903021,1731
2807903022,1115
2807903023,968
2807903024,1217
2807903025,1830
2807903026,1750
2807903027,1266
2807903028,1473
2807903029,1469
2807903030,792
2807903031,1108
2807903032,1069
2807903033,1569
2807903034,1463
2807903035,1115
2807903036,941
2807903037,1434
2807903038,1120
2807903039,875
2807903040,790
2807903041,1228
2807903042,1115
2807903044,1051
2807903045,1082
2807903046,915
2807903047,1609
2807903048,1147
2807903049,1837
2807903050,1421
2807903051,1116
2807903052,933
2807903053,1435
2807903054,1348
2807903055,971
2807903056,1159
2807903057,1029
2807903058,1249
2807903059,1179
2807903060,766
2807903061,953
2807903062,664
2807903063,754
2807903064,944
2807903065,702
2807903066,900
2807903067,1183
2807903069,883
2807903070,765
2807903071,1522
2807903073,1627
2807903074,1162
2807903076,1114
2807903077,1638
2807903078,1477
2807903079,1256
2807903080,1811
2807903081,1864
2807903082,1467
2807903084,1538
2807903085,826
2807903086,1003
2807903087,1666
2807903088,632
2807903089,1956
2807903090,1183
2807903091,1718
2807903092,1873
2807903093,1205
2807903094,793
2807903095,1966
2807903096,1984
2807903097,2516
2807903098,1779
2807903099,1254
2807904001,957
2807904002,1060
2807904003,793
2807904004,914
2807904005,834
2807904006,939
2807904007,1261
2807904008,1109
2807904009,1805
2807904010,764
2807904011,1453
2807904012,1208
2807904013,930
2807904014,1210
2807904015,1283
2807904016,1277
2807904017,1282
2807904018,1249
2807904019,683
2807904020,694
2807904021,852
2807904023,860
2807904024,1327
2807904025,921
2807904026,825
2807904027,1550
2807904028,1413
2807904029,1337
2807904030,1302
2807904031,828
2807904032,782
2807904033,1104
2807904034,1565
2807904035,1438
2807904036,748
2807904037,796
2807904038,1036
2807904039,820
2807904040,815
2807904041,974
2807904042,1306
2807904043,1385
2807904044,1491
2807904045,1449
2807904046,709
2807904047,1157
2807904048,1025
2807904049,1477
2807904050,686
2807904051,1283
2807904052,1108
2807904053,1196
2807904054,1248
2807904055,1650
2807904056,1502
2807904057,1139
2807904058,1283
2807904060,1325
2807904061,1348
2807904062,1267
2807904063,1559
2807904064,985
2807904065,1637
2807904067,1051
2807904068,1011
2807904069,1456
2807904070,1292
2807904071,1251
2807904072,655
2807904073,1370
2807904074,1090
2807904075,924
2807904076,943
2807904077,1076
2807904078,692
2807904079,1102
2807904080,753
2807904081,1112
2807904082,854
2807904083,754
2807904084,818
2807904085,1914
2807904086,2552
2807904087,2365
2807904088,1923
2807904089,771
2807904090,1184
2807904091,1502
2807904092,923
2807904093,1099
2807904094,1352
2807904095,651
2807904096,758
2807904097,992
2807904098,1306
2807904099,1169
2807904100,819
2807904101,957
2807904102,1139
2807904103,1177
2807904104,1098
2807904105,1087
2807904106,1083
2807904107,656
2807904108,913
2807904109,1582
2807904110,1121
2807904111,1813
2807904112,1217
2807904113,1068
2807904114,1446
2807904115,1874
2807904116,868
2807904117,849
2807904118,780
2807904119,1417
2807904120,960
2807904121,1174
2807904123,1430
2807904124,957
2807904126,1472
2807904127,1001
2807904128,1051
2807904129,724
2807904130,814
2807905001,1158
2807905002,1624
2807905003,1885
2807905004,1352
2807905005,1353
2807905006,1299
2807905007,1822
2807905008,1550
2807905009,1166
2807905010,844
2807905011,786
2807905012,1134
2807905013,791
2807905014,1087
2807905015,1022
2807905016,820
2807905017,1336
2807905018,1304
2807905019,894
2807905020,1287
2807905021,899
2807905022,1387
2807905023,1346
2807905024,912
2807905025,1109
2807905026,1584
2807905027,1686
2807905028,1961
2807905029,1806
2807905030,1280
2807905031,954
2807905032,1407
2807905033,1976
2807905034,1588
2807905035,1269
2807905036,1666
2807905037,1248
2807905038,1829
2807905039,1514
2807905040,704
2807905041,1115
2807905042,1445
2807905043,1206
2807905044,1604
2807905045,1667
2807905046,1657
2807905047,1678
2807905048,1154
2807905049,1186
2807905051,1423
2807905052,1440
2807905053,2109
2807905054,1604
2807905055,1505
2807905056,1458
2807905057,1123
2807905058,1844
2807905059,718
2807905060,1376
2807905061,2135
2807905062,1640
2807905063,835
2807905064,2025
2807905065,1151
2807905066,1257
2807905067,2381
2807905068,1700
2807905069,857
2807905070,1936
2807905072,1562
2807905073,1681
2807905074,1447
2807905075,1709
2807905076,2264
2807905077,1466
2807905078,872
2807905079,1738
2807905080,1051
2807905081,1668
2807905082,2340
2807905083,1883
2807905084,1717
2807905085,1905
2807905086,1262
2807905087,1788
2807905088,779
2807905089,703
2807905090,961
2807905091,881
2807905092,743
2807905093,646
2807905094,2551
2807905095,1912
2807905096,1376
2807905097,1490
2807905098,1110
2807905099,1840
2807905100,1981
2807905101,2468
2807905102,876
2807906001,1281
2807906002,958
2807906003,1441
2807906004,1271
2807906005,1057
2807906006,944
2807906007,1089
2807906008,1075
2807906009,1087
2807906010,1754
2807906011,1277
2807906012,982
2807906013,1065
2807906014,1117
2807906015,1105
2807906016,1702
2807906017,1055
2807906018,1399
2807906019,2136
2807906021,1875
2807906023,1164
2807906024,705
2807906025,1076
2807906026,1040
2807906027,1183
2807906028,1310
2807906029,1491
2807906031,1174
2807906032,1062
2807906033,1387
2807906034,870
2807906035,1565
2807906036,1063
2807906037,1155
2807906038,842
2807906039,812
2807906040,1112
2807906041,1734
2807906042,1956
2807906043,1400
2807906044,1036
2807906045,1152
2807906046,1483
2807906048,966
2807906049,807
2807906050,663
2807906051,1190
2807906052,971
2807906053,1258
2807906054,1156
2807906056,2296
2807906057,1442
2807906058,1226
2807906059,976
2807906060,965
2807906061,971
2807906062,1862
2807906063,1186
2807906064,745
2807906065,859
2807906066,1268
2807906067,1192
2807906068,1230
2807906069,1472
2807906070,1339
2807906071,908
2807906072,2001
2807906073,1613
2807906074,906
2807906075,1045
2807906076,898
2807906077,865
2807906078,1028
2807906079,1013
2807906080,896
2807906081,2473
2807906084,1634
2807906085,1657
2807906089,1237
2807906090,1906
2807906091,1505
2807906092,1133
2807906093,1222
2807906094,1863
2807906095,1117
2807906096,1128
2807906097,1351
2807906098,823
2807906099,1396
2807906101,1437
2807906102,1578
2807906103,1529
2807906104,1216
2807906105,1802
2807906106,1181
2807906107,1426
2807906108,1275
2807906109,1949
2807906110,1332
2807906111,1901
2807906112,988
2807906113,1007
2807906114,1700
2807906115,1063
2807906116,2115
2807906117,1938
2807906118,988
2807906119,902
2807906120,1391
2807906121,1212
2807906122,1722
2807906123,1256
2807906124,1032
2807906125,1538
2807906126,1313
2807906127,1574
2807906128,1414
2807906129,1646
2807907001,1113
2807907002,873
2807907003,1286
2807907004,920
2807907005,665
2807907006,1377
2807907007,866
2807907008,1287
2807907009,901
2807907010,1048
2807907011,1168
2807907012,1455
2807907013,852
2807907014,1162
2807907016,1508
2807907017,918
2807907018,1536
2807907019,1158
2807907021,1821
2807907023,992
2807907024,740
2807907025,1233
2807907026,1792
2807907028,1206
2807907030,1135
2807907031,794
2807907032,1345
2807907034,1431
2807907035,739
2807907036,1552
2807907038,1068
2807907039,891
2807907040,1048
2807907041,1266
2807907042,985
2807907043,1111
2807907044,932
2807907045,942
2807907046,778
2807907047,1127
2807907048,1698
2807907049,718
2807907050,858
2807907051,720
2807907052,714
2807907053,1305
2807907055,729
2807907056,711
2807907057,1432
2807907058,1163
2807907059,799
2807907060,886
2807907061,1222
2807907062,1005
2807907063,1255
2807907064,1110
2807907065,1311
2807907066,1108
2807907067,965
2807907068,1142
2807907069,1006
2807907070,1240
2807907071,983
2807907072,1573
2807907073,1320
2807907075,983
2807907076,953
2807907078,970
2807907079,914
2807907080,1248
2807907081,1271
2807907082,1069
2807907083,723
2807907084,1104
2807907085,1509
2807907086,814
2807907087,930
2807907088,1087
2807907089,1456
2807907090,1087
2807907091,963
2807907092,1205
2807907093,1254
2807907094,1556
2807907095,1415
2807907096,1055
2807907097,803
2807907098,919
2807907099,943
2807907100,863
2807907101,1289
2807907102,1401
2807907103,1563
2807907105,1069
2807907106,1329
2807907107,1092
2807907108,987
2807907109,1324
2807907110,1035
2807907111,1279
2807907112,660
2807907113,724
2807907114,1800
2807907115,1445
2807907116,1111
2807907117,1412
2807907118,1378
2807907119,1280
2807907120,1072
2807907121,1730
2807907122,1106
2807907123,1084
2807907124,726
2807907125,1011
2807907126,1048
2807907127,1449
2807907128,779
2807907129,888
2807907130,1010
2807907131,1223
2807907132,1128
2807907133,1173
2807907134,672
2807907135,1085
2807908001,840
2807908002,713
2807908003,1180
2807908004,711
2807908005,1023
2807908006,990
2807908007,1212
2807908008,1403
2807908009,1711
2807908010,838
2807908011,726
2807908012,1269
2807908013,2514
2807908014,732
2807908015,1043
2807908016,898
2807908017,1860
2807908018,855
2807908019,895
2807908020,872
2807908021,1020
2807908022,1016
2807908023,1018
2807908024,1893
2807908025,850
2807908026,1479
2807908027,1374
2807908028,1176
2807908029,1456
2807908030,1505
2807908031,1457
2807908032,691
2807908033,1091
2807908034,1694
2807908035,1481
2807908036,1621
2807908037,861
2807908038,861
2807908039,1061
2807908040,1150
2807908041,756
2807908042,1456
2807908043,1408
2807908044,1662
2807908045,920
2807908046,1080
2807908047,1275
2807908048,1100
2807908049,2204
2807908050,1922
2807908051,1409
2807908052,1798
2807908053,1156
2807908054,1162
2807908055,1543
2807908056,1211
2807908057,1100
2807908058,885
2807908059,923
2807908060,1363
2807908061,965
2807908062,737
2807908063,856
2807908064,1238
2807908065,966
2807908066,799
2807908067,1430
2807908068,1036
2807908069,851
2807908071,1036
2807908072,1018
2807908073,874
2807908074,926
2807908075,907
2807908076,882
2807908077,993
2807908078,844
2807908079,989
2807908080,907
2807908081,929
2807908082,1012
2807908083,1027
2807908084,938
2807908085,889
2807908086,811
2807908087,762
2807908088,831
2807908089,721
2807908090,1241
2807908091,841
2807908092,994
2807908093,998
2807908094,1170
2807908095,1662
2807908096,1550
2807908097,831
2807908098,1826
2807908099,1547
2807908100,1420
2807908102,2142
2807908103,1469
2807908104,1193
2807908105,841
2807908106,945
2807908107,735
2807908108,714
2807908109,1234
2807908110,1091
2807908111,1562
2807908112,1114
2807908113,900
2807908114,928
2807908115,1078
2807908116,767
2807908117,907
2807908119,1598
2807908120,1027
2807908121,1486
2807908122,904
2807908123,1398
2807908124,1730
2807908125,1141
2807908126,1458
2807908128,2477
2807908129,1054
2807908130,787
2807908131,2914
2807908132,988
2807908133,776
2807908134,1385
2807908135,2545
2807908136,1360
2807908137,1606
2807908138,1141
2807908139,1337
2807908140,874
2807908141,1045
2807908142,1283
2807908143,1271
2807908144,1599
2807908145,1336
2807908146,1554
2807908147,1586
2807908148,1985
2807908149,790
2807908150,1345
2807908151,910
2807908152,1624
2807908153,1632
2807908154,1706
2807908155,1414
2807908156,2525
2807908157,776
2807908158,1519
2807908159,2018
2807908160,2981
2807908161,3484
2807908162,1467
2807908163,1936
2807908164,2468
2807908165,1534
2807908166,1137
2807908167,3078
2807908168,2911
2807908169,2257
2807908170,2522
2807908171,3015
2807908172,3084
2807908173,3066
2807908174,1796
2807908175,1062
2807908176,2310
2807908177,1324
2807908178,1890
2807909001,1116
2807909002,1123
2807909004,1370
2807909005,775
2807909006,676
2807909007,895
2807909008,1099
2807909009,978
2807909010,2440
2807909011,1373
2807909012,704
2807909013,1338
2807909014,1830
2807909015,1616
2807909016,913
2807909017,1135
2807909018,1369
2807909019,1456
2807909020,918
2807909021,1047
2807909022,1121
2807909023,1802
2807909024,714
2807909025,964
2807909026,1261
2807909028,1591
2807909029,1005
2807909030,1217
2807909031,662
2807909033,1519
2807909034,1457
2807909035,797
2807909036,998
2807909037,2053
2807909038,1146
2807909039,1094
2807909040,830
2807909041,1635
2807909043,1876
2807909044,1141
2807909045,1061
2807909046,1549
2807909047,1391
2807909049,1131
2807909050,869
2807909051,1403
2807909052,2073
2807909053,2626
2807909054,1319
2807909055,1775
2807909056,2127
2807909057,881
2807909058,923
2807909060,1554
2807909061,945
2807909063,1366
2807909064,1523
2807909065,1230
2807909066,800
2807909067,815
2807909068,1001
2807909069,798
2807909070,765
2807909071,2829
2807909072,2434
2807909073,1631
2807909074,1578
2807909075,2322
2807909076,1073
2807909077,1133
2807909078,2101
2807909079,2165
2807909080,2830
2807909081,834
2807909082,859
2807909083,2857
2807909084,857
2807909085,1612
2807909086,3308
2807909087,2184
2807909088,2427
2807909089,1548
2807910001,1005
2807910002,987
2807910003,907
2807910004,767
2807910005,1264
2807910006,2320
2807910007,1289
2807910008,923
2807910009,1149
2807910010,911
2807910011,724
2807910012,964
2807910013,750
2807910014,886
2807910015,1266
2807910016,1310
2807910017,871
2807910018,810
2807910020,885
2807910021,1360
2807910022,1033
2807910023,886
2807910024,1234
2807910025,1209
2807910026,943
2807910027,1204
2807910028,1238
2807910029,1367
2807910030,1342
2807910031,846
2807910032,1356
2807910033,951
2807910034,789
2807910035,964
2807910036,1474
2807910037,1629
2807910038,789
2807910039,1218
2807910040,1030
2807910041,1491
2807910042,1351
2807910043,1465
2807910044,878
2807910046,1279
2807910047,945
2807910048,1188
2807910049,1230
2807910050,1432
2807910051,973
2807910052,1138
2807910053,1140
2807910054,1334
2807910055,1238
2807910056,1117
2807910057,1524
2807910058,1170
2807910059,1203
2807910060,2034
2807910061,1565
2807910062,878
2807910063,1626
2807910065,805
2807910067,894
2807910068,870
2807910069,1448
2807910070,1132
2807910072,2052
2807910073,1167
2807910074,838
2807910075,861
2807910076,986
2807910077,817
2807910078,1056
2807910081,653
2807910082,896
2807910083,764
2807910084,2008
2807910086,1531
2807910087,1041
2807910088,1284
2807910089,1072
2807910090,915
2807910091,1079
2807910092,860
2807910093,910
2807910094,1212
2807910095,1267
2807910096,1499
2807910098,1091
2807910099,1095
2807910100,1048
2807910101,1145
2807910102,684
2807910103,1134
2807910104,654
2807910105,582
2807910106,877
2807910107,1092
2807910108,828
2807910109,1435
2807910110,857
2807910111,780
2807910112,1062
2807910113,928
2807910114,1072
2807910115,1195
2807910116,1496
2807910117,1260
2807910118,1132
2807910119,1616
2807910120,1161
2807910121,1223
2807910122,1097
2807910123,1005
2807910124,1453
2807910125,804
2807910126,1340
2807910127,1039
2807910128,1250
2807910129,683
2807910130,1621
2807910131,1136
2807910132,802
2807910133,1748
2807910134,654
2807910135,818
2807910136,1190
2807910137,1015
2807910138,768
2807910139,1153
2807910140,890
2807910142,1824
2807910143,1289
2807910144,1335
2807910145,1536
2807910146,1306
2807910147,1503
2807910148,1402
2807910149,1003
2807910150,859
2807910151,1834
2807910152,769
2807910153,2427
2807910154,871
2807910156,955
2807910157,792
2807910158,1266
2807910159,1246
2807910161,1706
2807910162,965
2807910163,808
2807910164,1424
2807910165,1221
2807910167,2275
2807910168,1280
2807910169,782
2807910170,1166
2807910171,1152
2807910172,760
2807910173,1624
2807910174,975
2807910175,838
2807910176,1324
2807910178,1107
2807910179,1127
2807910180,1265
2807910181,1232
2807910182,1096
2807910183,1053
2807910184,957
2807910185,776
2807910187,1324
2807910188,1012
2807910189,1518
2807910190,1055
2807910191,1643
2807910192,1735
2807910193,778
2807910194,963
2807910196,714
2807910197,1150
2807910198,1309
2807910199,1640
2807910201,1075
2807910202,739
2807910203,1576
2807910204,895
2807910205,1496
2807910206,1316
2807910207,1452
2807910209,1335
2807910210,1209
2807910211,1038
2807910212,1002
2807910213,2339
2807910214,1941
2807910215,1488
2807910216,2602
2807910217,1003
2807910218,1166
2807910219,1472
2807910220,2000
2807911001,1172
2807911002,1663
2807911003,1799
2807911004,1500
2807911005,1155
2807911006,1242
2807911007,1996
2807911010,852
2807911011,842
2807911012,2028
2807911013,1527
2807911015,1503
2807911016,1097
2807911017,1170
2807911018,783
2807911019,723
2807911021,1353
2807911022,1513
2807911023,1258
2807911024,1334
2807911025,1357
2807911026,2201
2807911028,957
2807911029,885
2807911030,790
2807911031,1029
2807911032,1394
2807911033,1621
2807911034,1044
2807911035,1127
2807911036,1266
2807911037,1275
2807911038,1044
2807911039,1610
2807911040,917
2807911041,1396
2807911042,1174
2807911043,1033
2807911044,1784
2807911045,796
2807911046,850
2807911047,1244
2807911048,1533
2807911049,1931
2807911050,1178
2807911051,1421
2807911054,1286
2807911055,1299
2807911056,1056
2807911057,1014
2807911058,807
2807911059,1252
2807911060,1265
2807911061,987
2807911062,1557
2807911063,2071
2807911065,1556
2807911066,700
2807911067,2823
2807911068,1279
2807911069,2198
2807911070,2054
2807911071,1741
2807911072,1450
2807911073,1323
2807911074,888
2807911075,804
2807911078,1458
2807911079,927
2807911080,1728
2807911081,1699
2807911082,1127
2807911083,867
2807911084,767
2807911085,1266
2807911086,1007
2807911087,1439
2807911088,1622
2807911089,1879
2807911091,1416
2807911092,1130
2807911093,1253
2807911094,1481
2807911095,1251
2807911096,896
2807911097,1147
2807911098,1445
2807911099,1030
2807911100,1999
2807911101,1642
2807911102,1419
2807911103,1612
2807911104,1137
2807911105,834
2807911106,889
2807911107,1219
2807911108,1153
2807911109,1280
2807911110,1135
2807911111,1126
2807911112,1216
2807911113,1605
2807911114,1244
2807911115,1824
2807911116,790
2807911117,1632
2807911118,1105
2807911119,1277
2807911120,1056
2807911121,1371
2807911122,1035
2807911123,918
2807911124,1552
2807911125,1510
2807911126,2818
2807911128,1151
2807911129,1019
2807911130,1655
2807911131,974
2807911132,930
2807911133,1004
2807911134,803
2807911135,956
2807911136,1177
2807911137,2111
2807911138,1084
2807911139,1371
2807911140,1550
2807911141,1251
2807911142,702
2807911143,1288
2807911145,1217
2807911146,1438
2807911147,1549
2807911148,2037
2807911149,895
2807911150,1229
2807911151,1103
2807911152,2110
2807911153,1575
2807911154,1247
2807911155,2369
2807911156,2184
2807911157,1125
2807911158,1249
2807911159,653
2807911160,874
2807911161,1218
2807911162,749
2807911163,1393
2807911165,1734
2807911167,1086
2807911168,1088
2807911169,2494
2807911170,941
2807911171,928
2807911173,1208
2807911174,773
2807911175,1490
2807911176,1124
2807911177,2199
2807911178,837
2807911179,971
2807911180,1478
2807911181,983
2807911182,2620
2807911183,2412
2807911184,1121
2807911185,1446
2807911186,1673
2807911187,2768
2807911188,1822
2807911189,2370
2807911190,3009
2807911191,2045
2807911192,2665
2807911193,1308
2807911194,1068
2807912001,681
2807912002,735
2807912003,1120
2807912005,1007
2807912006,704
2807912007,1342
2807912008,1189
2807912009,1113
2807912010,907
2807912011,936
2807912012,974
2807912013,921
2807912014,1150
2807912015,1149
2807912016,1693
2807912018,1826
2807912019,1177
2807912020,1210
2807912021,657
2807912022,813
2807912023,1450
2807912024,2103
2807912027,1654
2807912028,919
2807912029,1316
2807912030,1251
2807912031,796
2807912032,2626
2807912033,1231
2807912034,1387
2807912036,640
2807912037,1369
2807912039,1023
2807912040,775
2807912041,812
2807912042,1120
2807912043,1351
2807912044,1571
2807912045,1692
2807912046,1696
2807912047,1137
2807912048,1569
2807912049,1654
2807912050,1419
2807912051,1292
2807912052,1203
2807912053,1974
2807912054,1386
2807912055,1770
2807912056,1770
2807912057,1445
2807912059,1769
2807912061,2225
2807912062,1339
2807912064,1339
2807912065,1185
2807912066,1533
2807912067,1920
2807912069,1237
2807912070,1133
2807912071,1522
2807912073,904
2807912074,800
2807912075,1499
2807912077,1468
2807912078,1386
2807912079,1081
2807912080,1458
2807912081,1325
2807912082,1013
2807912083,1278
2807912084,1040
2807912086,1079
2807912087,1735
2807912088,1883
2807912089,1252
2807912090,1165
2807912091,1797
2807912092,1330
2807912093,1892
2807912094,2001
2807912096,1356
2807912097,1134
2807912098,1854
2807912099,1213
2807912100,1617
2807912101,1821
2807912102,2470
2807912103,2287
2807912104,1782
2807912105,1566
2807912106,2311
2807912107,2380
2807912108,2716
2807912109,1925
2807913002,1214
2807913003,792
2807913004,711
2807913005,815
2807913006,956
2807913007,1027
2807913008,1467
2807913010,1090
2807913011,812
2807913012,1201
2807913013,1341
2807913014,1276
2807913016,1145
2807913017,1011
2807913018,925
2807913019,731
2807913021,952
2807913022,981
2807913023,858
2807913024,868
2807913026,886
2807913027,735
2807913028,802
2807913029,1222
2807913030,1824
2807913031,1094
2807913032,1896
2807913033,1265
2807913034,1203
2807913035,2570
2807913036,1034
2807913037,1252
2807913038,866
2807913039,1019
2807913040,1352
2807913041,1798
2807913042,1435
2807913043,1344
2807913044,1965
2807913045,1320
2807913046,1759
2807913047,1468
2807913048,1313
2807913049,1947
2807913050,1122
2807913052,1039
2807913053,1326
2807913054,1760
2807913055,1188
2807913056,1173
2807913057,1548
2807913058,1000
2807913059,1134
2807913060,1150
2807913061,914
2807913062,1083
2807913063,912
2807913064,767
2807913065,938
2807913066,1075
2807913069,822
2807913074,2111
2807913077,1513
2807913078,1767
2807913079,1502
2807913080,1362
2807913083,1756
2807913084,947
2807913086,1290
2807913087,795
2807913088,1025
2807913089,733
2807913090,873
2807913091,1072
2807913092,2194
2807913094,2142
2807913103,769
2807913104,1725
2807913108,1826
2807913109,2208
2807913110,799
2807913111,858
2807913112,1323
2807913114,731
2807913115,1565
2807913116,776
2807913117,868
2807913118,849
2807913119,1367
2807913120,1262
2807913121,984
2807913122,846
2807913123,1271
2807913124,1409
2807913125,1184
2807913126,793
2807913127,2322
2807913128,1404
2807913129,887
2807913131,755
2807913132,1183
2807913133,966
2807913134,1071
2807913135,896
2807913136,1083
2807913137,1744
2807913138,934
2807913139,1064
2807913140,1555
2807913142,1435
2807913143,773
2807913144,1481
2807913145,918
2807913146,1082
2807913147,1282
2807913148,1206
2807913150,1450
2807913153,1454
2807913154,1216
2807913155,2035
2807913156,858
2807913157,1198
2807913158,2001
2807913160,1775
2807913161,1141
2807913162,756
2807913163,944
2807913164,862
2807913166,1854
2807913168,2292
2807913169,1356
2807913170,1019
2807913171,1023
2807913172,1109
2807913173,1029
2807913174,1443
2807913175,1375
2807913176,1095
2807913177,1113
2807913178,1253
2807913179,675
2807913180,1015
2807913181,1214
2807913182,1190
2807913183,1275
2807913184,1647
2807913185,1538
2807913186,2156
2807913187,1674
2807913189,1090
2807913190,3050
2807913191,2087
2807913192,1404
2807913193,1346
2807913194,1523
2807913195,1032
2807913196,1243
2807913197,1538
2807913198,1259
2807913199,1689
2807913200,1508
2807913201,1095
2807913202,1651
2807913203,1510
2807913204,1538
2807913205,1256
2807913206,2336
2807913207,2268
2807913208,1841
2807913209,1577
2807913210,2554
2807913211,1115
2807913212,933
2807913213,1278
2807913214,1312
2807913215,1113
2807913216,1593
2807914001,653
2807914002,1352
2807914003,674
2807914004,1287
2807914005,691
2807914006,661
2807914010,1298
2807914011,633
2807914012,876
2807914013,1074
2807914014,672
2807914015,917
2807914016,762
2807914017,783
2807914018,1143
2807914019,637
2807914020,970
2807914021,947
2807914022,864
2807914023,602
2807914024,907
2807914025,1123
2807914026,915
2807914027,1168
2807914028,976
2807914029,936
2807914030,1792
2807914031,896
2807914032,1013
2807914033,737
2807914034,914
2807914035,746
2807914036,1025
2807914037,989
2807914038,810
2807914039,1107
2807914040,1919
2807914041,939
2807914042,1159
2807914043,790
2807914044,953
2807914045,943
2807914046,1084
2807914047,1125
2807914048,1114
2807914049,1149
2807914050,1062
2807914051,981
2807914052,964
2807914053,815
2807914054,1082
2807914055,893
2807914056,768
2807914057,1001
2807914058,872
2807914059,1341
2807914060,762
2807914061,1360
2807914062,1039
2807914063,901
2807914064,1130
2807914065,922
2807914066,764
2807914067,1086
2807914068,704
2807914069,701
2807914070,900
2807914071,984
2807914072,944
2807914073,1078
2807914074,706
2807914075,892
2807914076,900
2807914077,809
2807914078,637
2807914079,1292
2807914080,1309
2807914081,2560
2807914082,1314
2807914083,1710
2807914084,1139
2807914085,2387
2807914086,2225
2807914087,1440
2807914088,1161
2807914089,1544
2807914090,1540
2807914091,1941
2807914092,1407
2807914093,1469
2807915001,994
2807915002,950
2807915003,1027
2807915005,857
2807915006,1273
2807915008,1972
2807915009,1322
2807915010,854
2807915011,1311
2807915012,899
2807915013,1025
2807915014,1307
2807915015,804
2807915016,1219
2807915017,873
2807915018,877
2807915019,854
2807915020,1094
2807915021,813
2807915022,1224
2807915023,1575
2807915024,1051
2807915025,1310
2807915026,905
2807915027,927
2807915028,909
2807915029,1142
2807915030,1200
2807915031,1072
2807915032,1219
2807915033,1443
2807915034,915
2807915035,1143
2807915036,897
2807915037,1267
2807915038,1753
2807915039,1610
2807915040,1540
2807915041,1661
2807915042,1767
2807915043,1294
2807915044,1382
2807915045,1209
2807915046,1489
2807915047,987
2807915048,1310
2807915049,1384
2807915050,1391
2807915051,1717
2807915052,761
2807915053,1551
2807915054,1560
2807915056,1543
2807915057,1413
2807915058,1198
2807915059,974
2807915060,1261
2807915061,1462
2807915062,2319
2807915065,1453
2807915066,681
2807915067,1017
2807915068,1236
2807915069,1934
2807915070,2055
2807915071,1352
2807915073,1202
2807915074,1786
2807915075,1511
2807915076,922
2807915077,1071
2807915078,822
2807915079,716
2807915080,833
2807915081,1632
2807915082,1259
2807915083,1404
2807915084,1069
2807915085,1483
2807915086,1030
2807915087,1190
2807915088,1176
2807915089,1191
2807915090,1917
2807915092,1593
2807915093,1301
2807915094,1375
2807915095,838
2807915096,1299
2807915097,942
2807915098,1009
2807915099,1508
2807915100,845
2807915101,1043
2807915102,1017
2807915103,1260
2807915104,694
2807915105,1396
2807915106,1309
2807915108,894
2807915109,1406
2807915110,963
2807915111,811
2807915112,1382
2807915113,1365
2807915114,820
2807915115,1812
2807915116,1141
2807915117,1335
2807915118,988
2807915119,1100
2807915120,907
2807915121,682
2807915122,1095
2807915123,1141
2807915124,954
2807915125,864
2807915126,1205
2807915127,1622
2807915128,2151
2807915129,890
2807915130,923
2807915131,917
2807915132,1284
2807915133,1594
2807915134,1108
2807915135,2200
2807915136,984
2807915138,1183
2807915139,693
2807915140,728
2807915141,1121
2807915142,1167
2807915143,1946
2807915144,1777
2807915145,681
2807915146,1006
2807915147,754
2807915148,960
2807915149,1427
2807915150,1718
2807915151,1567
2807915153,745
2807915154,1068
2807915155,1472
2807915156,1285
2807915157,1011
2807915158,1233
2807915159,1594
2807915160,1965
2807915161,2205
2807915162,1952
2807915163,1244
2807915164,1124
2807915165,1051
2807915166,881
2807915167,1066
2807915168,1637
2807915170,2213
2807915171,1271
2807915172,1125
2807915173,1881
2807915174,1402
2807915175,1134
2807915176,1869
2807915177,1254
2807915178,1336
2807915179,1468
2807915180,2023
2807915181,1242
2807915182,798
2807916001,1864
2807916002,1730
2807916003,2058
2807916004,2261
2807916005,1863
2807916006,1902
2807916007,2038
2807916008,1009
2807916009,1035
2807916011,1288
2807916012,706
2807916013,1106
2807916014,875
2807916015,1256
2807916016,1068
2807916017,1049
2807916018,864
2807916019,933
2807916020,1307
2807916021,1217
2807916022,1413
2807916024,2119
2807916025,2238
2807916026,822
2807916027,769
2807916028,990
2807916029,1266
2807916030,1856
2807916031,1417
2807916032,1676
2807916033,1547
2807916034,1855
2807916035,1705
2807916036,2619
2807916037,1057
2807916038,1267
2807916039,1094
2807916040,1092
2807916041,738
2807916042,781
2807916043,949
2807916044,1096
2807916045,1665
2807916046,1830
2807916047,633
2807916048,2236
2807916049,1274
2807916050,1541
2807916051,1075
2807916052,1203
2807916053,919
2807916054,809
2807916055,805
2807916056,710
2807916057,1006
2807916058,1448
2807916059,1864
2807916060,1570
2807916061,1428
2807916062,617
2807916063,1074
2807916064,1210
2807916065,946
2807916066,953
2807916067,1415
2807916069,1151
2807916070,1889
2807916071,1358
2807916072,969
2807916073,1507
2807916074,1081
2807916075,1224
2807916076,1214
2807916077,1340
2807916078,897
2807916079,2216
2807916080,853
2807916081,1094
2807916082,826
2807916083,2210
2807916085,1368
2807916086,2143
2807916087,899
2807916088,1458
2807916089,803
2807916090,1498
2807916091,3738
2807916092,1245
2807916093,1079
2807916096,1495
2807916097,1586
2807916098,1500
2807916099,1793
2807916100,1117
2807916101,1314
2807916102,2328
2807916103,1939
2807916104,2113
2807916105,1383
2807916106,1571
2807916107,1936
2807916108,3317
2807916109,2508
2807916110,2204
2807916111,2899
2807916112,1564
2807916113,1731
2807916114,2486
2807916115,1627
2807916116,1281
2807916117,2196
2807916118,2435
2807916119,3209
2807916120,1794
2807916121,1691
2807916122,1493
2807917002,1326
2807917003,1275
2807917004,2142
2807917006,1484
2807917007,903
2807917008,1422
2807917009,919
2807917010,1238
2807917011,1212
2807917012,1541
2807917013,827
2807917014,1105
2807917015,1277
2807917016,892
2807917017,1145
2807917018,1022
2807917019,861
2807917020,846
2807917021,1194
2807917022,1006
2807917023,1872
2807917024,1830
2807917025,842
2807917026,1309
2807917027,1922
2807917028,1137
2807917029,1308
2807917031,1179
2807917032,1891
2807917033,1375
2807917035,1255
2807917036,935
2807917037,1152
2807917038,1260
2807917039,1736
2807917041,1146
2807917042,1551
2807917043,1970
2807917045,2600
2807917046,1758
2807917047,1573
2807917048,1908
2807917049,1102
2807917050,1400
2807917051,1063
2807917052,1129
2807917053,1009
2807917054,1178
2807917055,1654
2807917057,1550
2807917058,1320
2807917059,1439
2807917060,948
2807917061,1209
2807917062,1454
2807917063,1008
2807917064,1319
2807917065,1221
2807917066,1146
2807917068,1609
2807917069,1502
2807917070,1384
2807917071,1975
2807917072,1120
2807917073,927
2807917074,823
2807917075,1553
2807917076,1235
2807917078,1392
2807917079,799
2807917080,1655
2807917082,1512
2807917083,1334
2807917084,1034
2807917085,752
2807917086,770
2807917087,1560
2807917089,1161
2807917090,1094
2807917091,1134
2807917092,813
2807917093,752
2807917094,842
2807917095,852
2807917096,2550
2807917097,1635
2807917098,1274
2807917099,854
2807917100,1062
2807917101,1685
2807917102,1243
2807917103,2290
2807917104,1999
2807917105,1625
2807917106,2891
2807917107,2460
2807917108,1564
2807917109,1204
2807917110,2164
2807917111,2378
2807917112,1848
2807917113,1832
2807917114,1627
2807918002,1449
2807918003,895
2807918004,1177
2807918005,1120
2807918006,1266
2807918007,926
2807918008,1165
2807918009,1558
2807918010,1067
2807918011,1178
2807918012,1564
2807918013,1186
2807918014,1299
2807918015,1107
2807918016,1169
2807918017,1083
2807918018,1823
2807918019,1727
2807918020,1514
2807918021,1130
2807918022,1347
2807918023,808
2807918024,1006
2807918025,1758
2807918026,1582
2807918027,1794
2807918028,2178
2807918029,1184
2807918030,833
2807918031,1182
2807918032,1385
2807918033,1331
2807918034,1338
2807918035,966
2807918036,1421
2807918037,1057
2807918038,1000
2807918039,1416
2807918040,1866
2807918041,1362
2807918042,1992
2807918043,2034
2807918044,1404
2807918045,3818
2807918046,1740
2807918047,1247
2807918048,1389
2807918049,2450
2807918050,1257
2807918051,1471
2807918052,2867
2807918053,1824
2807918054,1804
2807918055,2621
2807918056,1339
2807918057,1613
2807918058,1846
2807918059,1602
2807918060,2040
2807918061,1530
2807918062,2070
2807918063,2114
2807918064,2613
2807918065,1797
2807919001,2277
2807919002,1918
2807919003,971
2807919004,854
2807919005,1306
2807919006,1121
2807919007,1220
2807919008,1401
2807919009,1517
2807919011,1296
2807919012,1044
2807919014,1555
2807919015,1069
2807919016,972
2807919018,1326
2807919019,1014
2807919020,1100
2807919021,1414
2807919022,1216
2807919023,1133
2807919024,799
2807919025,1019
2807919026,977
2807919027,986
2807919028,1420
2807919029,963
2807919032,2127
2807919033,2145
2807919034,1760
2807919035,1666
2807919036,2175
2807919037,2123
2807919038,2020
2807919039,1555
2807919040,2246
2807919041,1462
2807919042,2326
2807919043,1377
2807919044,1775
2807919045,1740
2807919046,1715
2807919047,2407
2807919048,1941
2807919049,2230
2807919050,1180
2807919051,1848
2807920001,2027
2807920002,1626
2807920003,1059
2807920006,849
2807920007,1512
2807920008,1262
2807920009,788
2807920010,1079
2807920011,668
2807920012,1228
2807920013,818
2807920014,732
2807920015,890
2807920016,743
2807920017,1024
2807920018,916
2807920019,717
2807920020,898
2807920021,856
2807920022,1032
2807920023,932
2807920024,693
2807920025,968
2807920026,1255
2807920027,1027
2807920028,760
2807920029,1330
2807920031,1112
2807920032,911
2807920033,939
2807920034,1055
2807920035,1012
2807920036,943
2807920037,812
2807920038,654
2807920039,728
2807920040,972
2807920041,928
2807920042,726
2807920043,872
2807920044,1116
2807920046,850
2807920047,1391
2807920048,934
2807920049,992
2807920050,932
2807920051,925
2807920053,1948
2807920055,1796
2807920056,1284
2807920058,1066
2807920059,752
2807920062,1475
2807920063,1231
2807920064,1007
2807920065,1977
2807920066,1915
2807920067,2353
2807920068,2390
2807920069,1003
2807920070,931
2807920071,2711
2807920072,1784
2807920073,1038
2807920074,941
2807920075,961
2807920076,1207
2807920077,2314
2807920078,1446
2807920079,1178
2807920080,1325
2807920082,1831
2807920083,978
2807920084,621
2807920085,1280
2807920086,1615
2807920087,1151
2807920088,2035
2807920090,1336
2807920091,1373
2807920092,1713
2807920093,1276
2807920095,1245
2807920096,2586
2807920097,1098
2807920098,1040
2807920099,1840
2807920100,1480
2807920101,1435
2807920102,2067
2807920103,2420
2807920104,2442
2807920105,2011
2807920106,2501
2807920107,2126
2807920108,1743
2807920109,2006
2807920110,2180
2807920111,1926
2807920112,2023
2807920113,2240
2807920114,1863
2807920115,2136
2807920116,1811
2807920117,1797
2807920118,1826
2807920119,2472
2807920120,2973
2807920121,2833
2807920122,1451
2807921001,1608
2807921002,1552
2807921003,1271
2807921004,1194
2807921005,1885
2807921006,1340
2807921007,2053
2807921008,696
2807921009,659
2807921010,1289
2807921011,1697
2807921012,944
2807921013,1376
2807921014,2037
2807921015,1896
2807921017,1490
2807921018,1507
2807921019,1357
2807921020,1817
2807921021,1207
2807921022,1681
2807921023,1117
2807921025,1387
2807921026,1623
2807921027,2609
2807921028,1286
2807921029,1632
2807921030,1607
2807921031,2223
2807921032,1520
2808001001,1333
2808001002,884
2808001003,2266
2808001004,1821
2808001005,1518
2808001006,1115
2808001007,1689
2808001008,1686
2808001009,2431
2808001010,1440
2808001011,1753
2808001012,1544
2808001013,1321
2808001014,1728
2808001015,1009
2808001016,2627
2808001017,1047
2808002001,1797
2808002002,1550
2808002003,1774
2808002004,1498
2808002005,2715
2808002006,1272
2808002007,1257
2808002008,1410
2808002009,1441
2808002010,1529
2808002011,1128
2808002012,1387
2808002013,1579
2808002014,1248
2808002015,1093
2808002016,1195
2808002017,1125
2808002018,1589
2808002019,956
2808002020,1638
2808002021,1533
2808002022,2733
2808002023,1398
2808002024,2100
2808002025,1973
2808002026,1657
2808002027,2572
2808201001,1977
2808201002,2330
2808201003,2142
2808201004,1733
2808301001,2429
2808301002,2794
2808301003,2754
2808301004,2727
2808301005,2429
2808401001,2646
2808401002,2609
2808401003,2092
2808401004,2457
2808401005,2197
2808401006,1764
2808401007,1911
2808401008,1550
2808401009,2018
2808401010,1306
2808401011,2213
2808501001,2644
2808501002,1872
2808501003,1374
2808601001,2370
2808601002,3165
2808601003,2448
2808701001,2361
2808701002,2013
2808801001,363
2808901001,1394
2808901002,1958
2808901003,1680
2809001001,2534
2809001002,2493
2809001003,2658
2809001004,2743
2809001005,1893
2809101001,1811
2809101002,1443
2809102001,2151
2809102002,2047
2809201001,1733
2809201002,1447
2809201003,1212
2809201004,794
2809201005,1236
2809201006,1051
2809201007,1104
2809201008,1948
2809201009,1995
2809201010,1441
2809201011,2508
2809201012,2511
2809201013,2194
2809201014,1969
2809201015,2630
2809201016,1210
2809201017,2479
2809201018,1928
2809201019,2882
2809201020,1532
2809201021,1425
2809201022,2146
2809201023,1138
2809202001,1941
2809202002,1258
2809202003,1275
2809202004,1220
2809202006,1587
2809202007,1255
2809202008,1722
2809202009,1214
2809202010,1007
2809202011,1198
2809202012,1146
2809202013,1288
2809202014,1727
2809202015,1208
2809202016,1473
2809202017,2066
2809202018,1192
2809202019,1102
2809202020,1579
2809202021,1746
2809202022,1210
2809202023,1390
2809202024,1379
2809202025,1389
2809202026,1432
2809202028,1914
2809202029,1854
2809202030,960
2809202031,1109
2809202032,1517
2809202033,1391
2809202034,2109
2809202035,1354
2809202036,1102
2809202037,1160
2809202038,2461
2809202039,901
2809203001,1868
2809203002,1257
2809203003,1662
2809203004,1057
2809203005,1128
2809203006,1959
2809203007,1277
2809203008,1154
2809203009,1570
2809203010,1038
2809203011,1504
2809203012,2127
2809203013,1462
2809203014,733
2809203015,1211
2809203016,1598
2809203017,2292
2809203018,1771
2809203019,1733
2809203020,1291
2809203021,998
2809203022,1202
2809203023,1383
2809203024,1169
2809203025,944
2809203026,2016
2809203027,998
2809203028,2486
2809203029,963
2809203030,1735
2809204001,1080
2809204002,1635
2809204003,1405
2809204004,1058
2809204005,1839
2809204006,1689
2809204007,1230
2809204008,1785
2809204009,2180
2809204010,865
2809204011,1740
2809204012,1743
2809204013,2323
2809204015,1311
2809204016,1516
2809204017,1426
2809204018,2622
2809204019,1766
2809204020,1295
2809204021,1023
2809204022,1155
2809204023,1053
2809204024,1738
2809204025,2193
2809204026,1384
2809204027,2149
2809204028,1150
2809204029,888
2809204030,2038
2809204031,1888
2809204032,1881
2809204033,1290
2809204034,1775
2809204035,2523
2809204036,1795
2809204037,2271
2809204038,1141
2809204039,2512
2809204040,1775
2809204041,2854
2809204042,1793
2809301001,2862
2809401001,1194
2809501001,2465
2809601001,2433
2809601002,1733
2809601003,2178
2809601004,2586
2809601005,2436
2809601006,1364
2809601007,1348
2809601008,1526
2809601009,2329
2809601010,1946
2809601011,1747
2809601012,3026
2809601013,1712
2809701001,129
2809901001,2640
2810001001,1163
2810001002,2070
2810001003,2726
2810101001,334
2810201001,1283
2810401001,2820
2810401002,3406
2810401003,2889
2810401004,1152
2810401005,3524
2810401006,1799
2810401007,3351
2810401008,2777
2810601001,1997
2810601002,1801
2810601003,2349
2810601004,3365
2810601005,2244
2810601006,1756
2810601007,1861
2810601008,1841
2810601009,2480
2810601010,1514
2810601011,2418
2810601012,1943
2810601013,2446
2810601014,1141
2810601015,1204
2810601016,1899
2810601017,2262
2810601018,1703
2810601019,1347
2810601021,1724
2810601022,1644
2810601023,2156
2810601024,1867
2810601025,1738
2810601026,2035
2810601027,1629
2810601028,3104
2810601029,1974
2810601030,2225
2810601031,1852
2810601032,1577
2810601033,1124
2810601034,2332
2810601035,2433
2810601036,1975
2810601037,1265
2810601038,1634
2810601039,2368
2810601040,1361
2810601041,1879
2810601042,2102
2810601043,2606
2810601044,2191
2810601045,1019
2810601046,1226
2810601047,1816
2810601048,2615
2810601049,2168
2810601050,1737
2810601051,1785
2810601052,1897
2810601053,3437
2810601054,2330
2810601055,1314
2810601056,2997
2810601057,3023
2810601058,3570
2810601059,2320
2810601060,2596
2810601061,1229
2810601062,2385
2810601063,1493
2810701001,507
2810801001,2701
2810801002,2418
2810901001,2502
2811001001,2945
2811101001,795
2811201001,205
2811301001,1083
2811301002,2026
2811301003,2041
2811301004,1249
2811301005,2333
2811301006,2549
2811301007,1725
2811301008,1323
2811301009,981
2811301010,1763
2811301011,2247
2811301012,1853
2811301013,1492
2811302001,1472
2811302002,1033
2811302003,1467
2811302004,2334
2811302005,1478
2811302006,1729
2811302007,1697
2811302008,2636
2811302009,1971
2811302010,1611
2811302011,1774
2811302012,1486
2811302013,1356
2811302014,2885
2811401001,172
2811501001,2524
2811501002,1770
2811501004,1042
2811501005,890
2811501006,1525
2811501007,921
2811501008,1211
2811501009,1088
2811501010,1330
2811501011,1016
2811501012,2433
2811501013,1367
2811501014,1359
2811501015,1786
2811501016,1616
2811501017,2397
2811501018,1771
2811501019,1859
2811501020,1526
2811501021,1570
2811501022,1894
2811501023,1587
2811501024,1007
2811501025,2170
2811501026,1864
2811501027,1311
2811501028,2139
2811501029,2352
2811501030,1344
2811501031,2706
2811502001,1580
2811502002,1920
2811502003,1727
2811502004,1586
2811502005,1820
2811502006,1517
2811502007,1797
2811502008,1525
2811502009,1806
2811502010,1756
2811502011,729
2811502012,1779
2811502013,2327
2811502014,2036
2811502015,1013
2811502016,1651
2811502017,943
2811502018,1809
2811502019,1512
2811502020,1549
2811502021,2603
2811601001,1092
2811701001,132
2811801001,83
2811901001,3221
2812001001,1798
2812101001,281
2812201001,689
2812301001,2628
2812301002,1487
2812301003,1370
2812301004,2353
2812301005,1611
2812301006,2045
2812301007,1754
2812301008,2551
2812301009,1889
2812301010,1351
2812301011,1317
2812301012,1523
2812301013,1873
2812301014,1755
2812301015,1913
2812301016,1969
2812301017,2480
2812301018,979
2812301019,3018
2812301020,1599
2812301021,2768
2812301022,3361
2812301023,2780
2812301024,1609
2812301025,3546
2812301026,1935
2812301027,1098
2812301028,883
2812301029,2295
2812301030,2259
2812301031,1491
2812301032,2433
2812301033,2057
2812301034,2067
2812301035,2225
2812301036,2111
2812301037,2872
2812301038,1880
2812301039,1876
2812301040,1472
2812401001,103
2812501001,1511
2812501002,2526
2812601001,52
2812701001,3051
2812701002,1129
2812701003,1858
2812701004,1862
2812701005,1433
2812701006,702
2812701007,1004
2812701008,1348
2812701009,2780
2812701010,2686
2812701011,1779
2812701012,2330
2812701013,1361
2812701014,1425
2812701015,2512
2812701016,1955
2812701017,2678
2812701018,2352
2812701019,1459
2812701020,1428
2812701021,2025
2812701022,2504
2812701023,2345
2812701024,2062
2812701025,1312
2812701026,1384
2812701027,1223
2812701028,1854
2812701029,2803
2812701030,1144
2812701031,1742
2812701032,1904
2812701033,1364
2812701034,2316
2812701035,2520
2812701036,2497
2812701037,2852
2812701038,2658
2812701039,1505
2812701040,2506
2812701041,1603
2812701042,2073
2812701043,2275
2812701044,1746
2812701045,2147
2812701046,3109
2812701047,977
2812701048,1202
2812801001,493
2812901001,2488
2812901002,1825
2812901003,3147
2812901004,2221
2812901005,1764
2812901006,1508
2813001001,1484
2813001002,2068
2813001003,1886
2813001004,1763
2813001005,2202
2813001006,1616
2813001007,2124
2813001008,1676
2813001009,2019
2813001010,1733
2813001011,2481
2813001012,1784
2813001013,1197
2813001014,1878
2813001015,1854
2813001016,2031
2813001017,1662
2813001018,1655
2813001019,1761
2813001020,1425
2813001021,1557
2813001022,1439
2813001023,1486
2813101001,2378
2813101002,1618
2813101003,2328
2813101004,1980
2813101005,1431
2813101006,2586
2813101007,1961
2813102001,1583
2813102002,2376
2813201001,1231
2813201002,2007
2813201003,1382
2813201004,3183
2813201005,1985
2813201006,3950
2813201007,2731
2813201008,2623
2813301001,1647
2813301002,2825
2813301003,2720
2813301004,1324
2813401001,936
2813401002,1003
2813401003,1246
2813401004,1990
2813401005,1875
2813401006,1605
2813401007,936
2813401008,1510
2813401009,1439
2813401010,878
2813401011,1110
2813401012,2190
2813401014,1657
2813401015,1597
2813401017,1204
2813401018,2015
2813401019,1982
2813401020,1047
2813401021,1088
2813401022,719
2813401023,717
2813401024,1131
2813401025,1692
2813401026,1297
2813401027,2230
2813401028,1325
2813401029,1751
2813401030,1056
2813401031,1684
2813401032,1893
2813401033,2913
2813401034,936
2813401035,2144
2813401036,1449
2813401037,1512
2813401038,1979
2813401039,2264
2813401040,980
2813401041,2049
2813401042,2020
2813401043,2886
2813401044,3074
2813401045,3253
2813401046,3074
2813401047,2195
2813401048,1962
2813401049,1263
2813401050,2902
2813401051,1671
2813501001,1212
2813601001,833
2813701001,2445
2813801001,94
2814001001,1443
2814001002,980
2814001003,1534
2814101001,2541
2814101002,2157
2814101003,3128
2814101004,1032
2814301001,77
2814401001,2679
2814401002,1618
2814401003,2095
2814401004,2090
2814501001,1449
2814501002,1818
2814601001,2617
2814701001,1261
2814801001,1434
2814801002,1660
2814801003,1168
2814801004,921
2814801005,1178
2814801006,1702
2814801007,1608
2814801008,1029
2814801009,1056
2814801010,1957
2814801011,1860
2814801012,1429
2814801013,2589
2814801014,2164
2814801015,1719
2814801016,1682
2814801017,1541
2814801018,943
2814801019,1576
2814801020,3047
2814801021,1384
2814801022,2286
2814801023,1466
2814801024,1526
2814802001,1794
2814802002,2402
2814802003,1234
2814802004,2091
2814802005,1548
2814802006,1568
2814802007,1133
2814802008,1584
2814802009,1725
2814802010,1565
2814802011,1674
2814802012,1264
2814802013,1413
2814802014,2091
2814802015,1562
2814802016,2383
2814802017,2012
2814802018,2484
2814802019,1768
2814802020,1902
2814802021,1856
2814802022,1601
2814802023,1815
2814802024,2080
2814802025,1906
2814802026,1461
2814803001,1099
2814803002,1717
2814803003,2158
2814803005,2104
2814803006,2305
2814803007,1680
2814803008,1124
2814803009,1708
2814804001,1569
2814804002,1538
2814804003,1519
2814804004,1831
2814804005,1550
2814804006,1677
2814804007,1452
2814804008,1514
2814804009,1199
2814804010,1290
2814804011,897
2814804012,1126
2814804013,1579
2814804014,1268
2814804015,1776
2814804016,1341
2814804017,3234
2814804018,1782
2814901001,1994
2814901002,2642
2814901003,1470
2814901004,1633
2815001001,1751
2815001002,1212
2815001003,1232
2815101001,1469
2815102001,1523
2815102002,1836
2815201001,2008
2815201002,2251
2815201003,2531
2815201004,2178
2815201005,2584
2815201006,2536
2815201007,2430
2815201008,2435
2815201009,2575
2815201010,1310
2815301001,926
2815401001,2890
2815401002,1750
2815401003,1389
2815401004,1910
2815501001,646
2815601001,1475
2815701001,855
2815801001,972
2815901001,804
2816001001,2668
2816001002,2213
2816001003,2738
2816001004,2919
2816001005,1520
2816101001,1958
2816101002,2152
2816101003,2077
2816101004,1167
2816101005,1142
2816101006,2280
2816101007,1907
2816101008,2394
2816101009,1441
2816101010,2338
2816101011,2891
2816101012,2205
2816101013,1949
2816101014,1796
2816101015,1884
2816101016,1744
2816101017,2188
2816101018,2915
2816101019,1540
2816101020,3120
2816101021,1942
2816101022,2111
2816102001,1906
2816102002,2399
2816102003,1815
2816102004,2529
2816102005,1944
2816102006,1164
2816102007,1487
2816102008,2957
2816102009,2285
2816102010,3304
2816102011,2003
2816102012,1952
2816102013,1379
2816201001,2830
2816201002,859
2816301001,563
2816401001,2373
2816401002,1852
2816501001,2852
2816601001,439
2816701001,2099
2816701002,2160
2816701003,2060
2816701004,2499
2816701005,2342
2816701006,1174
2816801001,1814
2816901001,1968
2817001001,1924
2817001002,1523
2817101001,1613
2817101002,1541
2817101003,1524
2817101004,1828
2817201001,2239
2817201002,2351
2817201003,1878
2817201004,794
2817201005,2322
2817201006,2332
2817301001,738
2817401001,2507
2817501001,1241
2817601001,2512
2817601002,1847
2817601003,2522
2817601004,2116
2817601005,1838
2817601006,3196
2817601007,2869
2817601008,1927
2817701001,2446
2817701002,2171
2817701003,3053
2817701004,3029
2817701005,3440
2817701006,2591
2817801001,1445
2817901001,2085
2818001001,1322
2818001002,994
2818001003,1545
2818001004,1717
2818001005,1723
2818101001,1263
2818101002,2124
2818101003,1761
2818101004,1038
2818101005,1684
2818101006,2135
2818101007,1528
2818101008,2038
2818101009,1072
2818101010,1562
2818101011,1711
2818101012,2164
2818101013,1635
2818101014,1833
2818101015,2184
2818101016,1179
2818201001,275
2818301001,1583
2890101001,1196
2890201001,620
2890301001,2284
2890301002,1757
2890301003,1905
2890301004,1806
2890301005,1754
2890301006,2289
2890301007,2108
2890301008,2283
2890301009,1683
2890301010,1924
2890301011,1103
2890301012,1108
2890301013,1987
2890301014,1742
2890301015,1621
2890301016,2085
2890301017,2805
2890301018,1322
2890301019,2039
2890301020,1735
2890301021,1108
2890301022,1429
2890301023,2669
2900101001,1879
2900101002,1160
2900101003,1187
2900101004,1177
2900201001,2454
2900301001,1198
2900401001,477
2900501001,1322
2900501002,1417
2900501003,1221
2900501004,2143
2900601001,844
2900701001,1983
2900701002,2500
2900701003,2314
2900701004,2189
2900701005,1359
2900701006,1461
2900701007,2458
2900701008,1350
2900701009,1914
2900701010,2396
2900701011,2140
2900701012,1270
2900701013,1394
2900701014,2320
2900701015,1563
2900701016,2212
2900701017,1778
2900701018,1643
2900701019,2106
2900701020,1950
2900801001,1470
2900801002,1972
2900801003,2378
2900801004,1039
2900801006,3073
2900801007,1504
2900802001,1712
2900802003,2182
2900802004,1722
2900803001,3179
2900803002,3979
2900901001,1890
2901001001,1406
2901001002,716
2901101001,821
2901101002,1548
2901101003,760
2901101004,777
2901201001,1213
2901201002,1466
2901201003,1714
2901202001,1204
2901202002,1250
2901202003,1068
2901203001,1927
2901203002,1133
2901204001,2071
2901301001,995
2901301002,1124
2901401001,269
2901501001,1076
2901501002,1369
2901501003,1239
2901501004,1443
2901501005,1796
2901501006,1130
2901501007,784
2901501008,1105
2901501009,1885
2901501010,1118
2901501011,1735
2901502001,1681
2901502002,1063
2901502003,1702
2901502004,958
2901502005,1080
2901502006,1258
2901503001,1370
2901503002,1599
2901503003,1798
2901503004,2097
2901503005,1839
2901503006,1564
2901503007,2827
2901504001,1019
2901504002,1218
2901505004,1036
2901506002,1234
2901506003,1407
2901601001,444
2901701001,725
2901701002,1148
2901701003,2520
2901702001,1290
2901702002,1787
2901703001,1107
2901801001,1628
2901801002,927
2901901001,1282
2902001001,1701
2902001002,1621
2902001003,803
2902101001,133
2902201001,253
2902301001,6660
2902401001,482
2902501001,1328
2902501002,1771
2902501003,3576
2902501004,2131
2902501005,1617
2902502001,1468
2902502002,1148
2902502003,2000
2902502004,1613
2902502005,1301
2902502006,2960
2902502007,824
2902502008,1867
2902502009,1267
2902502010,1795
2902502011,1407
2902502012,1981
2902502013,3216
2902502014,1420
2902502015,2151
2902502016,2629
2902502017,2058
2902503001,2998
2902503002,3371
2902503003,4163
2902503004,1742
2902503005,3598
2902503006,3190
2902503007,3735
2902503008,2614
2902601001,1489
2902701001,1546
2902701002,1483
2902801001,1523
2902901001,520
2903001001,963
2903101001,1361
2903101002,561
2903201001,2034
2903201002,1434
2903201003,2395
2903201004,986
2903201005,1721
2903301001,1746
2903401001,875
2903501001,827
2903501002,941
2903601001,793
2903701001,252
2903801001,1826
2903801002,1436
2903801003,1495
2903801004,1651
2903801005,1331
2903801006,1796
2903802001,2699
2903802003,1341
2903802004,2466
2903802005,2141
2903802006,1162
2903802007,1242
2903802008,1825
2903802009,1917
2903901001,1751
2903901002,1747
2904001001,1340
2904001002,1252
2904101001,1268
2904101002,3308
2904101003,1168
2904201001,958
2904201002,1711
2904201003,1324
2904202001,966
2904202002,1998
2904202003,695
2904202004,1072
2904203001,804
2904203002,2420
2904203003,1688
2904203004,996
2904204001,3671
2904204002,3250
2904301001,2487
2904301002,999
2904401001,1435
2904501001,1307
2904501002,2152
2904601001,2103
2904601002,1254
2904701001,1431
2904801001,1053
2904801002,617
2904901001,914
2904901002,1481
2904902001,1556
2905001001,635
2905101001,2868
2905101002,1246
2905101003,1245
2905101004,1047
2905101005,1936
2905101006,1275
2905101007,1576
2905101008,1031
2905101009,2085
2905101010,3000
2905101011,2072
2905101012,1941
2905101013,2205
2905101014,1705
2905101015,2495
2905102001,781
2905102002,900
2905102003,1902
2905102004,1704
2905102005,1689
2905102006,848
2905102007,2189
2905102008,1449
2905102009,1760
2905102010,1368
2905102011,1575
2905102012,1514
2905102013,2098
2905102014,1971
2905103001,3962
2905103002,1336
2905103003,4534
2905103004,4090
2905103005,3169
2905201001,253
2905301001,3093
2905401001,1149
2905401002,2101
2905401003,1531
2905401004,2064
2905401005,1852
2905401006,1059
2905401007,1557
2905401008,2218
2905401009,1255
2905401010,1346
2905401011,1447
2905401012,1564
2905401013,1460
2905401014,1474
2905401015,1314
2905401016,1720
2905401017,2705
2905401018,1711
2905401019,2840
2905401020,939
2905401021,3143
2905401022,1645
2905401023,1843
2905401024,2049
2905401025,1702
2905401026,1378
2905402001,1307
2905402002,2013
2905402003,2297
2905402004,3390
2905402005,2773
2905402006,1461
2905403001,2373
2905403002,2969
2905403003,2586
2905403004,3506
2905403005,3332
2905403006,2783
2905501001,2612
2905601001,1671
2905701001,437
2905801001,2143
2905901001,1602
2905901002,1775
2906001001,811
2906101001,1404
2906201001,906
2906301001,414
2906401001,643
2906501001,232
2906601001,465
2906701001,1147
2906701002,742
2906701003,1262
2906701004,1242
2906702001,807
2906702002,1307
2906702003,1902
2906702004,1437
2906702005,1004
2906702006,1440
2906702007,1069
2906702008,1017
2906702009,1471
2906702010,838
2906702011,908
2906702012,1508
2906702013,2156
2906702014,962
2906702015,1234
2906702016,1043
2906702017,1286
2906702018,1207
2906702019,907
2906702020,1750
2906702021,1050
2906702022,1432
2906702023,1369
2906702024,1579
2906702025,857
2906702026,2054
2906702027,2194
2906702028,1500
2906702029,1093
2906702030,1881
2906702031,720
2906702032,1396
2906702033,1290
2906702034,1150
2906702035,925
2906702036,993
2906702037,1180
2906702038,988
2906702039,813
2906702040,1135
2906702041,1832
2906702042,946
2906702043,1101
2906702044,1952
2906702045,1205
2906702046,863
2906702047,1411
2906702048,1889
2906702049,1987
2906702050,2416
2906702051,1366
2906703001,1021
2906703002,896
2906703003,1308
2906704001,1582
2906704003,2061
2906704004,1448
2906704006,906
2906704007,1356
2906704008,922
2906704009,1456
2906704010,1173
2906704011,844
2906704012,748
2906704013,1200
2906704014,933
2906704015,836
2906705001,834
2906705002,2205
2906705003,916
2906706001,2538
2906706002,1677
2906706003,805
2906706004,1109
2906706005,981
2906706006,819
2906706007,1703
2906706008,906
2906706009,1017
2906706010,1417
2906706011,1339
2906706012,1456
2906706013,1884
2906706015,1002
2906706016,1203
2906706017,1136
2906706018,772
2906706019,1960
2906706020,1121
2906706021,820
2906706022,1659
2906706023,1371
2906706024,2334
2906706025,1637
2906706026,1130
2906706027,1488
2906706028,1011
2906706029,1366
2906706030,1134
2906706031,1466
2906706032,1248
2906706033,1102
2906706034,1067
2906706035,1022
2906706036,1150
2906706037,1346
2906706038,908
2906706039,1540
2906706040,689
2906706041,1214
2906706042,703
2906706043,765
2906706044,1254
2906706045,1292
2906706046,1543
2906706047,1017
2906707001,1264
2906707002,1110
2906707003,1086
2906707004,944
2906707005,1591
2906707006,1240
2906707008,1184
2906707009,1343
2906707010,1060
2906707011,1662
2906707012,718
2906707013,1226
2906707014,1017
2906707015,740
2906707016,1418
2906707017,1318
2906707018,1027
2906707019,786
2906707020,847
2906707021,805
2906707022,789
2906707023,2344
2906707025,1537
2906707026,1299
2906707027,1614
2906707028,1558
2906707029,813
2906707030,2484
2906707031,861
2906707032,794
2906707033,994
2906707034,1696
2906707035,1406
2906707037,1464
2906707039,1126
2906707040,1244
2906707041,992
2906707042,1671
2906707043,1831
2906707044,1052
2906707045,1103
2906707046,1859
2906707047,1222
2906707048,2098
2906707049,1000
2906707050,1938
2906707051,1347
2906707052,1110
2906707053,1143
2906707054,1402
2906707055,1302
2906707056,810
2906707057,1096
2906707058,1267
2906707059,1189
2906707060,868
2906707061,1018
2906707062,950
2906707064,1015
2906707065,1324
2906707066,1408
2906707067,1468
2906707068,1192
2906707069,1138
2906707070,1356
2906707071,1591
2906707072,1956
2906707073,885
2906707074,1261
2906707075,880
2906707076,1882
2906707077,2111
2906707078,1361
2906707079,1167
2906707080,769
2906707081,1363
2906707082,2503
2906707083,975
2906707085,992
2906707086,1145
2906707087,816
2906707088,862
2906707089,2062
2906707090,2129
2906707091,1934
2906707092,1986
2906707093,857
2906707094,1551
2906707095,1099
2906708001,1513
2906708002,1150
2906708003,1456
2906708004,1676
2906708005,1250
2906708006,2131
2906708007,1607
2906708008,653
2906708009,959
2906708010,2343
2906708011,2245
2906708012,2521
2906708013,1956
2906708014,681
2906708015,1761
2906708016,941
2906708017,1911
2906708018,2570
2906708019,1062
2906708020,1340
2906708021,1416
2906708022,949
2906708023,1216
2906708024,1090
2906708025,1042
2906708026,1110
2906708027,1402
2906708028,2067
2906708029,2095
2906708030,2178
2906708031,1620
2906708032,1162
2906708033,1752
2906708034,1271
2906708035,2500
2906708036,1519
2906708037,1112
2906708039,1684
2906708040,1984
2906708041,1575
2906708042,2120
2906708043,2510
2906708044,2366
2906708045,841
2906708046,1223
2906708047,1178
2906708048,708
2906708049,1170
2906708050,1383
2906708051,742
2906708052,1472
2906708053,1080
2906708054,2422
2906708055,1609
2906708056,1584
2906708057,2578
2906708058,2375
2906708059,1980
2906708060,1117
2906708061,2456
2906708062,1104
2906708063,1911
2906708064,1336
2906708065,2355
2906708066,1793
2906708067,1255
2906708068,959
2906708069,1595
2906709001,1320
2906709002,968
2906709003,1720
2906709004,1512
2906709005,888
2906709006,1674
2906709007,2232
2906709008,1074
2906709009,1090
2906709010,1453
2906709011,1927
2906709012,1564
2906709013,1059
2906709014,1215
2906709015,796
2906709016,909
2906709017,876
2906709018,1287
2906709019,948
2906709020,1061
2906709021,669
2906709022,1022
2906709023,1524
2906709024,1136
2906709025,1779
2906709026,985
2906709027,1617
2906709028,1148
2906709029,830
2906709030,702
2906709031,887
2906709032,783
2906709033,1166
2906709034,1355
2906709036,1407
2906709037,988
2906709038,1597
2906709039,1201
2906709040,973
2906709041,1117
2906709042,789
2906709043,761
2906709044,944
2906709045,1048
2906709046,665
2906709047,851
2906709048,656
2906709049,791
2906709050,1138
2906709051,1221
2906709052,1751
2906709053,594
2906709055,1415
2906709056,2233
2906709057,830
2906709058,924
2906709059,1269
2906709062,845
2906709063,871
2906709064,1257
2906709065,715
2906709067,1350
2906709068,950
2906709070,756
2906709071,659
2906709075,771
2906709076,1428
2906709077,714
2906709078,709
2906709079,922
2906709080,757
2906709082,1070
2906709083,1612
2906710001,2040
2906710002,1801
2906710003,2680
2906710004,1105
2906710005,1132
2906710006,825
2906710007,916
2906710008,845
2906710009,1293
2906710010,1521
2906710011,1021
2906710012,778
2906710013,1436
2906710014,1182
2906710015,728
2906710016,1637
2906710017,1197
2906710018,1591
2906710019,1659
2906710020,1000
2906710021,1466
2906710022,1282
2906710023,1878
2906710024,708
2906710026,1508
2906710027,749
2906710028,1360
2906710029,1280
2906710030,977
2906710031,1212
2906710032,1218
2906710033,1309
2906710034,2136
2906710035,1351
2906710036,832
2906710037,919
2906710038,1073
2906710039,760
2906710040,1241
2906710041,1282
2906710042,842
2906710043,1584
2906710044,1066
2906710045,1102
2906710046,1304
2906710047,880
2906710048,886
2906710049,1278
2906710050,1136
2906710051,1148
2906710052,1755
2906710053,1230
2906710054,808
2906710055,827
2906710056,1536
2906710057,1259
2906710058,707
2906710059,873
2906710060,790
2906710061,1071
2906710062,1174
2906710063,1096
2906710064,1130
2906710065,769
2906710066,2636
2906710067,1118
2906710068,1669
2906710069,1670
2906710070,1937
2906710071,1403
2906710072,2166
2906711001,969
2906711002,2379
2906711003,1944
2906711004,1810
2906711005,1092
2906711006,2589
2906711007,1717
2906711008,2539
2906711009,1269
2906711010,1574
2906711011,1142
2906801001,2345
2906801002,1327
2906801003,2274
2906801004,3860
2906801005,4645
2906901001,1012
2906901002,1162
2906901003,1736
2906901004,2219
2906901005,1549
2906901006,1288
2906901007,1375
2906901008,1217
2906901009,1141
2906901010,1886
2906901011,2033
2906901012,1015
2906901013,905
2906901014,1668
2906901015,1601
2906901016,2082
2906901017,1115
2906901018,2484
2906901019,762
2906901020,1184
2906901021,1763
2906901022,1782
2906901023,1561
2906901024,1728
2906901025,981
2906901026,1214
2906901027,1521
2906901028,1826
2906901029,2577
2906901030,1542
2906901031,1491
2906901032,1637
2906901033,1555
2906901034,1171
2906901035,2745
2906901036,1351
2906901037,1626
2906901038,1795
2906901039,1341
2906901040,1700
2906901041,1275
2906902001,1354
2906902002,1543
2906902003,1982
2906902004,1876
2906902005,1889
2906902006,1034
2906902007,1549
2906902008,1652
2906902009,2805
2906902010,2563
2906902011,2492
2906902012,1548
2906902013,1622
2906902014,1167
2906902015,2441
2906902016,1588
2906902017,1708
2906902018,2030
2906902019,1722
2906903001,3046
2906903002,3940
2906903003,2391
2906903004,2806
2906903005,2949
2906903006,3138
2906903007,2979
2906903008,2209
2906904001,2111
2906904002,3273
2906904003,2814
2906904004,2616
2906904005,1424
2906904006,3292
2906904007,1510
2907001001,3460
2907001002,1838
2907001003,1834
2907001004,2350
2907001005,1066
2907001006,1601
2907001007,4519
2907001008,1685
2907001009,2425
2907001010,2158
2907001011,6157
2907001012,3023
2907001013,2693
2907001014,1823
2907001015,2128
2907001016,2204
2907001017,2694
2907001018,2561
2907001019,2587
2907001020,2989
2907001021,2413
2907001022,5865
2907001023,4460
2907001024,2602
2907001025,2810
2907001026,3738
2907001027,3838
2907101001,1256
2907201001,2427
2907201002,2516
2907301001,1355
2907301002,1020
2907401001,985
2907501001,1438
2907501002,1597
2907501003,2288
2907501004,1707
2907501005,2381
2907501006,2032
2907501007,2360
2907501008,3166
2907501009,1972
2907501010,1708
2907601001,2287
2907601002,1039
2907701001,251
2907901001,1226
2907901002,1137
2907901003,998
2908001001,1271
2908001002,1254
2908001003,1250
2908001004,1490
2908001005,1191
2908002001,1384
2908002002,1361
2908101001,294
2908201001,2111
2908201002,1674
2908201003,2023
2908201004,1099
2908201005,1277
2908201006,1433
2908201007,1174
2908201008,1528
2908201009,1700
2908201010,1848
2908201011,2352
2908201012,2144
2908201013,2782
2908201014,2032
2908201015,2608
2908201016,1904
2908201017,1243
2908201018,1626
2908201019,1644
2908201020,1400
2908201021,1487
2908201022,1664
2908201023,2547
2908201024,1388
2908301001,828
2908302001,2068
2908401001,747
2908401002,1133
2908401003,1374
2908402001,2230
2908402002,1167
2908402003,1159
2908402004,1426
2908402005,1098
2908402006,2141
2908402007,1675
2908402008,1428
2908402009,1458
2908402010,1135
2908403001,1408
2908403002,1591
2908403003,821
2908403004,1156
2908403005,1081
2908403006,1233
2908403007,1028
2908404001,718
2908404002,1080
2908404003,1118
2908404004,2040
2908405001,1077
2908405002,855
2908405004,982
2908405005,1849
2908501001,221
2908601001,1512
2908701001,667
2908801001,1670
2908801002,1774
2908901001,1977
2908901002,832
2908901003,1192
2909001001,1645
2909001002,588
2909101001,1660
2909101002,1020
2909101003,1252
2909102001,2074
2909102002,2876
2909102003,1704
2909103001,2574
2909103002,2351
2909201001,723
2909301001,1213
2909301002,1451
2909401001,1347
2909401002,1083
2909401003,2555
2909401004,1063
2909401005,2564
2909401006,2104
2909401007,1397
2909401008,2363
2909401009,2131
2909401010,2276
2909401011,1811
2909401012,1632
2909401013,1299
2909401014,1983
2909401015,732
2909401016,1386
2909401017,1559
2909402001,1052
2909402002,1093
2909402003,1376
2909402004,2040
2909402005,650
2909402006,675
2909402007,1324
2909402008,1245
2909402009,1924
2909403001,1338
2909403002,1719
2909403003,1664
2909403004,2314
2909403005,1831
2909403006,1917
2909403007,1351
2909403008,2640
2909403009,1645
2909403010,1892
2909403011,1942
2909403012,1932
2909403013,1565
2909403014,1346
2909404001,1449
2909404002,2749
2909404003,1931
2909404004,1519
2909404005,1730
2909404006,1619
2909405001,1051
2909501001,2060
2909501002,2313
2909601001,1850
2909601002,1688
2909701001,1053
2909701002,1026
2909701003,2504
2909701004,687
2909801001,1564
2909901001,1921
2910001001,1315
2910001002,1731
2990101001,1201
2990101002,1380
2990101003,2072
2990101004,1524
2990101005,1101
2990101006,1268
2990101007,1745
2990101008,2026
2990101009,1730
2990101010,1793
2990101011,1843
2990101012,1414
2990101013,1064
2990101014,1997
2990101015,1439
2990101016,1588
2990101017,1956
2990101018,2035
2990101019,1963
2990101020,1980
2990101021,973
2990101022,1483
2990101023,1354
2990101024,1606
2990101025,1461
2990101026,1644
2990101027,1857
2990101028,1297
2990101029,1463
2990101030,2046
2990101031,1725
2990101032,1610
2990101033,917
2990101034,2224
2990101035,1366
2990101036,1421
2990101037,1375
2990101038,1346
2990101039,1976
2990101040,996
2990101041,1254
2990101042,1219
2990101043,1621
2990201001,1614
2990201002,1046
2990201003,769
3000101001,1208
3000101002,1271
3000101003,774
3000102001,1300
3000102002,1053
3000102003,829
3000201001,769
3000201002,1537
3000201003,1028
3000201004,1226
3000201005,875
3000201006,1616
3000201007,774
3000201008,879
3000201009,1373
3000201010,1441
3000201011,800
3000201012,768
3000301001,840
3000301002,1141
3000301003,1269
3000301004,1040
3000301005,1123
3000301006,860
3000301007,695
3000301008,770
3000301009,929
3000301010,1052
3000301011,1133
3000301012,844
3000301013,1214
3000301014,1459
3000301015,1884
3000301016,1146
3000301017,1622
3000301018,1485
3000301019,1828
3000301020,1263
3000301021,1153
3000301022,939
3000301023,823
3000301024,1185
3000301025,1127
3000301026,1344
3000301027,1120
3000301028,847
3000301029,1048
3000301030,1449
3000401001,1383
3000501001,1729
3000501002,1813
3000501003,1363
3000501004,1171
3000501005,1261
3000501006,1408
3000501007,2004
3000501008,1839
3000501009,2269
3000501010,2043
3000501011,1754
3000501012,1445
3000501013,2120
3000501014,1263
3000501015,1368
3000501016,2024
3000501017,1623
3000501018,1276
3000501019,1597
3000501020,994
3000501021,1801
3000501022,1800
3000501023,1065
3000501024,1048
3000501025,1626
3000501026,1203
3000601001,986
3000701001,852
3000701002,1125
3000701003,1357
3000701004,1556
3000701005,1351
3000701006,1227
3000701007,1009
3000701008,1116
3000801001,1126
3000801002,969
3000801003,1480
3000801004,1179
3000801005,968
3000801006,2221
3000801007,1230
3000801008,1341
3000801009,1151
3000801010,1488
3000801011,1289
3000801012,1121
3000801013,1185
3000801014,1198
3000801015,831
3000801016,1123
3000801017,1398
3000901001,2104
3000901002,1359
3000901003,2212
3000901004,2088
3000901005,1904
3000901006,1581
3000901007,2795
3000901008,1745
3000901009,2782
3001001001,1173
3001001002,838
3001001003,977
3001001004,1232
3001001005,1156
3001001006,1580
3001001007,1187
3001001008,1009
3001001009,732
3001001010,1228
3001101001,1937
3001101002,1435
3001101004,868
3001101005,1149
3001101006,1088
3001201001,999
3001201002,895
3001201003,1379
3001201004,753
3001201006,1278
3001201007,1259
3001201008,855
3001201009,795
3001201010,1032
3001201011,691
3001201012,951
3001201013,1174
3001301001,919
3001301002,1315
3001301003,1730
3001301004,1395
3001301005,1101
3001301006,1014
3001301007,926
3001301008,1027
3001301009,1100
3001401001,1381
3001401002,719
3001501001,1157
3001501002,1076
3001501003,1042
3001501004,977
3001501005,1092
3001501006,801
3001501007,799
3001501008,818
3001501009,893
3001501010,962
3001501011,853
3001501012,1248
3001501013,951
3001501014,883
3001501016,1073
3001501017,1108
3001501018,1440
3001501019,1153
3001501020,1184
3001501021,862
3001501022,1264
3001501023,924
3001501024,914
3001501025,944
3001501026,853
3001501027,1009
3001601001,3734
3001601002,1309
3001601004,1482
3001602001,1121
3001602002,1083
3001602004,1284
3001602005,1119
3001602006,907
3001602007,1188
3001602008,1267
3001602010,1324
3001602011,1422
3001602012,728
3001602013,1551
3001602014,897
3001603001,819
3001603002,1109
3001603003,850
3001603005,876
3001603006,867
3001603007,1084
3001603008,1033
3001603009,763
3001603010,751
3001603011,1556
3001603012,1010
3001603013,1473
3001603014,1143
3001603015,1379
3001603016,826
3001603017,771
3001603018,1007
3001603019,783
3001603020,1247
3001603021,731
3001603022,1238
3001603023,655
3001603024,1191
3001603025,955
3001603026,798
3001603027,1001
3001603028,752
3001603029,710
3001603030,927
3001603031,781
3001603032,871
3001603034,877
3001603035,637
3001603036,742
3001603037,888
3001604001,1041
3001604002,1297
3001604003,1266
3001604004,1054
3001604005,1816
3001605001,975
3001605002,1293
3001605004,1049
3001605005,928
3001605006,1026
3001605007,2102
3001605008,1118
3001605009,1455
3001605011,1148
3001606001,1523
3001606002,1171
3001606003,995
3001606004,1316
3001606005,2008
3001606006,1183
3001606007,867
3001606008,1709
3001606009,987
3001606010,948
3001606011,961
3001606012,1405
3001606013,2217
3001606014,948
3001606016,1264
3001606017,922
3001607001,1502
3001607002,1395
3001607003,2035
3001607004,1639
3001607005,1392
3001607006,1179
3001607007,1016
3001607008,1955
3001607009,1448
3001607010,1530
3001607011,1515
3001607012,1508
3001607013,1134
3001607014,967
3001608001,1165
3001608002,1267
3001608003,844
3001608004,1459
3001608005,1099
3001608006,1268
3001608007,794
3001608008,1547
3001608009,1173
3001608010,1062
3001608011,1523
3001608012,1435
3001608013,1362
3001608014,1542
3001608015,1535
3001608016,1153
3001608017,769
3001608018,980
3001608019,838
3001608020,1258
3001608021,918
3001608022,1040
3001608023,1210
3001608024,1405
3001608025,1310
3001608026,1233
3001608027,1578
3001608028,772
3001608029,945
3001608030,1064
3001608031,1155
3001608032,1914
3001608033,1037
3001608034,841
3001608035,1014
3001608036,1053
3001608037,824
3001608038,1141
3001608039,849
3001608040,1089
3001608041,1043
3001609001,1721
3001609002,1362
3001609003,1813
3001609004,1302
3001609005,1012
3001610001,974
3001610002,1320
3001610003,1433
3001610004,1127
3001610005,807
3001610006,1239
3001610007,858
3001610008,1399
3001610009,927
3001610010,1115
3001610011,1253
3001610012,794
3001610013,1460
3001610014,1031
3001610015,701
3001610016,1326
3001610017,1084
3001610018,903
3001610019,831
3001610020,746
3001610021,824
3001610022,962
3001610023,777
3001610024,1074
3001610025,1108
3001610026,1446
3001610027,1309
3001610028,1400
3001610029,1701
3001610030,1321
3001610031,1864
3001610032,1674
3001610033,965
3001610034,1070
3001610035,972
3001610036,848
3001610037,1223
3001610038,886
3001610039,1173
3001610040,1246
3001610041,638
3001610042,862
3001610043,795
3001610044,751
3001610045,718
3001610046,1074
3001701001,1145
3001701003,942
3001701004,1124
3001701005,827
3001701006,1378
3001701007,1204
3001701008,1419
3001701009,989
3001701010,645
3001701011,1104
3001701012,1084
3001701013,809
3001701014,804
3001701015,926
3001701016,895
3001701017,660
3001801001,1237
3001801002,1402
3001801003,1039
3001801004,819
3001801005,1317
3001801006,1416
3001801007,1523
3001801008,1130
3001801009,1152
3001901001,792
3001901002,812
3001901003,1110
3001901004,859
3001901005,1369
3001901006,1326
3001901007,1087
3001901008,783
3001901009,748
3001901010,1125
3001901011,1010
3001901012,1026
3001901013,1284
3001901014,1129
3001901015,884
3001901016,956
3001901017,1466
3001901018,961
3001901019,713
3001901020,1426
3001901021,1377
3001901022,1138
3001901023,1185
3001901024,706
3001901025,856
3001901026,851
3001901027,696
3001901028,840
3001901029,915
3001901030,1034
3001901031,1215
3001901032,776
3001901033,1039
3001902001,1570
3002001001,2141
3002001002,1253
3002001003,2021
3002001004,1530
3002001005,1163
3002001006,1606
3002101001,2593
3002101002,1413
3002101003,899
3002101004,1411
3002101005,1241
3002101006,987
3002101007,1861
3002101008,1004
3002101009,1043
3002101010,1698
3002101011,1238
3002101012,950
3002201001,1247
3002201004,1702
3002201005,925
3002201006,756
3002201007,1019
3002201008,869
3002201009,1057
3002201010,1473
3002201011,1169
3002201012,1022
3002201013,1171
3002201014,965
3002201015,1173
3002201016,1021
3002201017,989
3002201018,1211
3002201019,1006
3002201020,1092
3002201021,1019
3002201022,1300
3002201023,969
3002201024,1077
3002202001,1244
3002301001,832
3002301002,1049
3002301003,1243
3002301004,724
3002301005,1052
3002401001,1384
3002401002,1222
3002401003,1342
3002401004,1407
3002401005,1104
3002401006,1539
3002401007,1251
3002401008,1106
3002401009,1191
3002401010,1472
3002401011,1491
3002401012,1019
3002401013,1276
3002401014,994
3002401015,1358
3002401016,1711
3002401017,1468
3002401018,1845
3002401019,3387
3002401020,1249
3002401021,1360
3002401022,1021
3002401023,1351
3002401024,1316
3002401025,1283
3002401026,979
3002401027,2580
3002401028,1220
3002401029,1437
3002401030,1738
3002401031,1287
3002401032,2237
3002401033,1054
3002401034,1732
3002401035,843
3002401036,1025
3002401037,873
3002401038,1418
3002401039,1103
3002401040,1023
3002401041,984
3002401042,1169
3002401043,925
3002402001,1198
3002402002,1267
3002402003,1789
3002402004,1760
3002402005,1805
3002402006,1627
3002402007,989
3002402008,811
3002402009,1881
3002402010,1585
3002402011,1418
3002402012,1799
3002402013,2134
3002402014,947
3002402015,982
3002402016,1049
3002402017,1705
3002402019,815
3002402021,1095
3002402022,1223
3002402023,994
3002402025,2749
3002402026,1363
3002501001,672
3002501002,930
3002501003,1166
3002501004,1082
3002501005,888
3002501006,1158
3002501007,1052
3002601001,1439
3002601002,1500
3002601003,1063
3002601004,1741
3002601005,1937
3002601006,1502
3002601007,1376
3002601008,1078
3002601009,1181
3002601010,3149
3002601011,1699
3002601012,1127
3002601013,1482
3002601014,1763
3002601015,1539
3002601016,1151
3002601017,1408
3002601018,2254
3002601019,1351
3002601020,1106
3002601021,1872
3002701001,1436
3002701002,987
3002701003,1389
3002701004,1059
3002701005,1229
3002701006,1671
3002701007,1930
3002701008,1154
3002701009,1318
3002701010,1217
3002701011,975
3002701012,1255
3002701013,972
3002701014,938
3002701015,908
3002701016,1335
3002701017,1192
3002701018,1556
3002701019,1231
3002701020,803
3002701021,1538
3002701022,1557
3002701023,1357
3002701024,980
3002701025,1021
3002701026,1528
3002701027,1298
3002701028,1254
3002701029,1421
3002701030,819
3002701031,925
3002701032,1133
3002701033,977
3002701034,1027
3002701035,1459
3002701036,1687
3002701037,2001
3002701038,747
3002701039,1186
3002701040,1594
3002701041,1400
3002701042,1048
3002701043,1020
3002701044,861
3002701045,1085
3002701046,1186
3002701047,740
3002701048,905
3002701049,963
3002701050,1230
3002701051,1992
3002701052,1495
3002701053,1386
3002701054,1080
3002701055,1205
3002701056,1115
3002801001,721
3002801002,1085
3002801003,996
3002801004,1361
3002801005,933
3002801006,1083
3002801008,2040
3002901001,1208
3002901002,1989
3002901003,987
3002901004,781
3002901005,1242
3002901006,1234
3002901007,749
3002901008,654
3002901009,1290
3002901010,1430
3002901011,1223
3002901012,929
3002901013,1284
3002901014,1091
3002901015,917
3003001001,986
3003001002,875
3003001003,674
3003001004,1329
3003001005,1210
3003001006,1111
3003001007,848
3003001008,760
3003001009,1312
3003001010,926
3003001011,981
3003001012,906
3003001013,882
3003001014,690
3003001015,914
3003001016,869
3003001018,717
3003001019,957
3003001020,844
3003001021,1111
3003001022,1147
3003001023,821
3003001024,635
3003001025,1420
3003001026,832
3003001027,1414
3003001028,741
3003001029,1057
3003001030,861
3003001031,833
3003001032,734
3003001033,875
3003001034,1063
3003001035,872
3003001036,1169
3003001037,934
3003001038,1447
3003001040,1345
3003001041,814
3003001042,1441
3003001043,907
3003001044,797
3003001046,902
3003001047,1181
3003001048,970
3003001049,919
3003001050,957
3003001051,1247
3003001052,1163
3003001053,970
3003001054,1130
3003001055,730
3003001056,1247
3003001057,814
3003001058,764
3003001059,725
3003001060,931
3003001061,1021
3003001062,1023
3003001063,1069
3003001064,1075
3003001065,914
3003001066,1170
3003002001,1810
3003002002,792
3003002003,1236
3003002004,754
3003002005,730
3003002006,1461
3003002008,1004
3003002009,1382
3003002010,1211
3003002011,1487
3003002012,722
3003002013,714
3003002014,1115
3003002015,1263
3003002017,1200
3003002019,1085
3003002020,669
3003002021,930
3003002022,940
3003002023,951
3003002025,1035
3003002028,1448
3003002030,1188
3003002031,1196
3003002032,773
3003002033,1138
3003002034,1002
3003002035,889
3003002036,1155
3003002037,691
3003002038,1080
3003002039,1174
3003002041,1034
3003002042,1351
3003002043,898
3003002044,865
3003002045,771
3003002046,1214
3003002047,940
3003002048,1023
3003002051,1264
3003002053,1422
3003002054,1429
3003002055,1555
3003002056,1123
3003002057,802
3003002058,1115
3003002059,1266
3003002060,1308
3003002061,678
3003002062,883
3003003001,1147
3003003002,1390
3003003003,869
3003003004,725
3003003005,1143
3003003006,915
3003003007,1004
3003003008,905
3003003009,923
3003003010,969
3003003011,1016
3003003012,881
3003003013,1188
3003003014,1102
3003003015,1170
3003003016,756
3003003017,1561
3003003018,1364
3003003019,1103
3003003020,976
3003003021,978
3003003023,1590
3003003024,1252
3003003025,1486
3003003026,1525
3003003027,1422
3003003028,1213
3003003029,1550
3003003030,1078
3003003031,846
3003003032,1318
3003003033,1165
3003003034,719
3003003035,822
3003003036,975
3003003037,1248
3003003038,1086
3003003039,1093
3003003040,845
3003003041,1542
3003003042,1616
3003003043,1118
3003003044,977
3003003045,885
3003003046,1080
3003003047,1057
3003003048,644
3003003049,669
3003004001,1126
3003004002,1157
3003004003,924
3003004004,1041
3003004005,1170
3003004006,878
3003004007,1426
3003004008,807
3003004009,936
3003004010,1567
3003004011,829
3003004012,1279
3003004013,995
3003004014,1518
3003004015,1269
3003004016,1099
3003004017,1535
3003004018,1438
3003004019,2181
3003004020,1642
3003004021,1577
3003004022,861
3003004023,1963
3003004024,1360
3003004025,1650
3003004026,1914
3003004027,1290
3003004028,1648
3003004029,1309
3003004030,1238
3003004031,1207
3003004032,966
3003004033,873
3003004034,1292
3003004035,1302
3003004036,1070
3003004037,653
3003004038,1218
3003004039,1258
3003004040,1384
3003004041,803
3003004042,1617
3003004043,952
3003004044,756
3003004045,834
3003004046,1305
3003004047,1482
3003004048,1290
3003004049,1005
3003004050,1351
3003004051,904
3003004052,2177
3003004053,802
3003004054,918
3003004055,1046
3003004056,1281
3003004057,995
3003004058,996
3003004059,990
3003004060,1597
3003004061,1408
3003004062,1724
3003004063,1772
3003004064,1553
3003004065,859
3003004066,1291
3003004067,749
3003004068,1009
3003004069,1367
3003004070,981
3003004071,843
3003004072,816
3003004073,1618
3003005001,1099
3003005002,2359
3003005003,1154
3003005004,1176
3003005005,785
3003005006,908
3003005007,1327
3003005008,1016
3003005009,1974
3003005011,2097
3003005012,1012
3003005013,1028
3003005014,815
3003005015,1169
3003005016,860
3003005017,1409
3003005018,1441
3003005019,1704
3003005020,1022
3003005021,1290
3003005022,780
3003005023,857
3003005024,1179
3003005025,912
3003005026,1072
3003005027,1212
3003005028,1593
3003005029,1593
3003005030,1493
3003005031,1081
3003005032,1294
3003005033,1294
3003005034,1239
3003005035,1332
3003005036,1189
3003005037,1111
3003005038,734
3003005039,1130
3003005040,963
3003005041,900
3003005042,1444
3003005043,1273
3003005044,1359
3003005045,1517
3003005046,1052
3003005047,1268
3003005048,908
3003005049,856
3003005050,1340
3003005051,980
3003005052,1284
3003005053,764
3003005054,1519
3003005055,797
3003005056,889
3003005057,752
3003005058,1345
3003005059,1076
3003005060,816
3003005061,676
3003005062,1471
3003005063,1250
3003006001,1235
3003006002,926
3003006003,1373
3003006004,902
3003006005,921
3003006006,950
3003006007,971
3003006008,1103
3003006009,962
3003006010,1610
3003006011,998
3003006013,942
3003006014,1024
3003006015,1084
3003006016,1047
3003006017,1479
3003006018,1242
3003006019,1833
3003006020,1482
3003006022,1432
3003006023,1758
3003006024,928
3003006025,918
3003006026,1211
3003006027,1005
3003006028,1181
3003006029,829
3003006030,1391
3003006031,973
3003006032,1095
3003006033,2015
3003006034,1109
3003006035,1126
3003006036,1219
3003006037,1023
3003006038,984
3003006039,1091
3003006040,1357
3003006041,994
3003006042,953
3003006043,933
3003007001,1184
3003007002,729
3003007003,956
3003007004,1445
3003007005,808
3003007006,642
3003007007,878
3003007008,999
3003007009,837
3003007010,1037
3003007011,1090
3003007012,1210
3003007013,847
3003007014,897
3003007015,1215
3003007016,1263
3003007017,1008
3003007018,887
3003007019,930
3003007020,1323
3003007021,946
3003007022,966
3003007023,1412
3003007024,1517
3003007025,1559
3003007026,1363
3003007027,904
3003007028,1460
3003007029,1081
3003007030,1511
3003007031,1432
3003007032,1014
3003007033,1284
3003007034,1282
3003007035,1212
3003007036,804
3003007037,773
3003007038,798
3003007039,1291
3003007040,965
3003007041,1084
3003007042,1305
3003007043,826
3003007044,709
3003008001,1869
3003008002,1587
3003008003,2533
3003008004,2027
3003008005,1931
3003008006,1238
3003101001,518
3003201001,1371
3003201002,655
3003201003,997
3003201004,914
3003301001,1180
3003301002,1290
3003301003,1312
3003301004,1176
3003301005,936
3003301006,1630
3003301007,1048
3003301008,1361
3003301009,1443
3003301010,1040
3003301011,1057
3003301012,1137
3003401001,1398
3003501001,2373
3003501002,1136
3003501003,2273
3003501004,1656
3003501005,1347
3003501006,747
3003501007,1375
3003501008,2002
3003501009,2273
3003501010,770
3003501011,1596
3003501012,1510
3003501013,1122
3003501014,1451
3003501015,2246
3003501016,935
3003501017,1309
3003501018,949
3003501019,1050
3003501020,848
3003501021,947
3003501022,1018
3003501023,1055
3003601001,1111
3003601002,1459
3003601003,1708
3003601004,1084
3003601005,1159
3003601006,1435
3003601007,1221
3003601008,1678
3003601009,1095
3003601010,829
3003601011,2497
3003601012,986
3003601013,1286
3003601014,1256
3003601015,1027
3003601016,1242
3003601017,813
3003601018,1059
3003601019,1146
3003701001,2083
3003701002,1955
3003701003,1380
3003701004,1418
3003701005,2166
3003701006,1069
3003701007,2210
3003701008,2106
3003701009,1295
3003701010,1080
3003701011,1894
3003701012,1222
3003702001,1712
3003702002,2900
3003702003,1919
3003702004,2261
3003702005,1226
3003702006,1584
3003702007,1137
3003702008,1534
3003801001,1203
3003801002,858
3003801003,1030
3003801004,736
3003801005,1642
3003801006,846
3003801007,1282
3003801008,1182
3003801009,1509
3003801010,1152
3003801011,1184
3003801012,1147
3003801013,878
3003801014,760
3003801015,870
3003801016,865
3003801017,881
3003801018,1032
3003801019,861
3003801020,1486
3003901001,985
3003901002,1018
3003901003,1265
3003901004,1192
3003901005,1122
3003901006,966
3003901007,1266
3003901008,1175
3003901009,1126
3003901010,1495
3003901011,1006
3003901012,1205
3003901013,1124
3003901014,1379
3003901015,1417
3003901016,1022
3003901017,820
3003901018,1219
3003901019,1056
3003901020,726
3003901021,982
3003901022,1513
3003901023,948
3003901024,1081
3003901025,1057
3003901026,1391
3003901027,1113
3004001001,912
3004101001,1136
3004101002,1457
3004101003,1148
3004101004,1373
3004101005,1462
3004101006,907
3004102001,1469
3004103001,1254
3004103002,1824
3004103003,1220
3004104001,1127
3004104002,1274
3004104003,1281
3004104004,1515
3004106001,1005
3004201001,1226
3004201002,1218
3004301001,1280
3004301002,1311
3004301003,943
3004301004,771
3004301005,1000
3004301006,869
3004301007,1302
3004301008,2214
3004301009,1013
3004301010,888
3004301011,1245
3004301012,1206
3004301013,1429
3004301014,893
3004301015,1668
3004301016,1139
3004301017,1069
3004301018,932
3004301019,1348
3004301020,1551
3004301021,749
3004301022,913
3004301023,964
3004301024,929
3004301025,729
3004301026,1067
3004301027,1323
3004301028,1020
3004301029,978
3004301030,1387
3090101001,1242
3090101002,1665
3090101003,1361
3090101004,1298
3090101005,1253
3090101006,924
3090101007,1088
3090101008,1091
3090101009,810
3090101010,1557
3090101011,1152
3090101012,1273
3090101013,1146
3090201001,1462
3090201002,1730
3090201003,1380
3090201004,2260
3090201005,1389
3090201006,1781
3090201007,1631
3090201008,1443
3090201009,2659
3100101001,98
3100201001,556
3100301001,132
3100401001,38
3100501001,382
3100601001,1246
3100602001,1303
3100701001,170
3100801001,94
3100901001,836
3101001001,1900
3101001002,1518
3101002001,1218
3101002002,1779
3101002003,1197
3101101001,840
3101201001,1019
3101301001,764
3101401001,385
3101501001,1078
3101502001,1701
3101601001,1661
3101601002,2126
3101601003,1924
3101601004,1625
3101601005,1472
3101601006,2053
3101701001,462
3101801001,557
3101901001,1071
3101902001,1558
3102001001,533
3102101001,77
3102201001,629
3102301001,2303
3102301002,1462
3102301003,2211
3102301004,3006
3102401001,111
3102501001,941
3102601001,184
3102701001,1117
3102801001,282
3102901001,1167
3103001001,184
3103101001,266
3103201001,1710
3103202001,603
3103301001,55
3103401001,44
3103501001,61
3103601001,1078
3103701001,111
3103801001,1697
3103901001,118
3104001001,218
3104101001,2191
3104201001,2017
3104202001,1784
3104301001,37
3104401001,336
3104501001,676
3104601001,63
3104701001,295
3104801001,201
3104901001,871
3105001001,1505
3105002001,1973
3105002002,2272
3105003001,829
3105003002,1269
3105101001,303
3105201001,124
3105301001,673
3105401001,602
3105501001,332
3105601001,223
3105701001,1064
3105702001,1215
3105801001,260
3105901001,229
3106001001,2506
3106001002,1370
3106001003,1319
3106001004,1326
3106001005,2889
3106002001,1444
3106002002,1129
3106002003,1125
3106002004,1652
3106002005,1568
3106002006,1909
3106101001,70
3106201001,1429
3106301001,102
3106401001,2046
3106501001,1011
3106502001,1783
3106601001,1081
3106701001,1298
3106702001,1206
3106801001,1262
3106802001,1096
3106803001,1530
3106901001,1014
3107001001,2093
3107001002,1046
3107002001,981
3107101001,18
3107201001,2002
3107202001,2652
3107202002,1210
3107202003,1904
3107301001,380
3107401001,491
3107501001,123
3107601001,1394
3107601002,2402
3107701001,1805
3107701002,2674
3107702001,1134
3107702002,2140
3107801001,1174
3107802001,2025
3107901001,83
3108001001,639
3108101001,456
3108201001,819
3108301001,78
3108401001,1333
3108402001,1158
3108501001,586
3108601001,2197
3108601004,2253
3108601005,1456
3108601006,2024
3108601007,2410
3108601008,1682
3108601009,2906
3108601010,2362
3108601011,1724
3108701001,226
3108801001,2269
3108801002,2101
3108801003,1216
3108801004,2251
3108901001,334
3109001001,160
3109101001,400
3109201001,809
3109301001,329
3109401001,127
3109501001,82
3109601001,119
3109701001,1107
3109701002,1716
3109702001,945
3109702002,1647
3109702003,1104
3109702004,2055
3109702005,1209
3109702006,1512
3109702007,895
3109703001,1505
3109801001,2509
3109901001,79
3110001001,315
3110101001,1816
3110201001,152
3110301001,46
3110401001,1292
3110402001,1151
3110501001,961
3110502001,1101
3110601001,958
3110701001,1367
3110702001,1121
3110801001,1400
3110802001,1128
3110901001,2007
3111001001,115
3111101001,97
3111201001,95
3111301001,161
3111401001,495
3111501001,186
3111601001,73
3111701001,747
3111801001,170
3111901001,45
3112001001,456
3112101001,86
3112201001,1448
3112201002,2018
3112201003,2247
3112201004,1228
3112301001,839
3112401001,248
3112501001,333
3112601001,434
3112701001,171
3112801001,474
3112901001,525
3113001001,392
3113101001,1156
3113201001,180
3113301001,50
3113401001,208
3113501001,116
3113601001,548
3113701001,234
3113801001,1262
3113901001,182
3114001001,149
3114101001,141
3114201001,2093
3114301001,116
3114401001,1002
3114501001,204
3114601001,49
3114701001,114
3114801001,106
3114901001,1432
3114901002,1474
3115001001,253
3115101001,65
3115201001,765
3115202001,941
3115301001,1070
3115302001,1672
3115401001,263
3115501001,318
3115601001,317
3115701001,1620
3115701002,1495
3115702001,1645
3115801001,318
3115901001,1346
3116001001,138
3116101001,436
3116201001,51
3116301001,1109
3116302001,1714
3116401001,742
3116501001,1475
3116502001,2141
3116601001,318
3116701001,1078
3116801001,289
3116901001,1380
3116902001,1986
3117001001,54
3117101001,878
3117201001,478
3117301001,1105
3117401001,135
3117501001,81
3117601001,2242
3117602001,1519
3117701001,346
3117801001,653
3117901001,640
3118001001,271
3118101001,158
3118201001,45
3118301001,919
3118401001,66
3118501001,584
3118601001,364
3118701001,140
3118801001,289
3118901001,1552
3119001001,52
3119101001,1930
3119102001,1956
3119201001,191
3119301001,1806
3119401001,407
3119501001,208
3119601001,41
3119701001,94
3119801001,46
3119901001,156
3120001001,944
3120101001,765
3120101003,1456
3120101004,926
3120101005,1066
3120101006,799
3120101007,724
3120101008,783
3120101009,853
3120101010,961
3120101011,811
3120101012,684
3120101013,1084
3120102001,1096
3120102002,985
3120102003,795
3120102004,1821
3120102005,1524
3120102006,1377
3120102007,858
3120102008,1149
3120102009,1249
3120102010,1148
3120102011,1328
3120102012,1493
3120102013,845
3120102014,1395
3120102015,978
3120102016,975
3120102017,821
3120103001,876
3120103002,941
3120103003,1591
3120103004,882
3120103005,1013
3120103006,1586
3120103007,1134
3120103008,1335
3120103009,1150
3120103010,1232
3120103011,1101
3120103012,1176
3120103013,1264
3120103014,1705
3120103015,1643
3120103016,1051
3120103017,1197
3120103018,1196
3120103019,1845
3120103020,1435
3120103021,1266
3120103022,727
3120103023,1883
3120103024,2375
3120103025,2593
3120103026,1411
3120103027,1611
3120104001,1323
3120104002,1866
3120104003,1338
3120104004,1043
3120104005,1197
3120104006,830
3120104007,1231
3120104008,1631
3120104009,982
3120104010,1536
3120104011,1507
3120104012,1351
3120104013,1672
3120104014,1337
3120104015,1262
3120104016,779
3120104017,1862
3120104018,1865
3120104019,1308
3120104020,1014
3120104021,2064
3120104022,965
3120104024,1419
3120104025,2144
3120104026,2291
3120105001,1026
3120105002,1072
3120105003,949
3120105004,1322
3120105005,1204
3120105006,1488
3120105007,1533
3120105008,1902
3120105009,1894
3120105010,1280
3120105011,1471
3120105012,1210
3120106001,1578
3120106002,1963
3120106003,1107
3120106004,977
3120106005,1046
3120106006,1036
3120106007,1780
3120106009,938
3120106010,1237
3120106011,773
3120106012,1558
3120106013,1090
3120106014,935
3120106015,1392
3120106016,2421
3120107001,1333
3120107002,2354
3120107003,1729
3120107004,1132
3120107005,2439
3120107006,2826
3120107007,2778
3120107008,1585
3120107009,2893
3120107010,2375
3120107011,2432
3120107012,1664
3120107013,1090
3120107014,1577
3120107015,1747
3120107016,930
3120107017,700
3120107018,1393
3120107019,2031
3120107020,1940
3120107021,1470
3120107022,1737
3120107023,4747
3120108001,1477
3120108002,2604
3120108003,2788
3120108004,1578
3120108005,1279
3120108006,1571
3120201001,1137
3120201002,1756
3120202001,2996
3120301001,35
3120401001,43
3120501001,523
3120601001,1275
3120601002,1537
3120701001,347
3120801001,1351
3120802001,2336
3120901001,166
3121001001,246
3121101001,33
3121201001,172
3121301001,118
3121401001,118
3121501001,1489
3121501002,2104
3121502001,1458
3121502002,1165
3121601001,1924
3121602001,990
3121602002,2164
3121701001,414
3121901001,104
3122001001,895
3122101001,1644
3122201001,62
3122301001,1317
3122401001,1201
3122501001,71
3122601001,650
3122701001,868
3122701002,2224
3122701003,2140
3122702001,1915
3122702002,1674
3122702003,1286
3122702004,859
3122801001,633
3122901001,57
3123001001,120
3123101001,135
3123201001,1848
3123201002,1279
3123202001,1670
3123202002,1970
3123202003,1171
3123202004,3076
3123202005,1003
3123202006,1317
3123203001,1696
3123203002,1136
3123203003,1566
3123203004,1972
3123203005,3033
3123203006,1022
3123203007,1814
3123204001,951
3123204002,1778
3123204003,1605
3123204004,1991
3123204005,1330
3123204006,1834
3123301001,125
3123401001,191
3123501001,198
3123601001,1668
3123701001,229
3123801001,127
3123901001,392
3124001001,677
3124101001,151
3124201001,290
3124301001,398
3124401001,179
3124501001,100
3124601001,172
3124701001,158
3124801001,380
3124901001,1453
3124902001,1014
3125001001,1972
3125001002,738
3125002001,1050
3125101001,1890
3125101002,1427
3125102001,767
3125201001,96
3125301001,160
3125401001,1654
3125402001,1206
3125501001,130
3125601001,113
3125701001,1128
3125801001,2377
3125802001,1680
3125802002,2224
3125802003,2145
3125802004,1785
3125901001,625
3126001001,1517
3126101001,223
3126201001,295
3126301001,319
3126401001,225
3126501001,104
3190101001,1256
3190101002,1385
3190101003,1881
3190101004,2043
3190101005,2489
3190101006,1807
3190101007,1793
3190101008,2403
3190101009,1132
3190101010,2197
3190101011,2072
3190201001,2399
3190201002,2872
3190201003,1173
3190301001,1905
3190301002,1573
3190301003,2231
3190301005,1935
3190301006,1981
3190401001,2223
3190501001,1715
3190501002,2159
3190601001,1732
3190601002,2011
3190701001,1435
3190701002,1759
3190701003,2089
3190701004,2610
3190701005,1828
3190701006,875
3190701007,1785
3190701008,1872
3190801001,1469
3200101001,1601
3200101002,1103
3200101003,2109
3200102001,1247
3200201001,1423
3200201002,851
3200301001,1040
3200401001,1025
3200402001,1028
3200501001,1019
3200601001,1271
3200602001,558
3200701001,1072
3200701002,603
3200801001,2151
3200801002,1675
3200801003,1562
3200801004,2097
3200801005,1823
3200802001,1063
3200901001,1820
3200901002,1109
3200901003,947
3200901004,866
3200901005,1989
3200901006,1406
3200901007,1813
3200901008,935
3200901009,1711
3200902001,1303
3201001001,464
3201101001,1112
3201201001,885
3201301001,1139
3201302001,795
3201303001,683
3201401001,673
3201402001,677
3201501001,1013
3201601001,985
3201701001,776
3201702001,921
3201801001,1390
3201901001,1492
3201901002,2065
3201901003,1322
3201901004,1832
3201901005,2134
3201901006,1267
3201901007,1505
3201902001,979
3201902002,562
3201903001,965
3202001001,857
3202001002,1297
3202001004,790
3202101001,1109
3202201001,887
3202202001,733
3202301001,1376
3202401001,1963
3202401002,1642
3202402001,1177
3202403001,833
3202501001,664
3202502001,571
3202601001,1057
3202602001,659
3202602002,1434
3202701001,1191
3202801001,1257
3202802001,551
3202901001,545
3203001001,702
3203002001,621
3203101001,1216
3203201001,1939
3203201002,1856
3203201003,890
3203201005,1032
3203201007,910
3203201009,1973
3203201010,1600
3203301001,833
3203401001,1461
3203501001,887
3203501002,750
3203601001,779
3203602001,767
3203701001,863
3203801001,544
3203901001,1449
3204001001,1060
3204002001,615
3204101001,837
3204201001,1487
3204201003,538
3204301001,2196
3204302001,782
3204401001,973
3204501001,795
3204502001,1235
3204502002,876
3204601001,1340
3204701001,1341
3204701002,737
3204801001,1155
3204901001,822
3205001001,1800
3205002001,1009
3205101001,1042
3205101002,580
3205201001,776
3205201003,1422
3205301001,2020
3205401001,689
3205401002,1223
3205401003,869
3205401004,820
3205401005,1038
3205401006,1502
3205401007,1640
3205401008,788
3205401009,1781
3205401010,1591
3205401011,1207
3205401012,1859
3205401013,1559
3205401014,1314
3205401015,1014
3205401016,1002
3205401017,719
3205401018,780
3205402001,1337
3205402002,822
3205402003,2074
3205402004,1903
3205402005,1740
3205402006,1830
3205402007,1717
3205402008,825
3205402009,1591
3205402010,2055
3205402011,996
3205403001,1929
3205403002,1040
3205403003,1755
3205403004,1966
3205403005,1131
3205403006,864
3205403007,914
3205403008,2273
3205403009,1384
3205403010,1323
3205403011,1927
3205403012,718
3205403013,761
3205403014,1963
3205403015,1788
3205403016,1319
3205403017,802
3205404002,1588
3205404003,1247
3205404004,953
3205404005,2081
3205404006,1306
3205404007,1123
3205404008,895
3205404009,1898
3205404010,1178
3205404011,638
3205404012,655
3205404013,1023
3205404014,1673
3205404015,835
3205405001,1858
3205405002,1149
3205405003,1914
3205405004,1621
3205405005,2273
3205405006,1374
3205405008,1199
3205405009,1196
3205405010,1497
3205405011,1273
3205405012,978
3205405013,1128
3205405014,1359
3205405015,1127
3205405016,952
3205405017,631
3205405018,1877
3205405019,1415
3205405020,1312
3205405021,1537
3205501001,1515
3205601001,856
3205601002,1095
3205701001,634
3205801001,1121
3205801002,1117
3205802001,1753
3205802002,1572
3205802003,787
3205901001,939
3205902001,1060
3206001001,961
3206101001,722
3206102001,515
3206201001,931
3206301001,1394
3206301002,886
3206401001,625
3206501001,749
3206601001,651
3206701001,1456
3206801001,791
3206802001,852
3206901001,675
3206901003,1364
3206901004,720
3206901005,1269
3206902001,1159
3207001001,632
3207101001,932
3207102001,752
3207201001,1241
3207201002,904
3207201003,596
3207201004,670
3207201005,1223
3207301001,903
3207301002,591
3207401001,1180
3207501001,1598
3207501002,1234
3207501003,1220
3207502001,920
3207601001,1446
3207602001,972
3207701001,1297
3207801001,1313
3207901001,753
3207901002,808
3208001001,391
3208101001,939
3208101002,657
3208102001,915
3208201001,1456
3208301001,965
3208401001,1059
3208501001,1675
3208501002,1354
3208501003,987
3208501004,2224
3208501005,1697
3208501007,1532
3208501008,1898
3208501009,1761
3208501010,1524
3208601001,1882
3208602001,1231
3208701001,1016
3208702001,1040
3208801001,1176
3208801002,617
3208901001,692
3208902001,808
3209001001,922
3209101001,824
3209101002,673
3209101003,527
3209201001,633
3300101001,1259
3300101002,599
3300201001,1486
3300201002,635
3300201003,1090
3300202001,798
3300202002,815
3300203001,1171
3300203002,1809
3300203003,1272
3300203004,1401
3300203006,715
3300203007,576
3300301001,758
3300401001,816
3300401002,830
3300401003,672
3300401004,1079
3300401005,1737
3300401006,1145
3300401007,1720
3300401008,959
3300401009,1380
3300401011,683
3300401012,749
3300401013,1043
3300401014,968
3300401015,801
3300401016,717
3300401017,987
3300401018,1127
3300401019,903
3300401020,689
3300401021,1611
3300401022,726
3300401023,1313
3300401024,648
3300401025,1138
3300401026,606
3300401027,670
3300401028,1989
3300401029,1314
3300401030,1384
3300401031,1704
3300401032,1306
3300401033,755
3300401034,1119
3300401035,1637
3300401036,2326
3300401038,1003
3300401039,1839
3300401040,1676
3300401042,1111
3300401044,639
3300401045,911
3300401046,620
3300401047,1213
3300401049,810
3300401050,2090
3300401051,1024
3300401052,606
3300401053,2137
3300401054,1508
3300401055,1627
3300401056,1098
3300401058,1256
3300401060,832
3300401061,1171
3300401062,995
3300401063,634
3300401064,1256
3300401066,821
3300401067,959
3300401068,1195
3300401069,1366
3300401070,725
3300401071,1573
3300401072,1741
3300401073,1677
3300401074,1012
3300401075,919
3300401076,1490
3300401077,1647
3300401078,1227
3300501001,1653
3300601001,751
3300601002,1026
3300701001,1021
3300701003,688
3300801001,888
3300801002,1209
3300901001,1075
3301001001,661
3301001002,619
3301001003,828
3301101001,1030
3301101002,696
3301101003,1753
3301101004,1610
3301101005,2181
3301102001,1096
3301102002,1016
3301103002,825
3301103004,600
3301104001,1144
3301104003,880
3301105001,879
3301201001,2217
3301201002,1723
3301201003,783
3301201004,1380
3301201005,575
3301301001,506
3301401001,840
3301401002,1729
3301401003,1147
3301401004,1252
3301401005,1739
3301401006,755
3301402001,678
3301402002,1089
3301403001,821
3301403002,650
3301501001,932
3301501003,772
3301601001,972
3301601002,1480
3301601003,1481
3301601004,998
3301601005,925
3301601006,724
3301601007,1550
3301601008,954
3301601010,1532
3301601011,1349
3301601012,624
3301601013,2223
3301601014,1014
3301601015,671
3301601016,1173
3301601017,1174
3301601018,1103
3301601019,1254
3301601020,1615
3301701001,1362
3301701002,1612
3301701003,722
3301801001,934
3301802001,965
3301802002,1537
3301901001,1834
3301901002,949
3301901004,786
3302001001,1632
3302001002,1787
3302001003,1191
3302001004,2219
3302001005,896
3302001006,802
3302001007,915
3302001008,968
3302001009,921
3302001010,1358
3302001011,1476
3302001012,1166
3302001013,822
3302101001,654
3302101003,747
3302101004,875
3302101005,669
3302101006,907
3302101007,1517
3302201001,1110
3302301001,1805
3302301002,705
3302301003,1391
3302401001,1127
3302401002,891
3302401003,1580
3302401004,925
3302401005,1113
3302401006,1109
3302401007,1541
3302401008,803
3302401009,920
3302401010,1220
3302401011,925
3302401012,1560
3302401013,1159
3302401014,648
3302401015,1085
3302401016,868
3302401017,816
3302401018,1354
3302401019,1788
3302401020,1332
3302401021,1268
3302401022,1527
3302401023,1583
3302401024,1089
3302401025,1188
3302401026,1187
3302401027,1329
3302401028,680
3302401029,800
3302402001,973
3302402002,727
3302402003,997
3302403001,1180
3302403002,1352
3302403003,1237
3302403004,857
3302403005,1265
3302403006,1497
3302403007,1132
3302403008,1517
3302403009,1450
3302403011,1378
3302403012,1392
3302403013,1515
3302403014,1219
3302403015,981
3302403016,1158
3302403017,1331
3302403018,1088
3302403019,1316
3302403020,1970
3302403021,1880
3302403022,2468
3302403023,2156
3302403024,1506
3302404001,1348
3302404002,2213
3302404003,883
3302404004,1444
3302404005,1984
3302404006,1625
3302404007,1524
3302404008,1620
3302404009,1187
3302404010,1217
3302404011,1767
3302404012,1406
3302405001,1725
3302405002,1749
3302405004,2156
3302405005,1275
3302405006,1685
3302405007,1461
3302405009,1510
3302405010,1464
3302405011,1068
3302405012,1467
3302405013,1487
3302405014,1364
3302405015,1078
3302405016,1253
3302405017,1927
3302405018,1097
3302405019,2292
3302405020,1784
3302405021,2468
3302405022,1353
3302406001,1518
3302406002,915
3302406003,1725
3302406004,1133
3302406005,1181
3302406006,1272
3302406007,796
3302406008,694
3302406009,1291
3302406010,2002
3302406011,1582
3302406012,2047
3302406013,1266
3302406014,1363
3302406015,1897
3302406016,1346
3302406017,1833
3302406018,1501
3302406019,2263
3302406020,1939
3302406021,1243
3302406022,1698
3302406023,1232
3302407001,982
3302407002,1140
3302407003,1236
3302407004,1733
3302407005,1322
3302407006,1472
3302407007,1446
3302407008,706
3302407009,926
3302407010,1019
3302407011,1294
3302407012,672
3302407013,1285
3302407014,939
3302407015,1782
3302407016,1128
3302407017,1704
3302407018,1945
3302407019,1597
3302407020,988
3302407021,933
3302407022,1245
3302407023,1596
3302407024,999
3302407025,1347
3302407026,1523
3302407027,1203
3302407028,1966
3302407029,891
3302407030,1365
3302407031,1325
3302407032,946
3302407033,849
3302407034,1510
3302407035,1120
3302407036,1151
3302407037,1128
3302407038,1486
3302407039,1635
3302407040,1385
3302407041,1693
3302407042,2226
3302407043,1499
3302407044,2036
3302407045,1002
3302407046,1819
3302407047,1445
3302407048,1136
3302407049,897
3302407050,985
3302407051,1306
3302408001,1737
3302408002,1600
3302408003,1863
3302408004,2096
3302408005,1264
3302408006,1437
3302408007,1060
3302408008,919
3302408009,922
3302408010,1012
3302408011,1638
3302408012,765
3302408013,1065
3302408014,667
3302408015,1704
3302408016,1696
3302408017,1196
3302408018,1987
3302408019,2454
3302408020,2111
3302408021,963
3302408022,1484
3302409001,2308
3302409002,1308
3302409003,2066
3302409004,1431
3302409005,980
3302409006,839
3302409007,677
3302409008,1113
3302409009,1727
3302409010,647
3302409011,1742
3302409012,1285
3302409013,1444
3302409014,1238
3302409015,1600
3302409016,700
3302409017,1289
3302409018,2163
3302501001,1256
3302501002,1826
3302501003,1389
3302501004,1103
3302501005,1331
3302501006,953
3302501009,1321
3302501012,1496
3302601001,1628
3302601002,1659
3302601003,1856
3302601004,1601
3302601005,1138
3302601006,1131
3302601009,650
3302601010,808
3302701001,943
3302801001,941
3302801002,575
3302901001,409
3303001001,1040
3303101001,719
3303102001,1092
3303102003,945
3303102004,777
3303102006,607
3303103001,1107
3303103002,727
3303103005,742
3303104001,739
3303104002,1467
3303104003,1333
3303104004,632
3303105001,677
3303105002,2054
3303105003,1626
3303105004,1871
3303105005,969
3303105006,1002
3303105007,605
3303105009,1085
3303106001,1154
3303107001,757
3303107002,1149
3303107003,1900
3303107004,1155
3303107005,1306
3303107006,1205
3303107007,1299
3303107008,1157
3303107009,2042
3303107010,1744
3303107012,1511
3303107013,1146
3303107014,809
3303107017,1179
3303107018,1057
3303107019,1057
3303201001,1024
3303201002,1539
3303201003,1084
3303201004,606
3303201005,1203
3303201006,601
3303201008,1190
3303201009,596
3303201011,682
3303201012,1695
3303201013,1048
3303201014,1340
3303201015,1183
3303301001,1337
3303301002,930
3303301003,1042
3303301004,1001
3303301005,1160
3303301006,1091
3303301007,603
3303301009,593
3303301010,1031
3303301011,710
3303301012,1068
3303301013,1383
3303401001,589
3303401002,631
3303401003,889
3303401004,1242
3303401005,1793
3303401006,1469
3303402001,670
3303402002,1641
3303402004,581
3303403002,564
3303404001,1533
3303405001,1033
3303501001,1553
3303501002,807
3303501003,646
3303501004,916
3303501005,871
3303501006,2191
3303501007,778
3303501008,1983
3303501009,1843
3303501010,1799
3303501011,643
3303601001,1914
3303601002,2203
3303601003,1197
3303601004,889
3303601005,1756
3303601006,1236
3303601009,1856
3303601010,824
3303601011,849
3303601012,1236
3303701001,1171
3303701002,1533
3303701003,1652
3303701004,605
3303701005,886
3303701006,1038
3303701007,1531
3303701008,1254
3303701009,826
3303701010,840
3303701011,1630
3303701012,1253
3303701013,1316
3303701014,1528
3303701015,1175
3303701016,867
3303701017,880
3303701018,1177
3303701019,1395
3303701020,858
3303701021,713
3303701022,934
3303701023,682
3303701024,1428
3303701025,1152
3303701026,895
3303701027,583
3303701028,1151
3303701030,565
3303701032,988
3303701033,1136
3303701034,1165
3303701035,579
3303701036,610
3303701037,728
3303701039,1211
3303701040,809
3303701041,668
3303701042,640
3303701043,961
3303801001,1070
3303801002,795
3303801003,946
3303901001,1331
3303901002,549
3304001001,1837
3304001002,1158
3304001003,776
3304001004,1021
3304001005,652
3304101001,689
3304101002,1170
3304101003,1571
3304101004,561
3304101005,1786
3304101007,623
3304101008,1500
3304101009,872
3304201001,1622
3304201002,1421
3304201003,1289
3304201004,1090
3304301001,764
3304401001,1328
3304401003,887
3304401004,1029
3304401005,1101
3304401006,973
3304401007,775
3304401008,758
3304401009,1293
3304402001,1092
3304402002,1410
3304402003,1434
3304402004,818
3304402005,772
3304402006,1615
3304402007,1279
3304402008,1436
3304402009,836
3304403001,1594
3304403002,1420
3304403003,1089
3304403004,1953
3304403005,728
3304403006,1262
3304403007,1154
3304403008,1800
3304403009,699
3304403010,1145
3304403011,2256
3304403012,650
3304403013,1410
3304404001,1638
3304404003,1160
3304404004,1412
3304404005,2262
3304404006,2077
3304404007,1288
3304404008,1547
3304404011,1811
3304404012,1029
3304404013,1306
3304404014,1223
3304404015,1461
3304404016,1927
3304405001,1025
3304405002,1526
3304405003,1163
3304405004,1454
3304405006,824
3304405007,1793
3304405008,1415
3304405009,1320
3304405010,2284
3304405011,798
3304405012,1137
3304405014,603
3304405015,2151
3304406001,1375
3304406002,781
3304406003,1230
3304406004,1300
3304406005,1362
3304406006,979
3304406007,1629
3304406008,682
3304406009,1228
3304406010,1193
3304406011,1821
3304406012,1341
3304406013,1413
3304406014,1072
3304406015,1617
3304406016,1673
3304406017,1268
3304406018,1158
3304406019,1736
3304406020,1191
3304406021,1867
3304406022,1624
3304406023,1244
3304406024,2000
3304406025,1119
3304406026,1288
3304406027,1396
3304407001,1384
3304407002,911
3304407003,1077
3304407004,851
3304407005,741
3304407006,753
3304407007,1224
3304407008,818
3304407009,1188
3304407011,1109
3304407012,809
3304408001,1836
3304408002,1347
3304408003,1239
3304408004,1078
3304408005,1486
3304408006,817
3304408007,1716
3304408008,2277
3304408009,884
3304408010,1594
3304408011,1333
3304408012,845
3304408013,759
3304408014,777
3304408015,753
3304408017,1047
3304409001,742
3304409002,1219
3304409003,839
3304409004,2078
3304409005,932
3304409007,659
3304409008,867
3304409009,1239
3304409011,1446
3304409012,817
3304409013,955
3304409014,1448
3304409015,1238
3304409016,1775
3304409017,1604
3304409018,1678
3304409019,1271
3304410001,1241
3304410002,1160
3304410003,773
3304410004,1325
3304410005,1518
3304410006,2037
3304410007,1753
3304410008,1302
3304410009,1092
3304410010,1385
3304410011,2147
3304410012,625
3304410013,921
3304410015,1579
3304410016,929
3304411001,983
3304411002,754
3304411003,671
3304411004,668
3304411005,1001
3304411006,940
3304411007,775
3304411008,719
3304411009,920
3304411010,702
3304411011,1015
3304412001,1770
3304412002,1053
3304412003,1219
3304412004,1300
3304412005,1611
3304412006,1022
3304412007,925
3304412008,1161
3304412009,2556
3304412010,659
3304412011,819
3304412012,1045
3304412013,2667
3304412014,1112
3304413001,778
3304413002,656
3304413003,1304
3304414001,1810
3304414003,1050
3304415001,709
3304415002,960
3304415003,583
3304415004,622
3304415005,878
3304416001,641
3304416003,1132
3304416004,841
3304416005,1174
3304416006,1096
3304501001,1592
3304501002,1707
3304501003,771
3304501005,684
3304501006,836
3304601001,570
3304701001,1300
3304801001,173
3304901001,1419
3304901002,1098
3304901003,729
3304901004,701
3304901005,626
3304901006,1047
3304901007,1091
3304901008,819
3305001001,663
3305101001,2071
3305101002,1711
3305101003,1023
3305101004,2048
3305101005,686
3305101008,1260
3305201001,786
3305301001,1277
3305401001,1026
3305401002,890
3305501001,1862
3305601001,1405
3305601002,1607
3305601003,737
3305602001,850
3305602002,1403
3305701001,1903
3305801001,1244
3305801002,854
3305901001,1592
3305901002,1284
3305903001,1110
3305904001,1530
3306001001,1252
3306001002,836
3306001003,1190
3306001004,1176
3306002001,576
3306002002,1456
3306002003,1326
3306004001,899
3306004002,2087
3306004003,1358
3306004004,1407
3306004005,1723
3306004008,1337
3306005001,837
3306101001,446
3306201001,488
3306301001,498
3306401001,256
3306501001,1295
3306601001,1227
3306601002,1382
3306601003,1464
3306601005,1179
3306601007,2421
3306601008,920
3306601009,602
3306601010,1273
3306601011,1440
3306601012,1134
3306601013,846
3306601014,1074
3306601015,674
3306601016,1331
3306601017,1330
3306601018,1040
3306601019,1666
3306601020,1100
3306601021,1238
3306601022,1112
3306601023,2298
3306601024,2232
3306601025,2131
3306601026,880
3306601027,741
3306601028,988
3306601029,1106
3306601030,1548
3306601031,2179
3306601032,1755
3306601033,1739
3306601034,1538
3306601035,1994
3306601036,1380
3306601037,1363
3306601038,1195
3306601039,2860
3306701001,871
3306801001,1281
3306901001,1212
3306901002,1078
3306901004,667
3306901005,1055
3307001001,1767
3307001002,927
3307001003,603
3307001004,632
3307101001,706
3307201001,1151
3307201003,656
3307301001,1319
3307301002,1355
3307301003,1839
3307301004,620
3307301005,571
3307301007,1019
3307301008,845
3307301010,765
3307301011,880
3307301012,570
3307301014,630
3307401001,1642
3307401002,1566
3307401003,788
3307501001,316
3307601001,1545
3307601002,1418
3307601003,1156
3307601004,934
3307601005,1575
3307602001,1104
3307603001,1032
3307604001,916
3307605001,685
3307605002,969
3307605003,754
3307606001,602
3307606002,624
3307606003,1506
3307701001,1393
3307801001,166
3400101001,42
3400301001,184
3400401001,771
3400401002,1123
3400402001,998
3400402002,1035
3400402003,2399
3400403001,762
3400501001,989
3400601001,87
3400901001,39
3401001001,638
3401101001,447
3401201001,378
3401501001,46
3401701001,1031
3401801001,241
3401901001,153
3402001001,55
3402201001,1286
3402301001,1901
3402301002,1221
3402301003,1060
3402301005,911
3402301006,1357
3402401001,39
3402501001,56
3402701001,640
3402701002,689
3402801001,159
3402901001,847
3403101001,29
3403201001,40
3403301001,18
3403401001,103
3403501001,123
3403601001,220
3403701001,354
3403801001,316
3403901001,64
3404101001,98
3404201001,339
3404501001,84
3404601001,49
3404701001,851
3404701002,1347
3404801001,60
3404901001,415
3405001001,237
3405101001,118
3405201001,198
3405301001,244
3405501001,300
3405601001,1077
3405601002,660
3405601003,724
3405701001,510
3405801001,196
3405901001,481
3406001001,153
3406101001,121
3406201001,186
3406301001,98
3406601001,65
3406701001,136
3406801001,36
3406901001,1136
3406901002,1619
3407001001,181
3407101001,212
3407201001,187
3407301001,189
3407401001,831
3407601001,695
3407701001,394
3407901001,2059
3408001001,940
3408001002,691
3408001003,1150
3408002001,1273
3408002002,1144
3408002003,1526
3408101001,61
3408201001,87
3408301001,1180
3408301002,1000
3408401001,145
3408601001,109
3408701001,119
3408801001,292
3408901001,187
3409101001,138
3409201001,339
3409301001,109
3409401001,68
3409601001,53
3409801001,1043
3409901001,72
3410001001,153
3410101001,39
3410201001,233
3410301001,102
3410401001,266
3410601001,122
3410701001,85
3410801001,630
3410901001,64
3411001001,95
3411201001,47
3411301001,37
3411401001,214
3411601001,66
3412001001,1515
3412001003,954
3412001004,938
3412001005,871
3412002001,1442
3412002002,1097
3412002003,1854
3412003001,713
3412003002,847
3412003003,636
3412003004,1160
3412003005,1427
3412004001,1170
3412004002,1008
3412004003,867
3412004004,1296
3412004005,1701
3412004006,750
3412004007,1593
3412004008,893
3412004009,1126
3412005001,1372
3412005002,667
3412005003,1522
3412005004,1706
3412005005,1568
3412005006,1232
3412005007,1250
3412005008,1092
3412005009,885
3412005010,1368
3412005011,2083
3412005012,1297
3412005013,1344
3412005014,1576
3412005015,1048
3412006001,1565
3412006002,1041
3412006003,2091
3412006004,1997
3412006005,679
3412006006,1901
3412006007,1072
3412006008,646
3412007001,1317
3412007002,823
3412007003,2199
3412007004,1670
3412007005,1124
3412007006,864
3412007007,1058
3412007008,922
3412007009,1339
3412007010,1716
3412007011,889
3412007012,1794
3412007013,828
3412007014,655
3412007015,826
3412007016,1747
3412007017,1250
3412007018,920
3412007019,1183
3412007020,2194
3412101001,213
3412201001,76
3412301001,1020
3412301002,977
3412401001,65
3412501001,95
3412601001,350
3412701001,118
3412901001,200
3413001001,239
3413101001,64
3413201001,135
3413301001,116
3413401001,58
3413501001,479
3413601001,229
3413701001,30
3413901001,203
3414001001,106
3414101001,274
3414301001,200
3414601001,53
3414701001,207
3414901001,18
3415101001,192
3415201001,167
3415401001,84
3415501001,166
3415601001,60
3415701001,1134
3415701002,1376
3415701003,639
3415801001,356
3415901001,459
3416001001,161
3416101001,23
3416301001,58
3416501001,80
3416701001,127
3416801001,60
3416901001,487
3417001001,65
3417101001,1121
3417401001,230
3417501001,105
3417601001,166
3417701001,195
3417801001,122
3417901001,33
3418001001,74
3418101001,528
3418201001,1028
3418401001,56
3418501001,73
3418601001,53
3418901001,69
3419001001,53
3419201001,100
3419601001,85
3419901001,659
3419901002,778
3420101001,201
3420201001,32
3420401001,48
3420501001,62
3420601001,1042
3420801001,64
3421001001,104
3421101001,212
3421301001,63
3421401001,199
3421501001,159
3421601001,72
3421701001,1542
3421801001,578
3422001001,187
3422101001,185
3422201001,130
3422301001,267
3422401001,46
3422501001,1492
3422501002,2108
3422501003,1693
3422501004,1157
3422701001,79
3422801001,98
3422901001,69
3423001001,18
3423101001,226
3423201001,887
3423301001,144
3423401001,74
3423601001,182
3423701001,707
3423801001,380
3424001001,94
3424101001,18
3424201001,124
3424301001,376
3424501001,338
3424601001,74
3490101001,598
3490101002,752
3490201001,190
3490301001,236
3490401001,361
3500101001,1074
3500101002,1376
3500101003,1116
3500101004,881
3500101005,1209
3500201001,863
3500201002,795
3500201003,1482
3500201004,805
3500201005,1448
3500201006,1641
3500201007,2250
3500201008,1175
3500201009,2859
3500201010,2007
3500201011,1905
3500201012,2649
3500201013,2046
3500201014,1015
3500201015,1818
3500201016,1443
3500201017,2606
3500201018,1437
3500301001,2113
3500301002,1264
3500301003,4928
3500301004,2135
3500301005,1203
3500401001,1648
3500401002,1612
3500401003,1920
3500401004,1952
3500401005,2128
3500401006,2776
3500401007,1653
3500401008,1119
3500401009,1570
3500401010,1559
3500401011,1323
3500401012,1375
3500402001,1824
3500402002,1711
3500402003,1572
3500402004,1861
3500402005,2576
3500402006,1207
3500402007,1987
3500402008,1137
3500402009,2135
3500402010,1708
3500402011,1400
3500402012,2411
3500402013,1719
3500402014,2125
3500402015,2223
3500402016,2367
3500402017,2747
3500402018,1777
3500402019,894
3500402020,864
3500501001,1180
3500601001,999
3500601002,1353
3500601003,1466
3500601004,2159
3500601005,1408
3500602001,1604
3500602002,703
3500602003,717
3500603001,785
3500603002,1616
3500603003,1629
3500603004,781
3500604001,2462
3500604002,936
3500604003,916
3500604004,1007
3500605001,1767
3500605002,1727
3500605003,1599
3500605004,980
3500605005,1749
3500605006,2338
3500606001,2267
3500606002,1305
3500606003,747
3500607001,1303
3500607002,733
3500701001,733
3500801001,1328
3500801002,1330
3500802001,1185
3500803001,732
3500803002,787
3500804001,1026
3500804002,1230
3500901001,2057
3500901002,2035
3500901003,1007
3500901004,1183
3500901005,1459
3500901006,1947
3500901007,2020
3500901008,1395
3500901009,1829
3500901010,1701
3500901011,800
3500901013,1018
3500901014,2026
3500901015,1878
3500901016,917
3500901017,937
3501001001,1004
3501001002,989
3501001003,1637
3501001004,1106
3501101001,1190
3501101002,1097
3501101003,1960
3501101004,1908
3501101005,1086
3501101006,1520
3501101007,1588
3501102001,1686
3501102002,1702
3501102003,1821
3501103001,1994
3501103002,1812
3501103003,2425
3501103004,2341
3501103005,2030
3501103006,2626
3501103007,1387
3501201001,1457
3501201002,1376
3501201003,1433
3501202001,7429
3501203001,979
3501203002,1648
3501204001,2091
3501204002,5157
3501204003,1166
3501205001,755
3501301001,1317
3501301002,1702
3501301003,772
3501301004,1039
3501301005,1919
3501301006,1120
3501401001,2221
3501401002,2600
3501401003,2168
3501401004,2858
3501401005,3162
3501401006,1836
3501401007,1798
3501401008,2973
3501401009,4691
3501501001,1428
3501502001,2347
3501503001,2028
3501503002,1521
3501503003,2514
3501504001,1908
3501504002,2108
3501504003,1248
3501504004,1627
3501504005,1611
3501504006,1339
3501601001,675
3501601003,1013
3501601004,701
3501601005,1531
3501601006,1624
3501601007,1053
3501601008,1397
3501601010,1357
3501601011,1047
3501601012,586
3501601013,928
3501601014,1029
3501601015,899
3501601017,714
3501601018,1114
3501601019,1181
3501601020,699
3501601021,1636
3501601023,909
3501601024,732
3501601025,721
3501601026,691
3501601027,644
3501601028,638
3501601029,919
3501601030,689
3501601031,1953
3501601032,1280
3501601033,859
3501601034,897
3501601035,2154
3501601036,1533
3501601037,1277
3501601038,1751
3501601039,857
3501601040,1342
3501601041,935
3501601042,1530
3501601043,1085
3501601044,1196
3501601045,841
3501601046,1550
3501601047,1797
3501601048,2148
3501601049,1447
3501601050,1336
3501601051,1111
3501601052,875
3501601053,1222
3501601054,970
3501601055,1272
3501601056,1523
3501601057,1736
3501601058,2467
3501601059,1131
3501601060,691
3501601061,2230
3501601062,768
3501601063,1025
3501602001,1152
3501602002,1609
3501602003,907
3501602004,1190
3501602005,1498
3501602006,1420
3501602007,1199
3501602009,685
3501602010,1433
3501602011,754
3501602012,1424
3501602013,1116
3501602014,1360
3501602015,2056
3501602016,1421
3501602018,2373
3501602019,1792
3501602020,1692
3501602021,1049
3501602022,733
3501602023,892
3501602025,976
3501602026,1205
3501602027,1269
3501602028,1387
3501602029,1814
3501602030,1114
3501602032,1619
3501602033,2199
3501602034,2005
3501602035,2196
3501602036,1766
3501602037,907
3501602038,743
3501602039,1770
3501602040,1579
3501602041,2206
3501602042,1414
3501602043,1066
3501602044,2088
3501602045,1796
3501602046,1376
3501602047,1780
3501602048,1728
3501602049,925
3501602050,742
3501602051,1603
3501602052,1755
3501602053,1210
3501602054,1713
3501602055,1416
3501602056,1064
3501602057,1651
3501602058,1549
3501602059,1865
3501602061,1847
3501602064,1225
3501603001,2976
3501603002,1819
3501603003,1942
3501603004,2232
3501603005,3180
3501603006,1829
3501603007,2001
3501603008,2253
3501603009,2476
3501603010,2136
3501603011,2141
3501603012,1246
3501603013,1636
3501603014,1876
3501603015,1380
3501603016,2155
3501603017,1207
3501603018,2571
3501603019,1458
3501603020,1653
3501603021,1342
3501603022,1110
3501603023,1793
3501603024,2041
3501603025,1304
3501603026,1546
3501603027,957
3501603028,2361
3501603029,1263
3501603030,1084
3501603031,1164
3501603032,1077
3501603033,1296
3501603034,1325
3501603035,666
3501603036,923
3501603037,1152
3501603038,1130
3501603039,610
3501603040,2063
3501603041,1044
3501603042,952
3501603043,1227
3501603044,1691
3501603045,1168
3501604001,1544
3501604002,1180
3501604003,740
3501604004,1055
3501604005,994
3501604006,1555
3501604007,774
3501604008,1149
3501604009,657
3501604010,635
3501604011,1148
3501604012,740
3501604013,1336
3501604014,780
3501604015,1803
3501604016,705
3501604017,632
3501604018,617
3501604019,783
3501604020,1195
3501604021,1870
3501604022,907
3501604023,1027
3501604024,732
3501604025,1009
3501604026,749
3501604027,934
3501604028,1113
3501604029,1567
3501604030,1165
3501604031,1356
3501604032,902
3501604033,1021
3501604034,1784
3501604035,1850
3501604036,1391
3501604037,938
3501604038,1600
3501604039,1463
3501604040,1269
3501604041,1067
3501604042,1489
3501604043,1527
3501604045,1563
3501604046,2051
3501604047,1385
3501604048,972
3501604049,1236
3501604050,1149
3501604051,992
3501604052,1192
3501604053,1091
3501604055,1250
3501604056,2801
3501604057,919
3501604058,3101
3501604059,1350
3501604060,2250
3501604061,1052
3501604062,2245
3501604063,2105
3501604064,1568
3501604065,1205
3501604066,1247
3501604067,1247
3501604068,1544
3501604069,998
3501604070,1380
3501604071,1158
3501604073,1494
3501604074,1296
3501604075,1597
3501604076,2341
3501604077,2012
3501604078,2096
3501604079,1201
3501604080,1424
3501604081,1652
3501604082,1290
3501604083,982
3501605001,1796
3501605002,2035
3501605003,2157
3501605004,1618
3501605005,1766
3501605006,1538
3501605007,1690
3501605008,1204
3501605009,2436
3501605010,2182
3501605011,1152
3501605012,2338
3501605013,1032
3501605014,1567
3501605015,863
3501605016,1416
3501605017,1155
3501605018,901
3501605019,642
3501605020,1880
3501605021,861
3501605022,1750
3501605023,1745
3501605024,1336
3501605025,2116
3501605026,1148
3501605027,2486
3501605028,1102
3501605029,2550
3501605030,1535
3501605031,958
3501605032,1384
3501605033,728
3501605034,1333
3501701001,1723
3501701002,1520
3501701003,2186
3501701004,2192
3501701006,2653
3501701007,2244
3501701008,3116
3501701009,3190
3501701010,3423
3501701011,2830
3501701012,1016
3501701013,2919
3501702001,1096
3501702002,2751
3501703001,1595
3501703002,2336
3501801001,1480
3501801002,2368
3501801003,2410
3501801004,1845
3501802001,2241
3501802002,1984
3501802003,1143
3501802004,1963
3501802005,2130
3501802006,1125
3501901001,1796
3501902001,1717
3501902002,2092
3501902003,1451
3501903001,902
3501903002,1047
3501903003,2818
3501903004,3397
3501903005,3461
3501903006,1619
3501903007,1328
3501903008,1417
3501903009,2846
3501903010,1892
3501903011,3757
3501903012,1439
3501903013,3120
3501903014,967
3501903015,2136
3501903016,3276
3501904001,2070
3501904002,1961
3501904003,1489
3501904004,1701
3501904005,1979
3501904006,2699
3502001001,1836
3502001002,1180
3502001003,993
3502001004,1100
3502001005,1035
3502001006,756
3502001007,1325
3502101001,1953
3502101002,1540
3502101003,1395
3502101004,940
3502102001,1848
3502102002,1656
3502103001,2208
3502103002,1640
3502103003,1713
3502103004,1683
3502104001,985
3502104002,1214
3502201001,971
3502202001,1369
3502202002,1565
3502202003,2545
3502202004,2542
3502202005,944
3502203001,2390
3502203002,2436
3502203003,1150
3502203004,1489
3502203005,2021
3502203006,2441
3502203007,1696
3502203008,1673
3502203009,2267
3502203010,2382
3502203011,2211
3502203012,1947
3502203013,2926
3502203014,1450
3502203015,2636
3502203016,2134
3502203017,1048
3502203018,1880
3502203019,1714
3502203020,1910
3502203021,1665
3502203022,2305
3502203023,1422
3502203024,1837
3502203025,2026
3502203026,2320
3502203027,2683
3502203028,1087
3502203029,2056
3502203030,1406
3502301001,1691
3502301002,1407
3502301003,1834
3502301004,1609
3502301005,1058
3502301006,1540
3502301007,816
3502301008,784
3502301009,1152
3502301010,713
3502301011,763
3502301012,601
3502401001,1774
3502401002,2437
3502401003,1604
3502401004,1948
3502401005,3269
3502401006,2338
3502401007,3742
3502401008,2336
3502401009,1653
3502501001,1223
3502501002,767
3502601001,1215
3502601002,1224
3502601003,1325
3502602001,1513
3502602002,718
3502602003,1251
3502602004,1578
3502602005,1850
3502602006,1162
3502602007,1813
3502602008,1574
3502602009,1800
3502602010,673
3502602011,1764
3502603001,1895
3502603002,1510
3502603003,1239
3502603004,1636
3502603005,867
3502603006,1017
3502603007,777
3502603008,1662
3502603009,1542
3502603010,1713
3502603011,1870
3502603012,1634
3502603013,880
3502603014,1041
3502603015,1085
3502603016,1375
3502603017,994
3502603018,1408
3502603019,2159
3502603020,2384
3502603021,1755
3502603022,1093
3502603023,1091
3502604001,2020
3502604002,1662
3502604003,1475
3502604004,1156
3502605001,2487
3502605002,1665
3502605003,2197
3502605004,1128
3502605005,1178
3502605006,1100
3502605007,2298
3502605008,2314
3502605009,1450
3502605010,1061
3502606001,1580
3502606002,2304
3502606003,1454
3502606004,1972
3502606005,2286
3502606006,2364
3502606007,2095
3502606008,931
3502606009,662
3502606010,2265
3502606011,1869
3502606012,2214
3502606013,1615
3502606014,1000
3502606015,2187
3502701001,771
3502701002,1585
3502701003,1341
3502701004,786
3502701005,1105
3502701006,1448
3502701007,1622
3502701008,1812
3502701009,1169
3502701010,967
3502801001,3389
3502801002,4701
3502801003,2849
3502801004,2967
3502801005,2490
3502801006,3262
3502901001,1506
3502901002,1583
3502901003,1361
3502901004,1358
3503001001,1425
3503001002,1472
3503001003,2492
3503001004,1365
3503001005,2189
3503001006,2726
3503001007,2109
3503101001,2124
3503101002,2196
3503101003,1258
3503101004,1541
3503101005,1388
3503101006,726
3503201001,1689
3503201002,1506
3503201003,691
3503301001,1469
3503301002,887
3503301003,771
3503301004,777
3503301005,1123
3503301006,1222
3503301007,1449
3503401001,2532
3503401002,2689
3503401003,3621
3503401004,3324
3503401005,1987
3503401006,915
3600101001,1143
3600102001,939
3600103001,822
3600201001,831
3600201002,1004
3600202001,1103
3600202002,767
3600301001,1066
3600301002,2022
3600301003,1117
3600301004,1811
3600302001,1784
3600302002,1192
3600302003,1679
3600302004,1562
3600401001,1717
3600401002,908
3600401003,769
3600401004,1292
3600401005,2120
3600401006,674
3600402001,1353
3600402002,602
3600403001,1486
3600403002,1431
3600501001,2071
3600501002,835
3600501003,1470
3600501004,2395
3600502001,646
3600502002,836
3600503001,807
3600503002,835
3600601001,1137
3600601002,1993
3600602001,1829
3600602002,1504
3600602003,1082
3600602004,1367
3600603001,1296
3600603002,2209
3600603003,982
3600701001,676
3600702001,1286
3600801001,2172
3600801002,948
3600801003,1988
3600801004,1828
3600802001,1390
3600802002,1146
3600802003,1801
3600802004,1281
3600802005,1791
3600802006,1168
3600802007,2156
3600802008,1654
3600802009,1011
3600802010,765
3600803001,1233
3600803002,1297
3600803003,1613
3600803004,1325
3600901001,1043
3600901002,1986
3600901003,689
3600902001,735
3600903001,889
3601001001,1934
3601001002,1468
3601101001,852
3601102001,1008
3601201001,738
3601201002,774
3601202001,556
3601202002,659
3601203001,1600
3601301001,816
3601301003,632
3601302001,764
3601303001,507
3601401001,688
3601401002,937
3601402001,636
3601501001,1543
3601501002,992
3601502001,1016
3601503001,689
3601503002,691
3601601001,708
3601602001,501
3601701001,998
3601701002,1255
3601701003,1060
3601701004,1272
3601701006,1597
3601701007,1244
3601701008,1483
3601701009,1564
3601701010,1336
3601702001,981
3601702002,635
3601702003,968
3601703001,912
3601703002,914
3601704001,1481
3601705001,742
3601705002,1365
3601706001,632
3601706002,758
3601801001,877
3601801002,559
3601801003,619
3601802001,1641
3601901001,1049
3601901002,735
3602001001,1208
3602002001,796
3602003001,647
3602101001,2238
3602101002,1369
3602101003,1469
3602101004,1254
3602101005,1324
3602102001,1212
3602102002,1338
3602103001,2104
3602103002,1743
3602201001,1653
3602201002,1854
3602201003,1327
3602201004,1822
3602201005,1123
3602202001,1965
3602202002,1107
3602301001,1339
3602301002,1328
3602301003,1425
3602301004,822
3602301005,1243
3602302001,1195
3602302002,1874
3602303001,1088
3602401001,1572
3602401002,2205
3602401003,1131
3602401004,1158
3602401005,1982
3602401006,1899
3602401007,1839
3602401008,1854
3602402001,640
3602402002,653
3602402003,1039
3602403001,1566
3602404001,815
3602404002,614
3602405001,1191
3602501001,1194
3602502001,682
3602503001,887
3602601001,1489
3602601002,1702
3602601003,2161
3602601004,1256
3602601005,1914
3602601006,1859
3602601007,1753
3602601008,1203
3602601009,1024
3602601010,1243
3602601011,2115
3602602001,1542
3602602002,1075
3602602003,603
3602603001,1708
3602603002,1091
3602603003,1591
3602701001,1183
3602701002,792
3602702001,1188
3602702002,995
3602702003,1270
3602801001,823
3602801002,1043
3602802001,896
3602802002,957
3602802003,1314
3602901001,1050
3602901002,1281
3602901003,632
3602901004,1724
3602901005,2309
3602901006,922
3602901007,977
3602902001,1505
3602902002,1194
3602902003,1712
3602903001,1505
3602903002,984
3602903003,1445
3602903004,1104
3602903005,1021
3603001001,1749
3603002001,834
3603002002,568
3603002003,689
3603003001,902
3603101001,682
3603201001,1857
3603201002,1188
3603202001,1317
3603301001,1585
3603301002,1626
3603302001,1623
3603302002,1407
3603302003,1365
3603303001,2080
3603303002,868
3603303003,1373
3603303004,2302
3603303005,1095
3603401001,897
3603401002,1227
3603402001,1199
3603403001,798
3603501001,1725
3603501002,1924
3603501003,2154
3603502001,1734
3603502002,1243
3603502003,1172
3603502004,1790
3603503001,1755
3603503002,2013
3603503003,2205
3603601001,1118
3603601002,1118
3603602001,806
3603701001,1570
3603702001,1505
3603801001,981
3603801002,2328
3603801003,1872
3603801004,1270
3603801005,1074
3603801006,1600
3603801007,2265
3603801008,1638
3603801009,1598
3603801010,1138
3603802001,1870
3603802002,1877
3603802003,1505
3603802004,1575
3603802005,1197
3603802006,1901
3603802007,1477
3603802008,1917
3603802009,1144
3603802010,1191
3603802011,1720
3603802012,1557
3603802013,751
3603802014,2046
3603802015,1647
3603802016,1358
3603802017,1297
3603802018,1670
3603802019,912
3603802020,1496
3603802021,1125
3603802022,2073
3603802023,2102
3603802024,1001
3603802025,1592
3603802026,1402
3603803001,1414
3603803002,788
3603803003,744
3603803004,1218
3603803005,1189
3603804001,697
3603804002,889
3603804003,1126
3603804004,1208
3603804005,985
3603804006,778
3603804007,1039
3603804008,1582
3603804009,1160
3603804010,2021
3603804011,1549
3603805001,757
3603805002,753
3603805003,1139
3603805004,765
3603805005,904
3603805006,873
3603806001,940
3603806002,867
3603806003,1097
3603807001,1297
3603901001,2422
3603901002,1006
3603901003,1400
3603901004,787
3603901005,2223
3603901006,2211
3603901007,1703
3603902001,959
3603902002,946
3603902003,2202
3603903001,1303
3603903002,1346
3604001001,1372
3604002001,699
3604002002,954
3604101001,1206
3604101002,1822
3604101003,1741
3604101004,817
3604101005,1957
3604101006,1967
3604101007,1529
3604101008,1658
3604102001,1907
3604102002,1046
3604102003,1144
3604201001,2134
3604201002,1587
3604201003,774
3604201004,672
3604201005,651
3604201006,1676
3604201007,1380
3604201008,1523
3604201009,2268
3604201010,1569
3604202001,1062
3604202002,917
3604203001,1291
3604203002,1233
3604203003,1209
3604204001,930
3604204002,646
3604204003,1593
3604301001,1170
3604301002,1506
3604302001,1017
3604303001,787
3604303002,1145
3604401001,825
3604401002,2267
3604501001,1810
3604501002,2287
3604501003,1439
3604501004,1445
3604501005,820
3604501006,1849
3604502001,1078
3604502002,1063
3604502003,1119
3604502004,2088
3604502005,2107
3604502006,1064
3604502007,1140
3604502008,923
3604503001,1729
3604503002,1738
3604503003,2254
3604504001,1252
3604504002,1458
3604504003,1246
3604601001,1785
3604601002,1041
3604602001,1587
3604602002,690
3604701001,825
3604702001,857
3604703001,1070
3604801001,1527
3604801002,1060
3604801003,667
3604801004,1365
3604802001,967
3604802002,869
3604901001,1607
3604901002,1261
3604901003,755
3604901004,2491
3604902001,1684
3604902002,1092
3605001001,1574
3605001002,1385
3605001003,640
3605001004,699
3605001005,1096
3605001006,950
3605001007,1209
3605001008,624
3605001009,1449
3605101001,2179
3605101002,631
3605101003,1608
3605101004,2180
3605101005,1798
3605101006,1230
3605102001,779
3605102002,1403
3605102003,827
3605103001,1430
3605103002,896
3605103003,1218
3605103004,1364
3605201001,2194
3605201002,953
3605201003,1138
3605202001,518
3605202002,636
3605202003,598
3605203001,773
3605204001,1260
3605204002,896
3605301001,1131
3605301002,1161
3605302001,1968
3605302002,1455
3605302003,1641
3605401001,2243
3605401002,1534
3605402001,2378
3605402002,1897
3605403001,1339
3605403002,1316
3605404001,2069
3605404002,931
3605501001,2383
3605501002,1844
3605501003,1740
3605502001,1381
3605502002,1601
3605502003,1144
3605502004,858
3605503001,1198
3605503002,900
3605504001,1928
3605504002,1056
3605504003,851
3605601001,1145
3605601002,974
3605602001,1311
3605602002,855
3605602003,766
3605603001,999
3605701001,1052
3605701002,855
3605701003,1524
3605701004,1608
3605701005,805
3605701006,1066
3605701007,1302
3605701008,1354
3605701009,982
3605701010,1932
3605701011,1329
3605701012,1243
3605701013,1428
3605701014,1224
3605701015,878
3605701016,1840
3605702001,1346
3605702002,1070
3605702003,1277
3605702004,1103
3605702005,946
3605702006,1177
3605702007,1140
3605702008,928
3605702009,1122
3605702010,961
3605702011,925
3605702012,837
3605702013,1021
3605702014,1046
3605702015,1354
3605702016,734
3605702017,1444
3605702018,962
3605702019,1055
3605702020,1000
3605702021,779
3605702022,978
3605702023,1013
3605702024,642
3605702025,994
3605702026,1386
3605702027,1166
3605702028,1674
3605702029,1762
3605702030,592
3605702031,637
3605703001,1401
3605703002,1535
3605703003,1318
3605703004,1684
3605703005,720
3605703006,1085
3605703007,1137
3605703008,753
3605703009,747
3605703010,1028
3605703011,967
3605703012,1316
3605703013,791
3605703014,1152
3605703015,1294
3605703016,1106
3605703017,1441
3605703018,963
3605703019,1173
3605703020,1281
3605703021,1459
3605703022,1359
3605703023,947
3605703024,1173
3605703025,730
3605703026,914
3605703027,1097
3605703028,1091
3605703029,907
3605703030,1142
3605703031,1276
3605703032,679
3605703033,849
3605703034,1351
3605703035,1284
3605703036,1320
3605703037,1707
3605704001,1509
3605704002,1402
3605704003,967
3605704004,1348
3605704005,1465
3605704006,878
3605704007,1371
3605704008,661
3605704009,708
3605704010,1256
3605704011,1061
3605704012,1034
3605704013,834
3605704014,821
3605704015,1681
3605704016,888
3605704017,704
3605704018,1408
3605704019,1253
3605704020,1886
3605704021,1234
3605704022,879
3605704023,1110
3605704024,2052
3605704025,1224
3605704026,789
3605704027,658
3605704028,1289
3605704029,1305
3605704030,926
3605704031,1358
3605704032,1021
3605704033,1763
3605704034,1269
3605704035,1547
3605704036,1446
3605704037,873
3605704038,1514
3605704039,998
3605704040,1433
3605704041,1017
3605704042,1523
3605705001,1400
3605705002,1221
3605705003,1068
3605705004,1412
3605705005,1448
3605705006,1262
3605705007,1258
3605705008,1359
3605705009,1710
3605705010,1793
3605705011,1510
3605705012,675
3605706001,808
3605706002,954
3605706003,1462
3605706004,990
3605706005,850
3605706006,864
3605706007,895
3605706008,721
3605706009,1701
3605706010,983
3605706011,1086
3605706012,997
3605706013,1407
3605706014,876
3605706015,1457
3605706016,1113
3605706017,1489
3605706018,1396
3605706019,1169
3605706020,934
3605706021,1712
3605706022,918
3605706023,1320
3605706024,1366
3605706025,1156
3605707001,1196
3605707002,1560
3605707003,1296
3605707004,1556
3605707005,1243
3605707006,1239
3605707007,1165
3605707008,866
3605707009,1350
3605707010,1117
3605707011,1278
3605707012,1193
3605707013,837
3605707014,2215
3605707015,1212
3605707016,1053
3605707017,931
3605707018,1162
3605707019,1128
3605707020,1331
3605707021,1724
3605707022,1381
3605707023,1181
3605707024,1738
3605707025,1189
3605707026,2170
3605707027,1617
3605707028,829
3605707029,1782
3605707030,1490
3605707031,1124
3605707032,716
3605707033,756
3605707034,863
3605707035,1036
3605707036,2381
3605707037,1626
3605707038,1008
3605707039,2133
3605707040,1067
3605707041,1524
3605707042,1563
3605707043,1316
3605707044,1210
3605708001,812
3605708002,918
3605708003,884
3605708004,1217
3605708005,1236
3605708006,1212
3605708007,834
3605708008,1302
3605708009,793
3605708010,1188
3605708011,1868
3605708012,1369
3605708013,667
3605708014,1355
3605708015,1232
3605708016,1014
3605708017,1123
3605708018,828
3605709001,1708
3605709002,2114
3605709003,916
3605709004,1253
3605709005,1675
3605709006,1454
3605709007,1310
3605709008,1277
3605709009,1304
3605709010,1410
3605709011,800
3605709012,907
3605709013,1047
3605709014,1234
3605709015,1191
3605709016,2051
3605709017,1137
3605709018,2278
3605709019,954
3605801001,1562
3605801002,1732
3605802001,1426
3605802002,1252
3605901001,1778
3605901002,1207
3605902001,1265
3605903001,600
3605903002,826
3606001001,1766
3606001002,1520
3606001003,851
3606001004,1503
3606001005,1269
3606001006,741
3606001007,2084
3606001008,1420
3606001009,2344
3606001010,2357
3606001011,2234
3606001012,1258
3606001013,1374
3606001014,786
3606002001,1003
3606002002,1583
3606002003,713
3606003001,1720
3606003003,1492
3606004001,1321
3606004002,1210
3606004003,1589
3606004004,1247
3606004005,2214
3606004006,616
3606004007,1497
3606101001,1272
3606101005,1810
3606102001,897
3606102002,1328
3606103001,1645
3606103002,1763
3606103003,1744
3690101001,1879
3690101002,1348
3690101003,1779
3700101001,220
3700201001,158
3700301001,143
3700401001,37
3700501001,92
3700601001,150
3700701001,509
3700801001,1516
3700801002,1708
3700801003,2117
3700901001,234
3701001001,1126
3701101001,140
3701201001,161
3701301001,130
3701401001,1288
3701501001,326
3701601001,678
3701701001,286
3701801001,113
3701901001,155
3702001001,494
3702101001,83
3702201001,290
3702301001,1673
3702401001,101
3702501001,303
3702601001,221
3702701001,261
3702801001,178
3702901001,212
3703001001,94
3703101001,408
3703201001,632
3703301001,110
3703401001,89
3703501001,315
3703601001,69
3703701001,128
3703801001,896
3703901001,321
3704001001,410
3704101001,76
3704201001,48
3704401001,510
3704501001,27
3704601001,694
3704601002,1065
3704601003,886
3704602001,1080
3704602002,1236
3704603001,1049
3704603002,1367
3704603003,1505
3704604001,862
3704604002,1100
3704604003,665
3704604004,1294
3704604005,1148
3704701001,212
3704901001,142
3705001001,71
3705101001,84
3705201001,300
3705401001,296
3705501001,144
3705601001,73
3705701001,245
3705801001,61
3705901001,134
3706001001,250
3706101001,257
3706201001,95
3706301001,85
3706501001,356
3706701001,2223
3706701002,1926
3706801001,415
3706901001,1140
3707001001,615
3707101001,87
3707201001,192
3707301001,660
3707401001,180
3707701001,284
3707801001,970
3707901001,72
3708001001,273
3708101001,1039
3708201001,960
3708301001,203
3708501001,1926
3708501002,1959
3708501003,1345
3708501004,1533
3708601001,101
3708701001,1069
3708801001,229
3708901001,70
3709001001,57
3709101001,187
3709201001,2229
3709601001,241
3709701001,40
3709801001,361
3709901001,87
3710001001,83
3710101001,175
3710201001,452
3710301001,544
3710401001,27
3710601001,294
3710701001,704
3710701002,698
3710702001,1375
3710702002,1109
3710702003,1320
3710702004,1576
3710702005,1356
3710702006,1285
3710702007,1390
3710702008,1152
3710703001,1244
3710801001,103
3710901001,196
3711001001,124
3711201001,170
3711301001,466
3711401001,94
3711501001,147
3711601001,73
3711701001,1911
3711801001,131
3711901001,121
3712001001,114
3712101001,627
3712201001,253
3712301001,203
3712401001,238
3712501001,265
3712601001,34
3712701001,258
3712801001,275
3712901001,290
3713001001,194
3713101001,220
3713201001,384
3713301001,116
3713401001,263
3713501001,1391
3713601001,714
3713701001,117
3713801001,256
3713901001,251
3714001001,1141
3714101001,168
3714201001,714
3714301001,467
3714401001,409
3714501001,303
3714601001,140
3714701001,182
3714801001,499
3714901001,75
3715001001,41
3715101001,150
3715201001,478
3715401001,156
3715501001,90
3715601001,1977
3715601002,2210
3715601003,1594
3715701001,84
3715801001,295
3715901001,94
3716001001,726
3716101001,158
3716201001,224
3716301001,43
3716401001,309
3716501001,39
3716601001,224
3716701001,165
3716801001,524
3716901001,199
3717001001,1795
3717101001,512
3717201001,964
3717301001,1067
3717302001,722
3717401001,1201
3717501001,454
3717601001,157
3717701001,298
3717801001,101
3717901001,227
3718001001,75
3718101001,266
3718201001,100
3718301001,441
3718401001,336
3718501001,698
3718601001,110
3718701001,639
3718801001,210
3718901001,140
3719001001,232
3719101001,119
3719201001,427
3719301001,467
3719401001,329
3719501001,60
3719601001,84
3719701001,92
3719801001,250
3719901001,157
3720001001,209
3720101001,299
3720201001,1319
3720301001,178
3720401001,289
3720501001,258
3720601001,106
3720701001,325
3720801001,86
3720901001,502
3721101001,237
3721201001,125
3721301001,105
3721401001,134
3721501001,174
3721601001,335
3721701001,56
3721801001,78
3721901001,194
3722101001,486
3722201001,113
3722301001,126
3722401001,208
3722501001,119
3722601001,164
3722801001,405
3722901001,162
3723001001,265
3723101001,288
3723201001,423
3723301001,62
3723401001,368
3723501001,253
3723601001,152
3723701001,389
3723801001,153
3723901001,250
3724001001,1102
3724101001,174
3724201001,101
3724301001,113
3724401001,145
3724501001,384
3724601001,1710
3724601002,1945
3724602001,1849
3724602002,1168
3724701001,223
3724801001,163
3724901001,47
3725001001,392
3725101001,140
3725201001,107
3725301001,157
3725401001,206
3725501001,57
3725601001,248
3725701001,53
3725801001,216
3725901001,43
3726001001,149
3726101001,246
3726201001,83
3726301001,393
3726401001,68
3726501001,245
3726601001,102
3726701001,241
3726801001,124
3726901001,520
3727001001,224
3727101001,388
3727201001,165
3727301001,119
3727401001,948
3727401002,1177
3727401003,856
3727401004,890
3727401005,1267
3727401006,1406
3727401007,927
3727401008,743
3727401009,959
3727401010,968
3727401011,992
3727401012,679
3727402001,1395
3727402002,1501
3727402003,1293
3727402004,1465
3727402005,1585
3727402006,1211
3727402007,1298
3727402008,1226
3727402009,996
3727402010,1422
3727402011,850
3727402012,1362
3727402013,954
3727402014,971
3727402015,995
3727402016,889
3727402017,747
3727402018,1928
3727402019,876
3727402020,1496
3727403001,784
3727403002,1986
3727403003,936
3727403004,1125
3727403005,1330
3727403006,755
3727403007,1513
3727403008,971
3727403009,1895
3727403010,1323
3727403011,1272
3727403012,877
3727403013,1493
3727403014,1243
3727403015,1197
3727403016,970
3727403017,1921
3727403018,1741
3727403019,1003
3727403020,1281
3727404001,808
3727404002,1168
3727404003,913
3727404004,1249
3727404005,1393
3727404006,1089
3727404008,1120
3727404009,2636
3727404010,2117
3727404011,1212
3727404012,1871
3727404013,1351
3727404014,1005
3727404016,1333
3727404017,978
3727404018,808
3727404019,2213
3727404020,789
3727404021,1556
3727404022,1479
3727404023,998
3727404024,1790
3727405001,1378
3727405002,1080
3727405003,868
3727405004,989
3727405005,965
3727405006,1323
3727405007,1070
3727405008,1291
3727405009,1614
3727405010,1110
3727405011,1264
3727405012,1566
3727405013,1257
3727405014,649
3727405015,1021
3727405016,669
3727405017,1287
3727405018,898
3727405019,1102
3727405020,1727
3727405021,664
3727405022,900
3727405025,1249
3727405026,1002
3727406001,1361
3727406002,1218
3727406003,1456
3727406004,753
3727406005,1165
3727406006,1142
3727406007,1050
3727406008,1105
3727406009,1062
3727406010,1363
3727406011,2082
3727406012,1257
3727406013,1604
3727406014,1438
3727406015,992
3727406016,1039
3727406017,1782
3727406019,1588
3727406020,1958
3727406021,1701
3727406022,786
3727406023,1433
3727501001,126
3727601001,155
3727701001,62
3727801001,1001
3727901001,879
3728001001,75
3728101001,41
3728201001,229
3728301001,144
3728401001,343
3728501001,461
3728601001,257
3728701001,366
3728801001,281
3728901001,280
3729001001,147
3729101001,305
3729201001,88
3729301001,127
3729401001,1784
3729401002,1609
3729401003,1944
3729401004,1410
3729401005,2443
3729401006,2212
3729401007,1147
3729401008,1344
3729401009,1118
3729601001,378
3729701001,494
3729801001,197
3729901001,247
3730001001,643
3730101001,85
3730201001,339
3730301001,196
3730401001,179
3730501001,229
3730601001,296
3730701001,169
3730901001,50
3731001001,205
3731101001,258
3731201001,280
3731301001,626
3731401001,110
3731501001,98
3731601001,856
3731701001,348
3731801001,230
3731901001,125
3732001001,106
3732101001,166
3732201001,2087
3732201002,1115
3732301001,564
3732401001,409
3732501001,98
3732701001,201
3732801001,223
3732901001,41
3733001001,366
3733101001,228
3733201001,82
3733301001,250
3733401001,85
3733501001,448
3733601001,55
3733701001,154
3733801001,90
3733901001,309
3734001001,150
3734101001,65
3734201001,280
3734301001,70
3734401001,281
3734501001,186
3734601001,286
3734701001,563
3734801001,122
3734901001,127
3735001001,454
3735101001,291
3735201001,209
3735301001,142
3735401001,1679
3735401002,1946
3735401003,2155
3735401004,1161
3735501001,162
3735601001,95
3735701001,295
3735801001,185
3735901001,196
3736001001,260
3736101001,90
3736201001,2678
3736201002,1984
3736201003,1505
3736301001,133
3736401001,908
3736501001,216
3736601001,41
3736701001,214
3736801001,18
3736901001,156
3737001001,385
3737101001,303
3737201001,145
3737301001,878
3737401001,1469
3737501001,851
3737601001,1460
3737601002,1290
3737701001,279
3737801001,110
3737901001,195
3738001001,51
3738101001,142
3738201001,202
3800101001,1712
3800101002,2621
3800101003,2646
3800101004,1962
3800101005,2405
3800101006,2753
3800101007,4896
3800101008,3053
3800101009,2625
3800101010,1404
3800101011,3725
3800101012,1835
3800101013,3367
3800101014,1369
3800101015,2064
3800101016,1562
3800101017,2611
3800101018,4057
3800201001,1086
3800301001,1954
3800401001,1908
3800401002,1765
3800401003,1791
3800501001,874
3800501002,834
3800501003,1198
3800501004,2485
3800501005,1602
3800501006,677
3800601001,1368
3800601002,1754
3800601003,2614
3800601004,2549
3800601005,2439
3800601006,2378
3800601007,1845
3800601008,1784
3800601009,2731
3800601010,1885
3800601011,4562
3800601012,1292
3800601013,2893
3800601014,3045
3800601015,2643
3800601016,5058
3800601017,1231
3800601018,2126
3800601019,2319
3800601020,4517
3800601021,3914
3800601022,3244
3800601023,2418
3800601024,1861
3800601025,1287
3800601026,3134
3800601027,2107
3800601028,3355
3800601029,3327
3800601030,2087
3800601031,2123
3800701001,1366
3800701002,639
3800801001,1378
3800801002,2295
3800801003,2193
3800801004,1427
3800901001,1841
3800901002,1930
3800901003,852
3800901004,743
3801001001,1235
3801001002,943
3801001003,1281
3801001004,1425
3801101001,2053
3801101002,1440
3801101003,1458
3801101004,1544
3801101005,1864
3801101006,1557
3801101007,2063
3801101008,1022
3801101009,1885
3801101010,1239
3801101011,908
3801101012,1264
3801102001,1585
3801102002,1521
3801102003,2108
3801102004,1607
3801102005,1425
3801201001,1596
3801201002,1250
3801301001,2071
3801301002,1830
3801401001,912
3801401002,833
3801501001,1738
3801501002,686
3801502001,1280
3801502002,1465
3801601001,1618
3801701001,1372
3801701002,1235
3801701003,2588
3801701004,1412
3801701005,778
3801701006,948
3801701007,2501
3801701008,2601
3801701009,2266
3801701010,2111
3801701011,2154
3801701012,1218
3801701013,1773
3801701014,2215
3801701015,3203
3801701016,1354
3801701017,1577
3801701018,3008
3801701019,1207
3801701020,2146
3801701021,2341
3801701022,1835
3801701023,1612
3801801001,1360
3801801002,1798
3801801003,2324
3801901001,1962
3801901002,2169
3801901003,1618
3801901004,2168
3801901005,2392
3801901007,1416
3801901008,1879
3801901009,1738
3801901010,3126
3801901011,1593
3802001001,1662
3802001002,822
3802001003,1977
3802001004,1143
3802001005,640
3802001006,1102
3802001007,1785
3802001008,1076
3802001009,1247
3802001010,962
3802001011,1931
3802002001,1108
3802002002,865
3802003001,1120
3802003002,1311
3802101001,938
3802102001,981
3802201001,1504
3802201002,1386
3802201003,1066
3802201004,734
3802201005,827
3802201006,1405
3802202001,1431
3802202002,1417
3802203001,1474
3802203002,1342
3802203003,1049
3802203004,1191
3802204001,1031
3802204002,1511
3802204003,1626
3802204004,1091
3802205001,751
3802205002,2077
3802301001,885
3802301002,707
3802301003,1793
3802301004,1082
3802301005,2369
3802301006,1579
3802301007,1716
3802301008,1251
3802301009,1629
3802301010,1517
3802301011,956
3802301012,1622
3802301013,1072
3802301014,895
3802301015,1692
3802301016,1935
3802301017,1446
3802301018,1501
3802301019,892
3802301020,903
3802301021,1270
3802301022,1886
3802301023,1997
3802301024,1070
3802301025,1228
3802301026,1169
3802301027,1175
3802301028,1554
3802301029,890
3802301030,1702
3802301031,1425
3802301032,1359
3802302001,1144
3802302002,1082
3802302003,2208
3802302004,952
3802302005,1392
3802302006,2052
3802302007,1798
3802302008,1149
3802302009,1425
3802302010,2115
3802302011,1258
3802302012,1287
3802302013,1638
3802302014,1297
3802302015,1720
3802302016,1452
3802302017,1619
3802302018,1524
3802302019,1298
3802302020,1042
3802302021,1907
3802302022,1488
3802302023,1318
3802302024,1011
3802303001,1246
3802303002,2266
3802303003,1282
3802303004,2039
3802303005,1414
3802303006,2073
3802303007,1390
3802303008,2324
3802303009,1063
3802303010,897
3802303011,1594
3802303012,1688
3802303013,1929
3802303014,817
3802303015,1253
3802303016,1876
3802303017,1236
3802303018,810
3802303019,2160
3802303020,1766
3802303021,1017
3802303022,850
3802303023,1564
3802303024,1256
3802303025,971
3802303026,1980
3802304001,1058
3802304002,2296
3802304003,1718
3802304004,1001
3802304005,1295
3802304006,1208
3802304007,1689
3802305001,1217
3802305002,1537
3802305003,1168
3802305004,2351
3802305005,1950
3802305006,1171
3802305007,1546
3802305008,894
3802305009,2104
3802305010,1712
3802305011,1069
3802305012,1228
3802305013,992
3802306001,1435
3802306002,1550
3802306003,1350
3802306004,1366
3802401001,2290
3802401002,1343
3802401003,1799
3802401004,1180
3802401005,2079
3802401006,1308
3802401007,1297
3802401008,1239
3802402001,1207
3802402002,1383
3802403001,2225
3802403002,1814
3802403003,1252
3802501001,2120
3802501002,1502
3802501003,2099
3802501004,2146
3802501005,878
3802601001,1636
3802601002,1881
3802601004,1814
3802602001,1671
3802602002,1284
3802602003,1994
3802602004,1131
3802603001,1347
3802603002,1246
3802603003,1822
3802603004,1974
3802603005,1896
3802603006,2007
3802604001,2039
3802604002,1163
3802604003,1006
3802604004,729
3802604005,1697
3802605001,1725
3802605002,1207
3802605003,1924
3802605004,1110
3802605005,1422
3802606001,1023
3802606002,1223
3802606003,1590
3802606004,1618
3802701001,1464
3802702001,2161
3802703001,1318
3802703002,1291
3802704001,1383
3802801001,1060
3802801002,1617
3802801003,2818
3802801004,1991
3802802001,1054
3802802002,777
3802802003,1197
3802802004,2176
3802802005,1982
3802803001,1020
3802803002,1172
3802803003,1062
3802803004,1505
3802803005,1311
3802803006,1292
3802804001,2150
3802804002,1417
3802804003,1641
3802804004,1083
3802804005,1110
3802901001,1089
3802901002,942
3803001001,1249
3803001002,1099
3803101001,1115
3803101002,2084
3803101003,1989
3803101004,2261
3803101005,1766
3803101006,2540
3803101007,1108
3803102001,1812
3803102002,1354
3803102003,1521
3803103001,1554
3803103002,1108
3803103003,1754
3803103004,1115
3803103005,1659
3803104001,1602
3803104002,1689
3803104003,1138
3803104004,1501
3803105001,1244
3803105002,1107
3803105003,989
3803106001,1163
3803106002,1687
3803201001,926
3803201002,1171
3803201003,1651
3803201004,2077
3803201005,934
3803201006,1523
3803201007,1334
3803201008,1646
3803201009,907
3803201010,1314
3803201011,2527
3803201012,1319
3803301001,1241
3803301002,739
3803301003,1085
3803302001,1313
3803401001,1434
3803401002,1729
3803401003,752
3803401004,1138
3803501001,1636
3803501002,1807
3803501003,1904
3803501004,3610
3803501005,1033
3803501006,2992
3803501007,3239
3803601001,2265
3803601002,1852
3803601003,759
3803601005,1702
3803601006,1309
3803601007,781
3803701001,1318
3803701002,1298
3803701003,2253
3803702001,856
3803702002,1526
3803702003,886
3803702005,1519
3803703001,1135
3803703002,1190
3803703003,1128
3803703004,1382
3803703005,1693
3803801001,1432
3803801002,905
3803801003,1494
3803801004,1144
3803801006,1904
3803801007,703
3803801008,1905
3803801009,1326
3803801010,1493
3803801011,1055
3803801012,1727
3803802001,1111
3803802002,775
3803802003,1340
3803802004,826
3803802005,1538
3803802006,1517
3803802007,830
3803802008,965
3803802009,1348
3803803001,2151
3803803002,1008
3803803003,1414
3803803004,822
3803803005,1460
3803803006,760
3803803007,965
3803803008,1099
3803803009,1123
3803803010,851
3803803011,1151
3803803013,1188
3803803014,1567
3803803015,1385
3803803016,972
3803803017,693
3803803018,900
3803803019,1171
3803803020,1244
3803804001,707
3803804002,925
3803804003,1260
3803804004,1072
3803804005,1043
3803804006,1272
3803804007,1068
3803804009,958
3803804010,685
3803804011,1191
3803804012,1029
3803804014,798
3803804015,738
3803805001,1463
3803805002,1647
3803805003,1208
3803805004,1014
3803805005,1412
3803805006,1397
3803805007,1299
3803805008,1366
3803805009,1164
3803805010,1712
3803805011,906
3803805012,1756
3803805013,1195
3803805014,1300
3803805015,830
3803806001,1177
3803806002,732
3803806003,1213
3803806004,811
3803806005,1024
3803806006,690
3803806007,2043
3803806008,1056
3803806010,926
3803806011,909
3803806012,771
3803806013,981
3803806014,1154
3803806016,876
3803806017,672
3803806018,1162
3803806019,938
3803806020,1025
3803806021,1668
3803806022,1452
3803806023,1156
3803806024,918
3803806025,2084
3803806026,1307
3803806027,811
3803806028,1644
3803806029,1067
3803807001,1311
3803807002,1926
3803807003,1735
3803807004,901
3803807005,1001
3803807006,1465
3803807007,1335
3803807009,1255
3803808001,1257
3803809001,1036
3803809002,659
3803809003,1208
3803809006,1243
3803809007,768
3803809009,1505
3803809010,1368
3803809011,1200
3803809012,1567
3803809014,976
3803809015,1004
3803809016,1225
3803809018,808
3803809019,1483
3803809021,952
3803809022,1432
3803810001,1025
3803810002,1115
3803810003,1184
3803810004,736
3803810005,856
3803810006,1655
3803810007,910
3803810008,1020
3803810009,1028
3803810010,815
3803810011,1466
3803810012,1081
3803810013,684
3803810014,1066
3803810015,1394
3803810016,1199
3803811001,1600
3803811002,1487
3803811003,2200
3803811004,1887
3803811005,1270
3803811006,1807
3803811007,1320
3803811008,1266
3803811009,1292
3803811010,1589
3803811011,1576
3803811012,1505
3803811013,1462
3803811014,2549
3803811015,1349
3803811016,909
3803811017,1196
3803811018,1678
3803811019,1178
3803811020,1316
3803812001,1559
3803812002,1949
3803812003,1080
3803812004,1356
3803812005,1989
3803812006,1589
3803812007,2546
3803812008,1834
3803812009,1907
3803812010,1236
3803901001,1836
3803901002,1647
3803901003,1347
3803901004,1779
3803901005,1447
3803901006,1716
3803901007,1654
3803901008,1073
3803901009,1797
3804001001,1450
3804001002,2429
3804001003,2384
3804001004,4205
3804101001,1889
3804101002,1019
3804101003,1288
3804101004,1916
3804101005,1527
3804101006,1359
3804201001,1355
3804201002,1258
3804201003,1117
3804201004,997
3804301001,1577
3804301002,1688
3804301003,1591
3804301004,1397
3804301005,1718
3804301006,784
3804301007,1628
3804301008,1717
3804301009,2253
3804301010,1526
3804301011,2199
3804301012,1880
3804301013,1363
3804301014,1390
3804301015,1218
3804401001,1401
3804401002,1374
3804501001,512
3804501002,2003
3804501003,1115
3804501004,1214
3804601001,1890
3804601002,1847
3804601003,1653
3804601004,1876
3804601005,1331
3804601006,1296
3804601007,1204
3804701001,1726
3804701002,958
3804801001,1881
3804801002,2096
3804801004,996
3804901001,2468
3804901002,1713
3805001001,2136
3805003001,777
3805101001,890
3805101002,1094
3805101003,1408
3805101004,919
3805101005,1439
3805101006,1870
3805101007,1406
3805201001,1715
3805301001,1064
3805301002,934
3805301003,1057
3805301004,963
3805301005,909
3890101001,1801
3900101001,934
3900101002,895
3900101003,670
3900201001,2233
3900201002,1192
3900201003,803
3900301001,327
3900401001,1067
3900401002,708
3900501001,1705
3900601001,1107
3900601002,1000
3900701001,507
3900801001,1245
3900801002,1165
3900801003,1598
3900801004,1259
3900801005,1582
3900801006,1904
3900801007,974
3900801008,1154
3900801009,1238
3900802001,1940
3900802002,1689
3900802003,1321
3900802004,1213
3900901001,1463
3900901002,1402
3900901003,1215
3901001001,735
3901101001,2016
3901201001,1465
3901201002,1116
3901201003,1499
3901201004,1643
3901202001,1256
3901202002,1390
3901301001,628
3901401001,1016
3901501001,1001
3901601001,820
3901601002,1982
3901601003,1799
3901601004,2049
3901601005,2205
3901601006,940
3901601007,1185
3901601008,1760
3901601009,1800
3901601010,945
3901601011,1566
3901601012,1065
3901601013,1259
3901601014,1915
3901601015,996
3901602001,1639
3901602002,968
3901602003,1663
3901603001,1897
3901603002,1109
3901603003,1445
3901701001,668
3901801001,1337
3901801002,883
3901801003,1727
3901801004,1740
3901901001,940
3901901002,1719
3902001001,1159
3902001002,1611
3902001003,2304
3902002001,1611
3902002002,1582
3902002003,1847
3902002004,1426
3902002005,955
3902002006,1758
3902002007,2285
3902002008,1343
3902002009,1303
3902002010,1291
3902002011,1441
3902002012,2158
3902002013,1448
3902003001,1829
3902003002,1499
3902003003,904
3902003004,1314
3902003005,1076
3902101001,576
3902201001,1345
3902301001,2379
3902301002,1269
3902301003,1222
3902301004,2034
3902301005,1368
3902401001,700
3902401002,1620
3902501001,970
3902501002,1501
3902501003,858
3902501004,1659
3902501005,1024
3902501006,1384
3902501007,1765
3902501008,958
3902502001,1111
3902601001,880
3902601002,1241
3902701001,691
3902701002,979
3902701003,808
3902701004,1317
3902801001,1792
3902801002,1714
3902801003,1408
3902901001,754
3903001001,1707
3903001002,676
3903101001,1524
3903201001,985
3903201002,702
3903301001,648
3903401001,294
3903501001,1243
3903501002,1256
3903501003,1307
3903502001,1235
3903502002,950
3903502003,1085
3903502004,1147
3903502005,701
3903503001,894
3903503002,1982
3903601001,1250
3903701001,1639
3903701002,731
3903801001,1837
3903901001,650
3904001001,2026
3904001002,1845
3904001003,1352
3904101001,2131
3904201001,2408
3904201002,1366
3904201003,2377
3904202001,1425
3904301001,1912
3904401001,1470
3904401002,1744
3904401003,1412
3904501001,417
3904601001,1060
3904601002,552
3904701001,1235
3904701002,1316
3904801001,1069
3904801002,928
3904901001,357
3905001001,326
3905101001,74
3905201001,1916
3905201002,1893
3905201003,2571
3905201004,1834
3905201005,2137
3905201006,894
3905202001,1447
3905202002,1560
3905202003,1824
3905202004,1992
3905202005,1525
3905202006,1597
3905202007,1582
3905202008,1227
3905301001,236
3905401001,2308
3905401002,2017
3905401003,1308
3905501001,1421
3905601001,961
3905601002,1890
3905701001,1985
3905701002,835
3905801001,988
3905901001,750
3905901002,814
3905901003,895
3905901004,1064
3905901005,875
3905902001,1620
3905902002,1039
3905902003,695
3905902004,759
3905902005,1293
3906001001,1403
3906001002,1323
3906002001,1996
3906002002,1955
3906002003,1651
3906101001,1726
3906101002,1427
3906101003,1309
3906201001,1167
3906201002,1048
3906301001,1053
3906401001,1594
3906501001,281
3906601001,1034
3906701001,932
3906801001,784
3906901001,1259
3906901002,1135
3907001001,174
3907101001,477
3907201001,393
3907301001,1796
3907301002,1431
3907301003,1971
3907301004,2021
3907301005,1901
3907301006,1596
3907301007,1784
3907401001,1484
3907401002,1147
3907401003,853
3907401004,1661
3907401005,2430
3907401006,1522
3907501001,951
3907501002,905
3907501003,982
3907501004,777
3907501005,925
3907501006,1132
3907501007,1066
3907501008,1180
3907501009,1282
3907501010,769
3907502001,779
3907502002,805
3907502003,1356
3907502004,1020
3907502005,1539
3907502006,1293
3907502007,852
3907502008,1003
3907502009,772
3907502010,1151
3907502011,776
3907502012,882
3907502013,1275
3907502014,659
3907502015,697
3907502016,908
3907502017,1166
3907502018,1527
3907502019,1617
3907502020,664
3907502021,981
3907502022,709
3907502023,1773
3907502024,1195
3907502025,707
3907502026,1012
3907502027,935
3907503001,1436
3907503002,1236
3907503003,1195
3907503004,1210
3907503005,832
3907503006,1055
3907503007,804
3907503008,1061
3907503009,1151
3907503010,1148
3907503011,1547
3907503012,605
3907503013,830
3907503014,750
3907503015,850
3907504001,996
3907504002,1111
3907504003,962
3907504004,1306
3907504005,1448
3907504006,1484
3907504007,1059
3907504008,1066
3907504009,1519
3907504010,1132
3907504011,1127
3907504012,1067
3907504013,1128
3907504014,2087
3907505001,804
3907505002,1156
3907505003,1611
3907505004,1715
3907505005,1054
3907505006,1181
3907505007,868
3907505008,894
3907505009,733
3907505010,1418
3907505011,1400
3907505012,1719
3907505013,1294
3907505014,1283
3907505015,776
3907506001,1160
3907506002,1719
3907506003,1099
3907506004,1008
3907506005,1055
3907506006,986
3907506007,1022
3907506008,676
3907506009,1155
3907506010,795
3907506011,1114
3907506012,866
3907506013,1285
3907506014,1104
3907507001,893
3907507002,1345
3907507003,1043
3907507004,1623
3907507005,1708
3907507006,1343
3907507007,737
3907507008,985
3907507009,1079
3907507010,1234
3907507011,1343
3907507012,1323
3907507013,1215
3907507014,1447
3907507015,1167
3907507016,1514
3907507017,958
3907507018,1056
3907507019,664
3907507020,1040
3907507021,2169
3907507022,1193
3907507023,1411
3907508001,1927
3907508002,1531
3907508003,1393
3907508004,1449
3907508005,1861
3907508006,823
3907508007,1700
3907508008,1255
3907508009,1068
3907508010,1272
3907508011,1066
3907508012,1343
3907508013,1262
3907508014,790
3907508015,998
3907508016,1308
3907508017,1391
3907508018,1692
3907508019,1042
3907508020,1577
3907508021,1987
3907508022,1962
3907508023,2375
3907508024,1704
3907508025,1531
3907508026,2120
3907508027,1637
3907508028,1490
3907508029,1518
3907601001,2157
3907601002,2040
3907701001,285
3907801001,1581
3907901001,1675
3907901002,2056
3907901003,1694
3907901004,1541
3907902001,1011
3907902002,1512
3907902003,1733
3908001001,920
3908001002,928
3908001003,982
3908001004,1484
3908101001,504
3908201001,1990
3908301001,1280
3908401001,1002
3908501001,1822
3908501002,1392
3908501003,1802
3908502001,2006
3908502002,1558
3908601001,422
3908701001,1449
3908701002,1312
3908701003,746
3908701004,1355
3908701005,876
3908701006,1583
3908701007,1339
3908701008,1026
3908701009,1940
3908701010,1270
3908701011,630
3908701012,1426
3908701013,1506
3908701014,610
3908702001,897
3908702002,1375
3908702003,951
3908702004,927
3908702005,875
3908702006,697
3908702007,1090
3908702008,1351
3908702009,1239
3908703001,1071
3908703002,1777
3908703003,1314
3908703004,954
3908703005,704
3908703006,886
3908703007,1142
3908703008,980
3908703009,1690
3908703010,1276
3908703011,802
3908703012,973
3908704001,1341
3908704002,1650
3908704003,1488
3908704004,918
3908704005,979
3908704006,794
3908704007,978
3908704008,1282
3908704009,1702
3908705001,1015
3908705002,1109
3908705003,901
3908801001,69
3908901001,148
3909001001,885
3909101001,994
3909101002,626
3909101003,679
3909201001,1055
3909301001,321
3909401001,1010
3909501001,1934
3909501002,889
3909601001,805
3909701001,801
3909801001,1701
3909901001,1464
3909901002,2344
3910001001,1062
3910101001,327
3910201001,967
3910201002,1784
4000101001,873
4000201001,36
4000301001,156
4000401001,647
4000501001,33
4000601001,18
4000701001,89
4000801001,58
4000901001,54
4001001001,139
4001201001,341
4001301001,67
4001401001,53
4001501001,31
4001601001,62
4001701001,118
4001801001,103
4001901001,42
4002001001,233
4002101001,29
4002201001,238
4002401001,1354
4002501001,203
4002601001,153
4002801001,110
4002901001,35
4003001001,550
4003101001,703
4003201001,830
4003301001,82
4003401001,98
4003501001,179
4003601001,687
4003701001,39
4003901001,290
4004001001,823
4004001002,1776
4004002001,1183
4004101001,1368
4004301001,1644
4004301002,933
4004401001,162
4004501001,167
4004601001,150
4004701001,40
4004801001,37
4004901001,53
4005101001,44
4005201001,116
4005301001,145
4005401001,161
4005501001,41
4005601001,39
4005701001,757
4005701002,1186
4005801001,362
4005901001,153
4006001001,86
4006101001,94
4006201001,69
4006301001,842
4006301002,1597
4006301003,763
4006302001,2012
4006302002,1609
4006302003,816
4006302004,1908
4006501001,904
4006801001,32
4006901001,105
4007001001,166
4007101001,52
4007201001,242
4007301001,564
4007401001,331
4007501001,193
4007601001,2644
4007601002,2358
4007601003,2048
4007602001,2604
4007701001,1088
4007801001,174
4007901001,267
4008001001,90
4008101001,136
4008201001,130
4008301001,180
4008401001,71
4008601001,937
4008701001,105
4008801001,359
4008901001,261
4009101001,120
4009201001,150
4009301001,95
4009401001,480
4009501001,666
4009701001,258
4009901001,63
4010001001,329
4010101001,1248
4010301001,188
4010401001,365
4010501001,61
4010601001,250
4010701001,146
4010801001,126
4010901001,87
4011001001,410
4011101001,79
4011201001,2048
4011201002,1557
4011301001,538
4011501001,109
4011801001,53
4011901001,224
4012001001,220
4012101001,356
4012201001,634
4012301001,192
4012401001,279
4012501001,96
4012601001,91
4012701001,34
4012801001,167
4012901001,205
4013001001,151
4013101001,63
4013201001,73
4013401001,956
4013501001,342
4013601001,165
4013801001,1173
4013801002,1768
4013901001,319
4014001001,127
4014101001,1145
4014201001,60
4014301001,100
4014401001,23
4014501001,1402
4014601001,408
4014801001,319
4014901001,638
4015001001,72
4015101001,82
4015201001,982
4015401001,21
4015501001,2825
4015501002,2043
4015601001,426
4015701001,67
4015801001,18
4015901001,173
4016001001,120
4016101001,46
4016201001,567
4016301001,58
4016401001,208
4016501001,93
4016601001,319
4016801001,41
4017001001,2382
4017101001,43
4017201001,29
4017301001,201
4017401001,429
4017601001,488
4017701001,163
4017801001,124
4017901001,945
4018001001,346
4018101001,1586
4018101002,1339
4018101003,1697
4018102001,842
4018201001,273
4018301001,150
4018401001,277
4018501001,1052
4018601001,38
4018801001,116
4018901001,622
4019001001,59
4019101001,287
4019201001,200
4019301001,278
4019401001,890
4019401002,893
4019401003,605
4019401004,652
4019401005,738
4019402001,1416
4019402002,820
4019403001,965
4019403002,971
4019403003,1316
4019403004,684
4019403005,1043
4019403006,1022
4019403007,992
4019403008,976
4019403009,1028
4019404001,1649
4019404002,1525
4019404003,947
4019404004,1050
4019404005,821
4019404006,1670
4019404007,1239
4019404008,1254
4019404009,1907
4019404010,1818
4019405001,931
4019405002,1137
4019405003,1037
4019405004,1138
4019405005,1203
4019405006,1482
4019405007,1957
4019405008,1863
4019406001,2324
4019406002,1058
4019406003,1116
4019406004,1283
4019406005,1316
4019407001,1095
4019407002,2121
4019407003,1894
4019407004,1414
4019501001,1193
4019601001,39
4019801001,28
4019901001,132
4020001001,63
4020101001,56
4020201001,78
4020301001,1305
4020401001,216
4020501001,345
4020601001,193
4020701001,991
4020801001,1056
4021001001,100
4021101001,84
4021201001,32
4021301001,97
4021401001,272
4021501001,100
4021601001,1061
4021801001,103
4021901001,739
4022001001,77
4022101001,57
4022201001,265
4022301001,288
4022401001,27
4022501001,1542
4022801001,638
4022901001,39
4023001001,118
4023101001,133
4023301001,553
4023401001,487
4090101001,587
4090201001,136
4090301001,117
4090401001,422
4090501001,142
4090601001,1505
4090601002,1434
4100101001,926
4100102001,1223
4100201001,921
4100201002,911
4100301001,1508
4100301002,1581
4100401002,2214
4100401003,1356
4100402001,1464
4100402003,1749
4100402004,1889
4100402005,1393
4100402006,1873
4100403001,1813
4100403002,726
4100403003,1238
4100403004,1374
4100403005,1266
4100403006,1369
4100403007,1090
4100403008,1355
4100403009,845
4100403010,1356
4100403011,1292
4100404001,2174
4100404002,1019
4100404003,1543
4100404004,2230
4100404005,2246
4100404006,2800
4100404007,1932
4100404008,1350
4100404009,912
4100404010,2245
4100404012,1264
4100404013,2016
4100404014,2193
4100404015,1280
4100404016,987
4100404017,1290
4100404018,1173
4100404019,2141
4100404020,1545
4100404021,1246
4100404022,1047
4100404023,2682
4100404024,1407
4100404025,2126
4100404026,1679
4100404027,876
4100404028,2028
4100404029,1534
4100404030,1777
4100501001,1234
4100501002,837
4100502001,2323
4100502002,2186
4100502003,2235
4100502004,1351
4100502005,1524
4100601001,1598
4100602001,1072
4100602002,732
4100701001,1409
4100701002,1170
4100701004,2329
4100702001,1792
4100702002,2199
4100702003,1815
4100702004,1052
4100702005,1204
4100702006,1214
4100702007,1921
4100801001,1316
4100901001,672
4100901002,831
4101001001,2026
4101001002,2328
4101001003,1462
4101101001,1095
4101101002,1780
4101101003,1530
4101101004,1498
4101102002,2134
4101102003,1546
4101103001,1309
4101103002,632
4101103003,1449
4101103004,1445
4101104001,2131
4101104002,1923
4101104003,1113
4101201001,1370
4101201002,1402
4101201003,1577
4101301001,1229
4101301002,1360
4101302001,1465
4101302002,2090
4101401001,1630
4101401002,1520
4101501001,989
4101501002,1563
4101502001,1289
4101502002,2262
4101502003,1111
4101601001,1384
4101601002,2792
4101601003,1720
4101602001,2105
4101602002,2030
4101701001,1726
4101701002,1760
4101701003,2171
4101701004,2395
4101701005,1856
4101701006,2771
4101701007,2760
4101701008,1271
4101701009,1538
4101701010,2699
4101801001,1436
4101801002,1846
4101801003,882
4101801004,2652
4101801005,2492
4101801006,1520
4101801007,1868
4101901001,1824
4101901002,2051
4101901003,2600
4102001001,1279
4102001002,2379
4102001003,1870
4102002001,1445
4102002002,1728
4102002003,2108
4102002005,1873
4102002006,1597
4102002007,1407
4102002008,860
4102101001,772
4102101002,1922
4102101003,1024
4102101004,1718
4102101005,2224
4102101006,1806
4102102001,2020
4102102002,1539
4102102003,1212
4102102004,1936
4102102005,1019
4102102006,1550
4102102007,987
4102102008,1763
4102103001,1612
4102103002,1248
4102104001,1031
4102104002,1282
4102201001,1339
4102201002,1149
4102202001,1464
4102202002,1499
4102301001,698
4102301002,1308
4102301003,984
4102301004,2414
4102302001,1041
4102302002,2042
4102302003,2355
4102401001,896
4102401002,771
4102402001,982
4102403001,1212
4102404001,1756
4102404002,1401
4102404003,1724
4102404004,924
4102404005,1229
4102404006,1604
4102404007,1631
4102405001,1111
4102405002,975
4102405003,2566
4102405004,2022
4102405005,1240
4102406001,1163
4102406002,2117
4102406003,2286
4102406004,1107
4102501001,1365
4102502001,1186
4102601001,1735
4102601002,1529
4102602001,1136
4102602002,1196
4102701001,2156
4102702001,853
4102702002,2024
4102801001,2871
4102901001,1422
4102901002,1469
4102901003,1927
4102901004,1730
4102901005,930
4102901006,1206
4102901007,1847
4102901008,1249
4102901009,1340
4102901010,1874
4102901011,1534
4102901012,1008
4103001001,643
4103101001,1539
4103201001,1244
4103201003,914
4103202001,1076
4103202002,1804
4103301001,1821
4103301002,806
4103302001,1448
4103303002,1145
4103304001,1044
4103401001,2259
4103401002,1257
4103401003,1258
4103401004,2343
4103401005,2188
4103401006,1262
4103401007,1600
4103401008,2327
4103401009,1282
4103401010,2128
4103402001,2116
4103402002,1520
4103403001,1089
4103403002,2125
4103403003,1144
4103403004,2777
4103403005,1533
4103501001,1361
4103601001,996
4103601002,871
4103602001,763
4103602002,842
4103602003,1524
4103701001,1841
4103702001,2188
4103801001,1396
4103801002,1268
4103801003,2030
4103801004,1637
4103801005,1023
4103801006,1332
4103801007,1391
4103801008,1507
4103802001,1681
4103802002,2181
4103802003,1685
4103802004,2241
4103802005,1176
4103802006,632
4103802007,1424
4103802008,1542
4103802009,1328
4103802010,1274
4103802011,1357
4103802012,1919
4103803001,1812
4103803002,1328
4103803003,1086
4103803004,2381
4103803005,1402
4103803006,1422
4103803007,1332
4103803008,1029
4103803009,1273
4103803010,1436
4103803011,1927
4103803012,1223
4103803013,2562
4103803014,1718
4103803015,1103
4103804001,1255
4103804002,1805
4103804003,1183
4103804004,1374
4103804005,1573
4103804006,2040
4103804007,2487
4103804008,2339
4103804009,1380
4103804010,1097
4103804011,2722
4103804012,1952
4103804013,1983
4103804014,1856
4103804015,1288
4103804016,1907
4103804017,2101
4103804018,2241
4103804019,2136
4103804020,1613
4103805001,1495
4103805002,1266
4103805003,2258
4103805004,1990
4103805005,1292
4103805006,1948
4103805007,1527
4103805008,1751
4103805009,2114
4103805010,1451
4103805011,1322
4103805012,1212
4103805013,2061
4103805014,1789
4103805015,2486
4103805016,1431
4103805017,2128
4103805018,1264
4103805019,1371
4103805020,3126
4103805021,1591
4103805022,1626
4103805023,882
4103805024,1598
4103901001,806
4103901002,1602
4103901003,1331
4103901004,1702
4103901005,1742
4103901006,1222
4103901007,1524
4103901008,2674
4103901009,1246
4103902002,1517
4103902003,1458
4103902004,1864
4103902005,1048
4103903001,1931
4103903002,989
4103903003,1355
4103903004,1806
4103903005,883
4103903006,1182
4103903007,1828
4103904001,2471
4103904002,934
4103904004,1087
4103904005,891
4103904006,1801
4103905001,1005
4103905002,1433
4103905003,1302
4104001001,1792
4104001002,2054
4104001003,1729
4104001004,1831
4104001005,2102
4104001006,1173
4104001007,1572
4104001008,1387
4104001009,1083
4104101001,1918
4104101002,1725
4104102001,1416
4104102002,1407
4104103001,1218
4104103002,1289
4104104001,1858
4104104002,1836
4104201001,679
4104201002,578
4104202001,717
4104202002,1481
4104203001,2100
4104203002,1633
4104301001,774
4104401001,1696
4104401002,1460
4104401003,1318
4104401004,2484
4104401005,1174
4104401006,1556
4104501001,1731
4104501002,943
4104502001,947
4104502002,2348
4104502003,1340
4104601001,1689
4104602001,2178
4104701001,1906
4104701002,2210
4104701003,2370
4104701004,1777
4104701005,2322
4104701006,1774
4104701007,940
4104801001,1006
4104802001,776
4104803001,1023
4104901001,1650
4104901002,1901
4104901003,2521
4104901004,1537
4104901005,1679
4104901006,1911
4104901007,1265
4105001001,1012
4105002001,1494
4105002002,1142
4105003001,1603
4105003002,1274
4105101001,631
4105101002,2115
4105201001,1631
4105201002,2268
4105301001,2536
4105301003,1755
4105301004,2297
4105301005,2137
4105302001,2585
4105302002,1028
4105302003,932
4105303001,1911
4105303002,1355
4105303003,2313
4105304001,866
4105304002,1907
4105304007,1201
4105304008,2054
4105304009,2508
4105401001,876
4105501001,1243
4105501002,756
4105501003,758
4105501004,1135
4105501005,794
4105501006,1004
4105502001,829
4105502002,1413
4105502003,1983
4105502004,1467
4105502005,1923
4105502006,798
4105502007,1207
4105503001,701
4105503002,658
4105503003,762
4105503004,1962
4105601002,1593
4105601003,1805
4105601004,1274
4105701001,304
4105801001,1263
4105801003,1344
4105801004,1408
4105802001,1394
4105802002,1149
4105802003,2183
4105802004,1483
4105802005,2432
4105803001,744
4105803002,2640
4105803003,1188
4105803004,1683
4105803005,2008
4105803006,1528
4105901001,1672
4105901002,2474
4105901003,1286
4105901004,1747
4105901005,1520
4105901006,1986
4105901007,814
4105901008,2339
4105901009,2471
4105901010,1482
4105901011,1769
4105901012,1230
4105901013,638
4105901014,892
4105901015,1637
4105901016,1685
4105901017,2060
4105901018,2086
4105901019,1282
4105901020,2552
4105901021,1494
4105901022,1579
4105901023,1578
4105901024,2271
4105901025,1424
4105901026,1755
4106001001,2207
4106001002,1796
4106001003,2306
4106002001,1720
4106002002,1674
4106003001,849
4106003002,1772
4106003003,1363
4106003004,1001
4106003005,2546
4106003006,2706
4106101001,1446
4106101002,1302
4106201001,1356
4106201002,1440
4106301001,1683
4106301002,1825
4106401001,887
4106401002,827
4106402001,1206
4106402002,803
4106402003,1647
4106403001,1722
4106501001,2086
4106501002,1483
4106501003,960
4106501004,1592
4106501005,1595
4106502001,952
4106502002,990
4106502003,1681
4106502004,2150
4106502005,2482
4106503001,1469
4106503002,1151
4106503003,1534
4106503005,1022
4106503006,1235
4106504001,954
4106504002,1888
4106504003,1019
4106504004,853
4106505001,1145
4106601001,797
4106602001,887
4106701001,1309
4106701002,1971
4106701003,1871
4106702001,2303
4106702002,2110
4106801001,2661
4106801002,961
4106802001,1028
4106802002,738
4106803001,1167
4106803002,1957
4106804001,2034
4106804002,1721
4106804003,1706
4106805001,816
4106805002,1754
4106805003,1275
4106901001,1131
4106901002,1541
4106901003,2081
4106901004,2154
4106901005,1821
4106902001,1572
4106902002,1245
4106902003,737
4106902004,972
4106902005,1470
4106902006,1586
4106903001,1544
4106903002,1255
4106903003,2189
4106903004,2277
4106903005,1506
4106903006,2591
4106904001,2030
4106904002,1332
4106904003,1587
4106904004,1368
4106904005,1506
4106904006,1044
4106904007,1556
4107001001,1759
4107001002,2681
4107001003,2203
4107001004,1379
4107101001,1098
4107101002,752
4107102001,2044
4107102002,1162
4107103001,1261
4107103002,746
4107201001,1340
4107201002,2293
4107201003,1731
4107301001,1167
4107301002,996
4107401001,2025
4107401002,1730
4107501001,1249
4107501002,1533
4107501003,1464
4107501004,1762
4107501005,1307
4107501006,2778
4107501007,2283
4107501008,1638
4107601001,1398
4107601002,1342
4107701001,1972
4107701002,877
4107702001,1006
4107702002,2416
4107702003,1221
4107702004,951
4107703001,1430
4107703002,1479
4107801001,863
4107802001,848
4107802002,1404
4107901001,1596
4107901002,2213
4107901003,1565
4107901004,1410
4107901005,1714
4107901006,2529
4107901007,1163
4108001001,962
4108002001,653
4108101001,1249
4108101002,2197
4108101003,1641
4108101004,2377
4108101005,1029
4108101006,1553
4108102001,1711
4108102002,1766
4108102003,1818
4108102004,697
4108102005,1766
4108102006,1860
4108102007,800
4108102008,692
4108102009,1155
4108102010,1560
4108102011,1947
4108102012,1853
4108102013,1538
4108102014,1906
4108102015,1330
4108102016,2146
4108102017,1725
4108102018,1705
4108201001,1295
4108201002,1828
4108201003,1174
4108301001,1427
4108401001,2187
4108402001,1333
4108501001,2421
4108501002,1604
4108501003,1443
4108601001,820
4108601002,765
4108601003,780
4108602001,1573
4108602002,1158
4108603001,1299
4108603002,2469
4108603003,1593
4108603004,1390
4108603005,2660
4108604001,1951
4108604002,1335
4108604003,1777
4108604004,1222
4108604005,784
4108701001,1682
4108701002,963
4108701003,1869
4108701004,1481
4108701005,1784
4108702001,852
4108702002,2148
4108702003,2687
4108801001,621
4108901001,1368
4108902001,2302
4108902002,1314
4108902003,1192
4108902004,2263
4109001001,909
4109001002,1369
4109001003,833
4109001004,1296
4109101001,1356
4109101002,940
4109101003,743
4109101004,935
4109101005,854
4109101006,1146
4109101007,1286
4109101008,1425
4109101009,819
4109101010,1380
4109101011,1096
4109101012,1350
4109101013,1038
4109101014,1280
4109101015,1321
4109101016,671
4109101017,1124
4109101018,1354
4109101019,956
4109101020,961
4109101021,1019
4109101022,1489
4109101023,2343
4109101024,1358
4109101025,2140
4109101026,1200
4109101027,1463
4109101028,1022
4109101029,1898
4109101030,659
4109101032,1035
4109101033,1128
4109101034,1395
4109101035,699
4109101036,628
4109101037,622
4109101038,1370
4109101039,1206
4109101040,1348
4109101041,1221
4109101042,784
4109101043,1186
4109101044,810
4109101045,912
4109101046,1607
4109101047,1734
4109101048,1250
4109101049,695
4109101050,784
4109101051,1526
4109102001,2155
4109102002,704
4109102003,1456
4109102004,723
4109102005,1621
4109102006,962
4109102007,1335
4109102008,1070
4109102009,1488
4109102010,1069
4109102011,1939
4109102012,1436
4109102013,1648
4109102014,965
4109102015,1111
4109102016,997
4109102017,1031
4109102018,1136
4109102019,1017
4109102020,1410
4109102021,865
4109102022,935
4109102023,1925
4109102024,1188
4109102025,866
4109102026,1313
4109102027,2297
4109102028,1320
4109102029,763
4109102030,1217
4109102031,1097
4109102032,979
4109102033,1078
4109102036,1547
4109102038,956
4109102039,650
4109102040,1558
4109102041,993
4109102042,954
4109102043,2225
4109102044,1806
4109102045,1538
4109102047,1606
4109102048,979
4109102049,1408
4109102050,1234
4109102051,1176
4109102052,686
4109102053,792
4109102054,1487
4109102055,927
4109102056,1362
4109102057,860
4109102058,1177
4109102059,950
4109102060,922
4109102061,830
4109102063,809
4109102064,1551
4109102065,1364
4109102066,911
4109102067,866
4109103001,1741
4109103002,1205
4109103003,1570
4109103004,1645
4109103005,1555
4109103006,1636
4109103007,2273
4109103008,1072
4109103009,1415
4109103010,1227
4109103011,837
4109103012,1226
4109103013,1470
4109103014,891
4109103015,1096
4109103016,869
4109103017,1383
4109103019,1425
4109103020,1064
4109103021,842
4109103022,1201
4109103023,1530
4109103024,933
4109103025,1137
4109103026,738
4109103027,1334
4109103028,1713
4109103029,720
4109103030,841
4109103031,797
4109103032,2162
4109103033,1238
4109103034,1021
4109103035,1118
4109103036,1085
4109103037,1683
4109103038,1343
4109103039,835
4109103040,896
4109103041,1953
4109104001,897
4109104002,929
4109104003,1334
4109104004,852
4109104005,1359
4109104006,1461
4109104007,726
4109104008,733
4109104009,1675
4109104010,2736
4109104011,1302
4109104012,727
4109104013,886
4109104014,1329
4109104015,2157
4109104016,713
4109104017,857
4109104018,1404
4109104019,716
4109104020,938
4109104021,1139
4109104022,850
4109104023,1099
4109104024,1542
4109104025,1066
4109104026,1373
4109104027,1075
4109104028,744
4109104029,733
4109104030,1240
4109104031,847
4109104032,1407
4109104033,1169
4109104034,1902
4109104035,1486
4109104036,905
4109104037,1018
4109104038,727
4109104039,1024
4109104040,1133
4109104041,1578
4109104042,2140
4109104043,1735
4109104044,1616
4109104045,1359
4109104046,1664
4109104047,672
4109104048,746
4109104049,1324
4109104050,1640
4109104052,1550
4109104053,656
4109104054,1090
4109104055,1085
4109104056,933
4109104057,1451
4109104058,2689
4109104059,1723
4109104060,1853
4109104061,1835
4109104062,1690
4109104063,2324
4109104064,2066
4109104065,1225
4109104066,2127
4109104067,2246
4109104068,1763
4109105001,1455
4109105002,1008
4109105003,1569
4109105004,1148
4109105005,1349
4109105006,1181
4109105007,1022
4109105008,701
4109105009,1538
4109105010,1442
4109105011,885
4109105012,1021
4109105013,1081
4109105014,1799
4109105015,1424
4109105016,1322
4109105017,1105
4109105018,1172
4109105019,1012
4109105020,2430
4109105021,1495
4109105022,1578
4109105023,741
4109105024,1279
4109105025,1641
4109105027,1671
4109105029,894
4109105030,1353
4109105031,831
4109105032,1355
4109105033,764
4109105034,718
4109105035,1146
4109105036,1116
4109105037,1147
4109105038,869
4109105039,994
4109105040,1524
4109105041,2029
4109105042,1563
4109105043,1701
4109105044,677
4109105045,863
4109105046,1750
4109105047,1316
4109105048,1502
4109105049,2110
4109105050,1244
4109105051,2463
4109105052,1725
4109105053,573
4109105054,1588
4109105055,832
4109105056,2071
4109105057,1237
4109106001,1375
4109106002,1618
4109106003,966
4109106004,1128
4109106005,1150
4109106006,739
4109106007,1233
4109106008,1077
4109106009,1297
4109106010,661
4109106011,738
4109106012,2229
4109106013,1088
4109106014,936
4109106015,1375
4109106016,841
4109106017,2209
4109106018,1381
4109106019,1799
4109106020,1120
4109106021,661
4109106022,842
4109106023,870
4109106024,1192
4109106025,973
4109106026,701
4109106027,714
4109106028,1018
4109106029,1271
4109106030,1225
4109106031,1441
4109106032,712
4109106033,1272
4109106034,1237
4109106035,1131
4109106036,1047
4109106037,1420
4109106038,1194
4109106039,1358
4109106040,888
4109106041,979
4109106042,1214
4109106043,790
4109107001,1721
4109107002,890
4109107003,1735
4109107004,1453
4109107005,1652
4109107006,1408
4109107007,1071
4109107008,853
4109107009,1016
4109107010,1474
4109107011,2258
4109107012,1753
4109107013,1449
4109107014,1523
4109107015,1387
4109107016,734
4109107017,943
4109107018,1342
4109107019,1275
4109107020,1121
4109107021,1541
4109107022,1385
4109107023,1829
4109107024,1068
4109107025,2057
4109107026,2337
4109107027,1150
4109107028,1515
4109107029,1460
4109107030,1286
4109107031,1628
4109107032,1493
4109107033,1907
4109107034,1640
4109107035,1383
4109107036,1327
4109107037,1715
4109107038,1359
4109107039,1374
4109107040,1556
4109107041,1179
4109107042,1227
4109107043,1284
4109107044,1268
4109107045,1484
4109107046,2149
4109107047,1785
4109107048,1639
4109107049,1371
4109107050,1211
4109107051,1409
4109108001,1253
4109108002,1780
4109108003,1399
4109108004,672
4109108005,2204
4109108006,1165
4109108007,1547
4109108008,1756
4109108009,1185
4109108010,2068
4109108011,1448
4109108012,1000
4109108013,672
4109108014,1016
4109108015,1362
4109108016,1098
4109108017,914
4109108018,1467
4109108019,1443
4109108020,1757
4109108021,960
4109108022,918
4109108023,1145
4109108024,1173
4109108025,2239
4109108026,1113
4109108027,1117
4109108028,827
4109108029,949
4109108030,696
4109108031,1382
4109108032,1763
4109108033,1491
4109108034,990
4109108035,814
4109108036,2035
4109108037,896
4109108038,801
4109108039,1268
4109108041,1058
4109108042,1688
4109108043,885
4109108045,1087
4109108046,931
4109108047,803
4109108048,1239
4109108049,1089
4109108050,789
4109108051,673
4109108052,1205
4109109001,1535
4109109002,1021
4109109003,2184
4109109004,2289
4109109005,1634
4109109006,1504
4109109007,761
4109109008,1538
4109109009,749
4109109010,2358
4109109011,1424
4109109012,614
4109109013,850
4109109014,1556
4109109015,1698
4109109016,1953
4109109017,2174
4109109018,1711
4109109019,1795
4109109020,896
4109109021,1317
4109109022,1919
4109109023,1440
4109109024,1516
4109109025,2070
4109109026,1230
4109109027,1375
4109109028,2077
4109109029,2543
4109109030,1975
4109109031,1614
4109109032,1323
4109109033,2004
4109109034,1932
4109109035,1006
4109109036,2872
4109109037,2183
4109109038,1106
4109109039,838
4109109040,1042
4109109041,1714
4109109042,1115
4109109043,1304
4109109044,1796
4109109045,1080
4109109046,1749
4109109047,1067
4109109048,1720
4109109049,1445
4109109050,2037
4109109051,1948
4109109052,1456
4109109053,2277
4109109054,1762
4109109055,922
4109109056,1372
4109109057,1005
4109109058,1498
4109109059,1841
4109109060,2116
4109109061,1215
4109109062,1138
4109109063,959
4109109064,1007
4109109065,1274
4109109066,950
4109110001,1739
4109110002,1669
4109110003,1504
4109110004,1324
4109110005,1138
4109110006,1024
4109110007,869
4109110008,1672
4109110009,1621
4109110010,1354
4109110011,942
4109110012,1098
4109110013,715
4109110014,803
4109110015,665
4109110016,1771
4109110017,1504
4109110018,1828
4109110019,873
4109110020,1903
4109110021,2667
4109110022,1550
4109110023,2432
4109110024,2601
4109110025,2262
4109110026,3004
4109111001,1717
4109111002,1276
4109111003,901
4109111004,1045
4109111005,1160
4109111006,1858
4109111007,1807
4109111008,1260
4109111009,760
4109111010,1277
4109111011,1141
4109111012,2039
4109111013,1145
4109111014,1321
4109111015,1221
4109111016,1268
4109111017,1038
4109111018,1224
4109111019,1339
4109201002,1408
4109201003,1982
4109201004,1429
4109202001,1137
4109202002,1214
4109202003,2515
4109301001,1872
4109301002,1526
4109301003,1233
4109301004,1925
4109301005,1411
4109301006,2328
4109301007,1941
4109301008,1210
4109301009,1903
4109301010,2741
4109301011,1712
4109301012,2569
4109301013,2130
4109401001,2095
4109401002,2721
4109402001,1004
4109402002,1514
4109402003,1274
4109501001,1127
4109501002,1455
4109501003,1705
4109501004,1639
4109501005,1324
4109501006,1003
4109501007,1582
4109501008,1210
4109501009,1119
4109501010,1211
4109502001,1414
4109502002,1743
4109502003,2033
4109502004,924
4109502005,1496
4109503002,1449
4109503003,1250
4109503004,1479
4109503005,1946
4109503006,2241
4109503007,1592
4109504001,690
4109504002,1976
4109504003,808
4109505001,2131
4109505003,2401
4109505004,1801
4109505005,1153
4109505006,1282
4109505007,2280
4109505008,2673
4109505009,1561
4109505010,1330
4109505011,1409
4109601001,1884
4109601002,1966
4109601003,1714
4109601004,1222
4109601005,1144
4109701001,2160
4109702001,2246
4109801001,1606
4109801002,1741
4109801003,1462
4109801004,1515
4109901001,1586
4109902001,1126
4109902002,678
4109903001,1012
4109903002,633
4110001001,1257
4110101001,1421
4110101002,1973
4110101003,1881
4110101004,2502
4110201001,1164
4110201002,1776
4110201003,1711
4110201004,1445
4110201005,1289
4110202001,1963
4110203001,2012
4110203002,2711
4110203003,1622
4110203004,1281
4110203005,2145
4190101001,1538
4190101002,759
4190101003,991
4190201001,1446
4190201002,1306
4190201003,1659
4190201004,1519
4190301001,1040
4190301002,2386
4190301003,2279
4190301004,840
4190301005,2176
4200101001,346
4200301001,53
4200401001,1703
4200401002,1381
4200601001,198
4200701001,146
4200801001,63
4200901001,94
4201001001,26
4201101001,23
4201201001,44
4201301001,39
4201401001,75
4201501001,33
4201601001,19
4201701001,193
4201801001,172
4201901001,610
4202001001,1673
4202001002,2043
4202001003,2028
4202101001,88
4202201001,253
4202301001,71
4202401001,92
4202501001,858
4202501002,849
4202601001,33
4202701001,74
4202801001,78
4202901001,171
4203001001,113
4203101001,26
4203201001,162
4203301001,52
4203401001,36
4203501001,983
4203601001,50
4203701001,37
4203801001,38
4203901001,270
4204101001,36
4204201001,61
4204301001,2302
4204301002,1388
4204301003,1463
4204401001,63
4204501001,388
4204601001,54
4204801001,68
4204901001,135
4205001001,34
4205101001,22
4205201001,15
4205301001,27
4205401001,22
4205501001,193
4205601001,30
4205701001,201
4205801001,119
4205901001,22
4206001001,36
4206101001,335
4206201001,32
4206301001,58
4206401001,95
4206501001,25
4206801001,92
4206901001,1809
4207001001,42
4207101001,184
4207301001,82
4207501001,93
4207601001,246
4207801001,1225
4207901001,28
4208001001,173
4208101001,190
4208201001,7
4208301001,26
4208401001,26
4208501001,203
4208601001,42
4208701001,55
4208801001,79
4208901001,57
4209001001,99
4209201001,83
4209301001,54
4209401001,698
4209501001,2391
4209601001,355
4209701001,24
4209801001,12
4210001001,33
4210301001,786
4210501001,61
4210601001,16
4210701001,88
4210801001,13
4211001001,76
4211101001,325
4211301001,767
4211501001,82
4211601001,53
4211701001,181
4211801001,26
4211901001,229
4212001001,180
4212101001,72
4212301001,221
4212401001,69
4212501001,79
4212701001,40
4212801001,45
4212901001,846
4213001001,65
4213101001,58
4213201001,166
4213401001,1706
4213401002,2108
4213501001,84
4213901001,23
4214001001,17
4214101001,113
4214201001,76
4214401001,519
4214501001,142
4214801001,8
4214901001,530
4215101001,40
4215201001,100
4215301001,19
4215401001,98
4215501001,182
4215601001,32
4215701001,17
4215801001,134
4215901001,36
4216001001,302
4216101001,163
4216201001,1091
4216201002,949
4216201003,1027
4216301001,55
4216401001,2219
4216501001,588
4216601001,72
4216701001,314
4216801001,123
4217101001,146
4217201001,36
4217301001,1786
4217301002,1776
4217301003,1099
4217301004,1683
4217301005,1693
4217301006,2038
4217301007,1847
4217301008,869
4217302001,1023
4217302002,1278
4217302003,1742
4217302004,2187
4217302005,1736
4217302006,2637
4217302007,2762
4217302008,1036
4217302009,1487
4217302010,1984
4217302011,1554
4217302012,909
4217302013,1358
4217303001,1431
4217303002,1502
4217303003,2099
4217401001,184
4217501001,26
4217601001,30
4217701001,84
4217801001,143
4218101001,452
4218201001,54
4218301001,129
4218401001,72
4218501001,28
4218701001,77
4218801001,55
4218901001,65
4219001001,125
4219101001,202
4219201001,42
4219301001,19
4219401001,190
4219501001,124
4219601001,14
4219701001,83
4219801001,22
4220001001,90
4220101001,26
4220201001,27
4220401001,58
4220501001,99
4220601001,9
4220701001,52
4220801001,25
4220901001,162
4221101001,92
4221201001,80
4221301001,38
4221501001,945
4221601001,29
4221701001,39
4221801001,121
4221901001,52
4300101001,909
4300201001,2335
4300301001,458
4300401001,1734
4300401002,1767
4300401003,2340
4300401004,1729
4300402001,1311
4300402002,756
4300501001,2705
4300502001,2426
4300601001,940
4300701001,891
4300801001,395
4300901001,1859
4301001001,432
4301101001,1396
4301201001,1341
4301201002,1288
4301201003,2359
4301301001,2144
4301301002,1579
4301301003,3580
4301401001,765
4301401002,1545
4301402001,1052
4301402002,929
4301403001,1156
4301403002,1802
4301404001,1406
4301404002,1739
4301404003,2466
4301404004,2979
4301404005,3030
4301404006,2328
4301501001,105
4301601001,2581
4301601002,2934
4301701001,146
4301801001,474
4301901001,1654
4302001001,1856
4302001002,1201
4302101001,519
4302201001,1115
4302201002,860
4302301001,307
4302401001,2174
4302501001,703
4302601001,1247
4302701001,216
4302801001,1619
4302801002,1876
4302901001,413
4303001001,622
4303101001,2077
4303201001,630
4303301001,1100
4303401001,660
4303501001,326
4303601001,1115
4303701001,2730
4303701002,2738
4303701003,1713
4303702001,2385
4303702002,2214
4303702003,1130
4303703001,2387
4303703002,2379
4303703003,2441
4303703004,3148
4303704001,1068
4303801001,2331
4303801002,2776
4303801003,2853
4303801004,1225
4303801005,1865
4303801006,2044
4303802001,1945
4303802002,1848
4303802003,2463
4303802004,1372
4303802005,1785
4303802006,2986
4303802007,2474
4303802008,1304
4303802009,2510
4303802010,1520
4303901001,114
4304001001,411
4304101001,267
4304201001,1038
4304201002,1831
4304301001,2285
4304301002,1937
4304401001,2145
4304402001,2590
4304402002,1158
4304501001,172
4304601001,122
4304701001,2054
4304701002,1664
4304702001,2821
4304801001,1136
4304901001,954
4305001001,1768
4305001002,1712
4305101001,2381
4305101002,2476
4305101003,2404
4305101004,2107
4305101005,2621
4305201001,1250
4305301001,239
4305401001,2206
4305402001,1630
4305501001,1190
4305502001,1648
4305601001,1051
4305701001,40
4305801001,118
4305901001,345
4306001001,1328
4306001002,1376
4306002001,1091
4306101001,46
4306201001,405
4306301001,800
4306401001,1868
4306402001,1223
4306501001,559
4306601001,182
4306701001,819
4306801001,673
4306901001,243
4307001001,292
4307101001,1219
4307201001,110
4307301001,112
4307401001,2306
4307501001,108
4307601001,611
4307701001,619
4307801001,1106
4307901001,519
4308001001,288
4308101001,782
4308201001,534
4308301001,174
4308401001,774
4308501001,293
4308601001,671
4308601002,791
4308602001,1959
4308602002,2540
4308602003,1398
4308801001,2650
4308901001,369
4309001001,1418
4309101001,165
4309201001,1621
4309201002,1084
4309201003,1533
4309201004,1025
4309201005,1898
4309201006,1617
4309201007,1751
4309201008,1619
4309301001,1831
4309301002,2275
4309302001,1472
4309401001,1839
4309402001,1351
4309501001,2062
4309501002,1468
4309601001,157
4309701001,548
4309801001,453
4309901001,371
4310001001,1602
4310001002,1652
4310001003,1225
4310101001,154
4310201001,596
4310301001,1287
4310401001,1118
4310401002,2037
4310501001,214
4310601001,1076
4310701001,480
4310801001,2344
4310901001,2553
4310901002,867
4311001001,354
4311101001,1110
4311101002,1750
4311201001,361
4311301001,561
4311401001,461
4311501001,181
4311601001,626
4311701001,164
4311801001,685
4311901001,1083
4312001001,550
4312101001,858
4312201001,141
4312301001,1342
4312301002,1914
4312301003,1546
4312302001,927
4312302002,2176
4312302003,970
4312302004,1927
4312302006,2344
4312302007,1731
4312302008,1124
4312302009,992
4312302010,1914
4312302011,1106
4312302012,1344
4312302013,1158
4312302014,729
4312302015,918
4312303001,1319
4312303003,1208
4312303004,1388
4312303005,1734
4312303007,1942
4312303008,1707
4312303009,1405
4312303010,1661
4312303011,2449
4312303012,1404
4312303013,1291
4312304002,1382
4312304003,2140
4312304004,1692
4312304005,792
4312304007,1749
4312304008,1534
4312305001,1886
4312305002,2075
4312305003,1212
4312305004,1802
4312305005,1995
4312305007,1681
4312306001,1009
4312306002,1287
4312306003,2020
4312306004,1704
4312306005,2004
4312306006,2561
4312306007,1453
4312306008,1228
4312306009,1841
4312306011,1720
4312306012,1209
4312306013,901
4312307001,2391
4312307002,1732
4312307003,2401
4312307005,1815
4312308001,1237
4312308002,1394
4312308003,1527
4312308004,1211
4312308005,1315
4312308006,1943
4312308007,2677
4312309001,1503
4312309002,846
4312310001,2423
4312401001,601
4312501001,1195
4312601001,1678
4312701001,1142
4312801001,1254
4312901001,1458
4312902001,898
4312902002,2420
4312902003,1770
4313001001,256
4313101001,2590
4313101002,1758
4313101003,1974
4313201001,513
4313301001,1497
4313301002,1861
4313302001,2529
4313302002,2400
4313401001,394
4313501001,539
4313601001,2796
4313601002,1643
4313601003,1244
4313601004,2164
4313601005,1323
4313602001,776
4313602002,835
4313602003,1502
4313602004,1080
4313602005,1640
4313701001,2493
4313801001,2122
4313802001,1699
4313901001,1857
4313902001,1074
4314001001,1611
4314001002,1676
4314101001,123
4314201001,1595
4314301001,65
4314401001,1665
4314501001,2491
4314502001,1723
4314502002,1384
4314601001,53
4314701001,653
4314801001,1602
4314802001,1234
4314803001,1118
4314803002,1802
4314803003,2202
4314804001,1423
4314804002,750
4314804003,839
4314804004,1191
4314804005,1040
4314804006,1382
4314804007,895
4314804008,1523
4314804009,1740
4314804010,1249
4314804012,693
4314804014,1623
4314804015,911
4314804016,1707
4314805001,1028
4314805002,1169
4314805003,2001
4314805004,1269
4314805005,1752
4314805006,1250
4314805007,1067
4314805008,1580
4314806001,1598
4314806002,2561
4314806003,2275
4314806004,1055
4314806005,1402
4314806006,1094
4314806008,1583
4314806009,2008
4314806010,1411
4314806011,1548
4314806012,1465
4314806013,866
4314806015,1644
4314806016,2455
4314807001,1792
4314807002,2405
4314807003,2136
4314807004,2801
4314807005,1491
4314807006,1410
4314807007,1711
4314807008,2615
4314807010,1544
4314807011,1844
4314807012,1903
4314807013,2505
4314807014,962
4314807015,1429
4314807016,2595
4314807017,1893
4314807018,1789
4314807019,2809
4314807020,2908
4314807021,2065
4314807022,1472
4314808001,1951
4314808002,1346
4314808003,2283
4314808004,1150
4314808005,1530
4314808006,1944
4314808007,1576
4314808008,1508
4314808009,2913
4314808010,1665
4314808011,1358
4314808012,932
4314808013,1279
4314808014,1004
4314809001,1522
4314809002,1180
4314809003,1120
4314809004,1483
4314809008,974
4314809009,944
4314809010,1453
4314901001,876
4315001001,1760
4315101001,126
4315201001,676
4315301001,2454
4315301002,1266
4315301003,1741
4315301004,2086
4315301005,1774
4315301006,2859
4315301007,1880
4315301008,1415
4315401001,160
4315501001,1443
4315501002,709
4315501003,1169
4315501004,1964
4315501005,1442
4315501006,1127
4315501007,2793
4315502002,1842
4315502003,1625
4315502004,851
4315502005,1206
4315503001,1023
4315503002,1170
4315503003,1594
4315503004,1778
4315504001,1472
4315504002,1368
4315504003,1922
4315504004,879
4315504005,1503
4315504006,1386
4315504007,1023
4315504008,794
4315504009,1849
4315601001,2143
4315601002,2687
4315602001,2074
4315701001,412
4315801001,116
4315901001,99
4316001001,1670
4316101001,1014
4316102001,1034
4316103001,1945
4316104001,1216
4316104002,1651
4316104003,1697
4316105001,1909
4316105002,2374
4316105003,1292
4316106001,2270
4316106002,2183
4316106003,1627
4316106004,1305
4316106005,1748
4316106006,1305
4316201001,992
4316201002,1373
4316201003,2297
4316201004,1385
4316301001,1387
4316301002,1366
4316301003,1689
4316302001,1353
4316302002,2236
4316302003,2719
4316302004,2369
4316302005,2371
4316303001,1555
4316303002,2269
4316303003,1943
4316303004,1725
4316303005,1205
4316303006,1983
4316303007,1219
4316303008,2349
4316303009,1776
4316303010,892
4316303011,1359
4316303012,1859
4316303013,1095
4316401001,417
4316501001,805
4316601001,2229
4316701001,540
4316801001,126
4316901001,630
4317001001,1264
4317101001,2419
4317101002,2371
4317101003,1348
4317101004,946
4317101005,1509
4317101006,1542
4317101007,2239
4317101008,3146
4317101009,1688
4317101010,1518
4317101011,2457
4317101012,740
4317201001,487
4317301001,129
4317401001,202
4317501001,682
4317601001,964
4317701001,449
4317801001,1872
4390101001,2088
4390101002,2481
4390101003,1381
4390101004,2000
4390101005,1717
4390101006,2164
4390201001,1490
4390201002,2065
4390301001,2551
4390301002,963
4390401001,2577
4390401002,1799
4390501001,3065
4390501002,3027
4390501003,1402
4390501004,1883
4390501005,1314
4390501006,4382
4390501007,2880
4390501008,1881
4390501009,1263
4390501010,2175
4390501011,1853
4390501012,1433
4390601001,1902
4390601002,1577
4390701001,1526
4390701002,1523
4390701003,1235
4390701004,1523
4400101001,65
4400201001,41
4400301001,18
4400401001,605
4400501001,77
4400601001,314
4400701001,212
4400801001,709
4400801002,662
4400801003,654
4400901001,1059
4401001001,279
4401101001,72
4401201001,424
4401301001,1009
4401302001,924
4401303001,893
4401303002,1564
4401303003,886
4401303004,1610
4401303005,2605
4401304001,844
4401304002,1988
4401305001,1620
4401305002,2390
4401401001,1732
4401401002,1701
4401601001,587
4401701001,358
4401801001,21
4401901001,75
4402001001,19
4402101001,117
4402201001,638
4402301001,15
4402401001,24
4402501001,1847
4402501002,1946
4402501003,755
4402502001,1333
4402502002,1470
4402502003,797
4402601001,100
4402701001,208
4402801001,217
4402901001,775
4403101001,119
4403201001,19
4403301001,337
4403401001,154
4403501001,137
4403601001,28
4403701001,583
4403801001,120
4403901001,244
4404001001,247
4404101001,77
4404201001,152
4404301001,109
4404401001,114
4404501001,427
4404601001,62
4404701001,281
4404801001,70
4404901001,1076
4405001001,1726
4405001002,2086
4405001003,657
4405101001,1019
4405101002,1591
4405101003,1310
4405201001,88
4405301001,128
4405401001,137
4405501001,103
4405601001,684
4405901001,724
4406001001,41
4406101001,102
4406201001,37
4406301001,99
4406401001,82
4406501001,63
4406601001,128
4406701001,140
4406801001,830
4407001001,60
4407101001,754
4407401001,619
4407501001,399
4407601001,1180
4407601002,1638
4407701001,106
4408001001,374
4408201001,106
4408401001,61
4408501001,56
4408601001,601
4408701001,75
4408801001,45
4408901001,55
4409001001,103
4409201001,85
4409301001,145
4409401001,127
4409601001,194
4409701001,160
4409901001,981
4410001001,230
4410101001,64
4410201001,30
4410301001,168
4410501001,78
4410601001,201
4410701001,269
4410801001,468
4410901001,144
4411001001,62
4411101001,111
4411201001,531
4411301001,121
4411401001,299
4411501001,164
4411601001,110
4411701001,397
4411801001,206
4411901001,142
4412001001,248
4412101001,76
4412201001,724
4412201002,1039
4412301001,136
4412401001,81
4412501001,73
4412601001,462
4412701001,73
4412801001,82
4412901001,48
4413001001,37
4413101001,36
4413201001,78
4413301001,30
4413501001,129
4413601001,54
4413701001,274
4413801001,154
4414101001,169
4414201001,35
4414301001,526
4414401001,437
4414501001,1324
4414601001,268
4414701001,540
4414801001,117
4414901001,117
4415001001,34
4415101001,264
4415201001,63
4415301001,1459
4415301002,1177
4415401001,364
4415501001,1335
4415601001,55
4415701001,73
4415801001,1612
4415901001,60
4416001001,601
4416101001,638
4416301001,137
4416401001,30
4416501001,214
4416701001,42
4416801001,237
4416901001,421
4417101001,263
4417201001,422
4417301001,130
4417401001,539
4417501001,140
4417601001,184
4417701001,117
4417801001,58
4417901001,487
4418001001,69
4418101001,85
4418201001,253
4418301001,93
4418401001,46
4418501001,148
4418701001,234
4418901001,63
4419001001,81
4419101001,965
4419201001,521
4419301001,117
4419401001,142
4419501001,106
4419601001,165
4419701001,75
4419801001,227
4419901001,51
4420001001,41
4420101001,687
4420301001,10
4420401001,27
4420501001,861
4420601001,141
4420701001,179
4420801001,42
4420901001,1111
4421001001,1152
4421101001,39
4421201001,42
4421301001,76
4421501001,177
4421601001,1665
4421601002,1812
4421602001,1956
4421602002,2221
4421602003,1703
4421602004,1406
4421602005,1577
4421602006,2204
4421603001,1377
4421603002,1807
4421603003,1693
4421603004,1741
4421603005,1913
4421603006,2092
4421603007,2497
4421603008,1669
4421603009,1883
4421603010,2223
4421603011,332
4421604001,1904
4421701001,32
4421801001,28
4421901001,231
4422001001,170
4422101001,415
4422201001,142
4422301001,83
4422401001,28
4422501001,142
4422601001,197
4422701001,94
4422801001,126
4422901001,174
4423001001,208
4423101001,45
4423201001,509
4423401001,74
4423501001,120
4423601001,82
4423701001,494
4423801001,815
4423802001,711
4423802002,857
4423802003,811
4423901001,23
4424001001,198
4424101001,650
4424301001,40
4424401001,90
4424501001,315
4424601001,2337
4424701001,365
4424901001,50
4425001001,23
4425101001,314
4425201001,104
4425601001,52
4425701001,190
4425801001,75
4426001001,194
4426101001,886
4426201001,160
4426301001,522
4426401001,348
4426501001,274
4426601001,137
4426701001,78
4426801001,19
4500101001,1453
4500101002,883
4500201001,1697
4500201002,1812
4500301001,734
4500401001,710
4500501001,304
4500601001,997
4500602001,958
4500701001,875
4500801001,185
4500901001,627
4501001001,473
4501101001,336
4501201001,843
4501301001,1015
4501301002,1292
4501401001,2277
4501401002,1023
4501401003,1924
4501501001,798
4501601001,1927
4501601002,1874
4501601003,2099
4501701001,285
4501801001,725
4501901001,1940
4501901002,2056
4501901003,1174
4501901004,2495
4501901005,2337
4502001001,701
4502002001,997
4502101001,2122
4502102001,1439
4502201001,462
4502301001,1524
4502301002,1478
4502401001,1435
4502501001,1825
4502601001,278
4502701001,403
4502801001,1480
4502801002,1552
4502802001,1708
4502901001,235
4503001001,556
4503101001,1914
4503101002,1874
4503201001,553
4503301001,410
4503401001,761
4503401002,1080
4503501001,388
4503601001,790
4503701001,810
4503702001,1266
4503801001,1090
4503801002,1713
4503801003,1816
4503901001,304
4504001001,2037
4504101001,2040
4504101002,1912
4504101003,1402
4504201001,209
4504301001,957
4504501001,1832
4504601001,1662
4504602001,1945
4504701001,1578
4504701002,2076
4504801001,414
4504901001,520
4505001001,611
4505101001,2207
4505201001,1754
4505201002,2389
4505301001,994
4505301002,1873
4505301003,1408
4505302001,1201
4505302002,1542
4505303001,1986
4505303002,1512
4505401001,733
4505401002,629
4505402001,1305
4505403001,1306
4505403002,1617
4505501001,1490
4505601001,2073
4505601002,1713
4505701001,271
4505801001,474
4505901001,1522
4505901002,780
4506001001,238
4506101001,1876
4506101002,1473
4506201001,1478
4506301001,532
4506401001,1756
4506401002,2625
4506401003,1051
4506501001,275
4506601001,1447
4506601002,2141
4506601003,1479
4506602001,2041
4506602002,1718
4506602003,2306
4506701001,1371
4506702001,1805
4506801001,178
4506901001,2341
4507001001,1846
4507101001,1144
4507101002,1243
4507201001,839
4507301001,380
4507401001,426
4507501001,164
4507601001,741
4507701001,656
4507801001,753
4507801002,1064
4507901001,448
4508001001,3
4508101001,2403
4508101002,2474
4508101003,1099
4508101004,1057
4508101005,1927
4508102001,1392
4508102002,993
4508102003,1522
4508102004,1856
4508102005,1419
4508102006,2692
4508102007,2564
4508102008,1156
4508102009,1981
4508102010,1186
4508201001,844
4508201002,661
4508301001,652
4508401001,1740
4508401002,1158
4508501001,2365
4508601001,648
4508701001,875
4508701002,1913
4508702001,1569
4508702002,1458
4508703001,1413
4508703002,834
4508703003,1362
4508703004,1546
4508801001,1339
4508801002,1901
4508901001,1911
4509001001,402
4509101001,498
4509201001,297
4509301001,161
4509401001,495
4509501001,964
4509601001,1282
4509701001,1320
4509801001,750
4509801002,739
4509802001,1449
4509901001,2656
4509901002,2320
4510001001,225
4510101001,1161
4510101002,1583
4510102001,1389
4510102002,1110
4510201001,1781
4510201002,1608
4510201003,1453
4510301001,457
4510401001,545
4510501001,445
4510601001,1220
4510601002,772
4510602001,1217
4510602002,915
4510603001,2017
4510603002,1723
4510604001,981
4510604002,1470
4510701001,1863
4510701002,777
4510701003,1746
4510801001,594
4510901001,1579
4510902001,1049
4510902002,1344
4511001001,991
4511002001,1164
4511101001,70
4511201001,1752
4511202001,1083
4511301001,780
4511301002,814
4511302001,832
4511401001,672
4511501001,1482
4511502001,2107
4511601001,949
4511701001,986
4511801001,1411
4511801002,1335
4511901001,2539
4511901002,2262
4512001001,153
4512101001,1751
4512102001,1099
4512102002,2451
4512103001,2734
4512103002,3058
4512201001,1764
4512201002,1665
4512201003,2447
4512201004,1276
4512301001,1929
4512301002,2117
4512401001,937
4512402001,1790
4512501001,1622
4512502001,1196
4512601001,388
4512701001,825
4512801001,1480
4512801002,1944
4512901001,158
4513001001,374
4513101001,349
4513201001,1639
4513201002,1004
4513301001,1766
4513302001,2186
4513401001,2210
4513501001,1160
4513501002,2105
4513502001,954
4513502002,1434
4513601001,1708
4513601002,1567
4513602001,2019
4513603001,1483
4513603002,1402
4513701001,1266
4513702001,1086
4513801001,1340
4513901001,202
4514001001,1639
4514101001,1145
4514201001,1613
4514201002,1696
4514202001,1699
4514202002,1095
4514202003,2580
4514203001,1427
4514203002,1877
4514301001,1594
4514401001,1011
4514501001,2244
4514501002,2002
4514601001,114
4514701001,787
4514801001,330
4514901001,666
4515001001,508
4515101001,822
4515201001,771
4515301001,1225
4515302001,735
4515401001,1850
4515501001,437
4515601001,1466
4515602001,1375
4515602002,1697
4515701001,940
4515701002,2058
4515801001,1355
4515802001,1971
4515901001,104
4516001001,1302
4516101001,1529
4516101002,1650
4516101003,2274
4516101004,1468
4516101005,1879
4516101006,1879
4516101007,3039
4516101008,1981
4516101009,1891
4516101010,3531
4516201001,762
4516301001,922
4516301002,1259
4516301003,990
4516301004,1047
4516302001,2143
4516302002,1263
4516302003,1660
4516302004,2153
4516401001,201
4516501001,2060
4516501002,2167
4516501003,1168
4516501004,1405
4516501005,1815
4516501006,1546
4516501007,1526
4516501008,1711
4516502001,1023
4516502002,1065
4516502003,1966
4516502004,1218
4516502005,1041
4516502006,1170
4516502007,1289
4516502008,1201
4516502009,1172
4516502010,1291
4516502011,1152
4516502012,1308
4516502013,1116
4516502014,1319
4516502015,2449
4516502016,1711
4516502017,1323
4516502018,1170
4516502019,1247
4516502020,1016
4516503001,1574
4516503002,1447
4516503003,1145
4516503004,1380
4516503005,1596
4516503006,974
4516503007,1125
4516503008,2036
4516503009,1444
4516503010,2062
4516503011,1102
4516503012,1371
4516503013,1896
4516503014,1116
4516503015,1192
4516503016,1729
4516503017,1372
4516503018,1168
4516503019,1057
4516503020,2158
4516503021,1099
4516503022,1433
4516503023,1066
4516503024,1198
4516504001,1692
4516504002,1806
4516504003,1337
4516504004,1290
4516504005,1558
4516504006,1255
4516504007,954
4516504008,2062
4516504009,1440
4516601001,1203
4516602001,976
4516701001,2039
4516801001,1295
4516801002,823
4516802001,766
4516802002,799
4516802003,798
4516803001,1095
4516803002,933
4516803003,1000
4516804001,833
4516804002,1439
4516804004,795
4516805001,1430
4516805002,1173
4516805003,985
4516805004,1505
4516805005,1192
4516805006,1365
4516805007,1282
4516805008,1123
4516805009,790
4516805010,1755
4516805011,1686
4516805012,1281
4516805014,1602
4516805015,1999
4516805016,1814
4516805017,1177
4516805018,1196
4516805019,1155
4516805020,845
4516805021,1494
4516805022,1476
4516805023,1383
4516805024,1579
4516805025,1111
4516805026,1100
4516805027,2844
4516805028,2373
4516806001,1226
4516806002,1687
4516806003,2365
4516807001,1336
4516807002,1454
4516807003,1519
4516807004,1783
4516807005,829
4516807006,2497
4516807007,1918
4516807008,1617
4516807009,1226
4516807010,2019
4516807011,835
4516807012,719
4516807013,1400
4516807014,1259
4516807015,875
4516807016,1616
4516807017,1069
4516807018,1605
4516807019,2201
4516807020,988
4516901001,254
4517001001,260
4517101001,1763
4517201001,811
4517301001,1217
4517301002,2394
4517301003,2138
4517301004,1063
4517302001,1999
4517302002,1346
4517302003,1550
4517302004,1534
4517401001,396
4517501001,850
4517601001,1457
4517601002,1459
4517601003,1236
4517601004,1205
4517701001,1416
4517702001,1504
4517901001,673
4518001001,2156
4518002001,2022
4518101001,2116
4518102001,783
4518201001,628
4518202001,561
4518301001,1914
4518301002,1475
4518401001,258
4518501001,829
4518501002,1504
4518501003,1530
4518501004,1567
4518501005,866
4518502001,775
4518502002,1650
4518503001,1368
4518601001,1320
4518601002,649
4518602001,1188
4518602002,805
4518701001,1408
4518701002,1660
4518701003,1056
4518702001,1135
4518801001,2045
4518801002,1918
4518901001,894
4519001001,565
4519101001,692
4519201001,1749
4519202001,1804
4519301001,787
4519401001,76
4519501001,1353
4519502001,1363
4519601001,1844
4519701001,1077
4519701002,1510
4519801001,1522
4519802001,1084
4519901001,2460
4519901002,1801
4520001001,796
4520001002,1074
4520001003,1060
4520002001,982
4520002002,1262
4520002003,984
4520101001,1611
4520101002,2047
4520101003,1451
4520201001,2215
4520201002,604
4520202001,857
4520202002,1394
4520301001,1417
4520301002,2183
4520401001,866
4520501001,1775
4520501002,2480
4520501003,1590
4520501004,2326
4520501005,1100
4520501006,1295
4590101001,1050
4600101001,1179
4600201001,1411
4600301001,1175
4600401001,2435
4600501001,1208
4600501002,1136
4600501003,1394
4600501004,1113
4600501005,1165
4600501006,1369
4600501007,782
4600501008,817
4600501010,2022
4600502001,1989
4600502002,1740
4600502003,1446
4600502004,2483
4600502005,1610
4600502006,1027
4600502007,1168
4600503001,1037
4600503002,1246
4600503003,1251
4600503004,1789
4600503005,2172
4600601001,684
4600601002,778
4600601003,735
4600601004,1015
4600601005,906
4600601006,806
4600601007,1107
4600701001,1668
4600701002,1194
4600701003,931
4600701004,961
4600701005,1308
4600701006,1015
4600701007,932
4600702001,1534
4600702002,1055
4600702003,1124
4600702004,1438
4600702005,677
4600703001,1126
4600704001,972
4600801001,1851
4600801002,1634
4600901001,1052
4600901002,1153
4600901003,1732
4601001001,1163
4601101001,780
4601101002,1067
4601101003,1540
4601101004,1244
4601101005,1737
4601101006,2584
4601101007,1874
4601201001,1185
4601301001,1340
4601301002,1128
4601301003,1550
4601301004,2330
4601301005,1824
4601301006,1673
4601301007,2265
4601301008,1007
4601301009,1695
4601301010,2550
4601301011,1882
4601301012,2481
4601301014,1847
4601401001,1781
4601401002,2139
4601501001,1325
4601501002,1099
4601501003,1508
4601501004,1823
4601501005,1808
4601501006,1964
4601601001,1350
4601701001,1196
4601701002,1402
4601701003,1138
4601702001,1291
4601702002,1249
4601702003,1330
4601702004,1104
4601702005,933
4601702006,1671
4601702007,1895
4601702008,2257
4601702009,974
4601703001,799
4601703002,1516
4601703003,1167
4601703004,989
4601704001,1511
4601704002,1248
4601704003,1858
4601704004,1231
4601704005,1232
4601704006,1061
4601704007,1136
4601704008,1771
4601704009,1106
4601704010,1574
4601704011,2046
4601704012,1229
4601704013,2017
4601705001,895
4601705002,2387
4601705003,1305
4601801001,750
4601901001,1284
4601901002,1298
4601901003,1165
4601902001,1475
4601902002,1480
4601902003,1613
4601902004,1220
4601902005,1071
4601902006,1009
4602001001,2439
4602001002,1256
4602001003,1536
4602101001,2031
4602101002,2145
4602101003,923
4602101004,1643
4602101005,1703
4602101006,1575
4602101007,1770
4602101008,1485
4602101009,2098
4602101010,1924
4602101011,950
4602101012,2080
4602101013,2269
4602101014,1906
4602101015,1136
4602101016,1799
4602101017,1219
4602101018,937
4602101019,1407
4602201001,1521
4602201002,1264
4602201003,788
4602201004,1929
4602201005,1790
4602201006,1260
4602201007,945
4602201008,792
4602201009,973
4602201010,923
4602201011,834
4602201012,1281
4602201014,2297
4602201015,830
4602201016,1594
4602201017,746
4602201018,1538
4602301001,438
4602401001,545
4602501001,1460
4602501002,1759
4602601001,1553
4602701001,1252
4602801001,495
4602901001,1154
4602901004,1585
4602902001,728
4602902002,717
4602902003,803
4602902004,1115
4602902005,608
4602903001,663
4602903002,1239
4602903003,915
4602903004,1012
4602903005,1271
4602903006,1767
4602903007,826
4602903008,1277
4602903009,1502
4602903010,1566
4602904001,701
4602904002,956
4602904003,801
4602904004,1061
4602904005,987
4602904006,1280
4602904007,1280
4602905001,1994
4603001001,1043
4603101001,1450
4603101002,1726
4603102001,1138
4603102002,1512
4603102003,2353
4603103001,1023
4603103002,2365
4603103003,1493
4603201001,1431
4603201002,2055
4603201003,1861
4603201004,1946
4603301001,289
4603401001,2300
4603501001,2516
4603501002,1987
4603501003,1714
4603501004,2527
4603601001,695
4603701001,1521
4603801001,364
4603901001,1403
4603901002,1252
4604001001,1343
4604101001,386
4604201001,2034
4604201002,2623
4604301001,166
4604401001,1492
4604401002,1505
4604401003,1305
4604401004,1057
4604501001,1606
4604601001,1317
4604701001,694
4604801001,2444
4604801002,2268
4604901001,325
4605001001,212
4605101001,1384
4605102001,2037
4605102002,1775
4605102003,1758
4605103001,2136
4605103002,739
4605103003,1186
4605201001,632
4605301001,686
4605401001,2134
4605401002,1712
4605401003,860
4605401004,993
4605401005,1434
4605401006,2084
4605401007,1387
4605401008,1310
4605401009,1412
4605401010,1203
4605501001,1815
4605601001,250
4605701001,628
4605801001,2229
4605901001,1616
4606001001,1152
4606001002,1155
4606001003,1228
4606001004,953
4606001005,1550
4606001006,1413
4606001007,1158
4606001008,1642
4606001009,1568
4606101001,451
4606201001,2269
4606201002,1984
4606201003,1930
4606301001,2254
4606401001,668
4606501001,1956
4606601001,1639
4606701001,2287
4606801001,434
4606901001,195
4607001001,1272
4607001002,1477
4607001003,1927
4607001004,2176
4607002001,1653
4607002002,1903
4607002003,1470
4607002004,1552
4607002005,1506
4607002006,3219
4607002007,1612
4607002008,816
4607002009,1263
4607101001,532
4607201002,1496
4607201003,1634
4607201004,1205
4607301001,1369
4607401001,1989
4607401002,1518
4607501001,175
4607601001,756
4607701001,1054
4607701002,940
4607701003,1263
4607701004,1673
4607701005,1355
4607701006,1441
4607701007,2109
4607801001,1029
4607801002,1677
4607801003,1514
4607801004,1837
4607801005,774
4607801006,1790
4607801007,1435
4607801008,1079
4607801009,1678
4607801010,1082
4607802001,1285
4607802002,1388
4607802003,1681
4607802004,1973
4607802005,1814
4607802006,1968
4607802007,1267
4607802008,1470
4607802009,2186
4607802010,1236
4607802011,1807
4607802012,860
4607802013,1075
4607802014,1521
4607802015,1406
4607802016,809
4607901001,417
4608001001,1319
4608101001,1573
4608101002,1334
4608101003,1820
4608101004,2238
4608101005,1191
4608101006,1046
4608101007,2243
4608101008,1915
4608201001,1650
4608201002,958
4608201003,1096
4608201004,1084
4608201005,1508
4608301001,1136
4608301002,1371
4608301003,1232
4608302001,1298
4608302002,1240
4608302003,2136
4608303001,659
4608303002,1040
4608303003,1419
4608304001,1511
4608304002,1306
4608304003,1163
4608304004,1325
4608304005,1350
4608304006,824
4608304007,1603
4608401001,1952
4608501001,1495
4608501002,1630
4608501003,2478
4608501004,1224
4608501005,1810
4608501006,1102
4608501007,1321
4608501008,1117
4608501009,1300
4608501010,1874
4608601001,99
4608701001,149
4608801001,195
4608901001,869
4608901002,1960
4609001001,2302
4609101001,146
4609201001,282
4609301001,1857
4609301002,897
4609401001,1327
4609401002,1065
4609401003,899
4609401004,1391
4609401005,1230
4609401006,1141
4609401007,1203
4609401008,1040
4609401009,1570
4609401010,1334
4609401011,1122
4609401012,1170
4609401013,2403
4609401014,1207
4609401015,1476
4609401016,1707
4609401017,2329
4609401018,1408
4609401019,2456
4609501001,728
4609601001,386
4609701001,1050
4609801001,1297
4609801002,1015
4609801003,919
4609901001,1012
4610001001,365
4610101001,1083
4610201001,1557
4610201002,1437
4610201003,1374
4610201004,1345
4610201005,987
4610201006,854
4610201007,1316
4610201008,1082
4610201009,1381
4610201010,643
4610201011,1045
4610201012,1347
4610201013,1435
4610201014,971
4610201015,929
4610201016,1478
4610201018,998
4610201019,1306
4610201020,1327
4610201021,1027
4610201022,1105
4610301001,1538
4610401001,1666
4610401002,736
4610501001,684
4610501003,1308
4610502001,1536
4610502002,1340
4610502003,1000
4610503001,1549
4610504001,1894
4610504002,933
4610504003,961
4610505001,1712
4610505002,1686
4610505003,2612
4610505004,1484
4610506001,1671
4610506002,2091
4610601001,838
4610601003,625
4610701001,1176
4610701002,1507
4610801001,536
4610901001,1441
4610901002,1133
4610901003,1431
4610902001,1772
4610902002,1514
4610903001,1227
4611001001,895
4611001003,928
4611001005,1951
4611001006,1176
4611001007,839
4611001008,1584
4611001009,1381
4611001010,933
4611001011,2048
4611001012,1487
4611001013,1332
4611001015,764
4611001016,943
4611001017,1022
4611001018,740
4611001019,1849
4611001020,2068
4611001021,1786
4611001022,2431
4611001023,1272
4611001024,1880
4611101001,1521
4611101002,1557
4611101003,2757
4611101004,1697
4611101005,1994
4611101006,1046
4611101007,2149
4611101008,2308
4611201001,664
4611301001,1405
4611301002,1657
4611401001,698
4611501001,418
4611601001,1757
4611601002,1937
4611601003,2522
4611601004,2343
4611601005,2066
4611601006,1104
4611601007,2433
4611601008,968
4611601009,1593
4611601010,778
4611701001,684
4611801001,1911
4611801002,1784
4611801003,1596
4611901001,977
4612001001,1387
4612101001,124
4612201001,1863
4612201002,1693
4612301001,2430
4612401001,993
4612501001,1034
4612601001,2055
4612601002,1180
4612601003,1340
4612601004,1256
4612601005,1263
4612701001,2351
4612701002,1445
4612801001,1126
4612801002,1046
4612901001,705
4613001001,1125
4613101001,1223
4613101003,1588
4613102001,2429
4613102002,1509
4613102003,1221
4613102004,1546
4613102005,1178
4613102006,1708
4613102007,3114
4613102008,1365
4613102009,2145
4613102010,1524
4613102011,1520
4613102012,1668
4613102013,2183
4613102014,2161
4613102015,1682
4613103001,1035
4613103002,1742
4613103003,1407
4613103004,1649
4613104001,2251
4613104002,2902
4613104003,3008
4613104004,1633
4613104005,1965
4613104006,1936
4613105001,1171
4613105002,1217
4613105003,958
4613105004,1620
4613105005,1404
4613105006,1276
4613105007,1286
4613105008,1219
4613105009,859
4613105010,1684
4613106001,1914
4613106002,1480
4613106003,1695
4613106004,2284
4613106005,2152
4613107001,1669
4613107002,2033
4613107003,1284
4613201001,1370
4613201002,1462
4613301001,640
4613401001,2373
4613401002,954
4613501001,1721
4613502001,1763
4613502002,2460
4613503001,2185
4613503002,1043
4613504001,2228
4613504002,1725
4613601001,1363
4613601002,2045
4613701001,337
4613801001,460
4613901001,925
4613901002,1979
4613901003,1881
4613901004,1143
4614001001,487
4614101001,504
4614201001,927
4614301001,1953
4614301002,2569
4614301003,1385
4614401001,805
4614501002,1669
4614501003,1052
4614502001,832
4614502002,843
4614502003,788
4614503001,1457
4614503002,1154
4614503003,1758
4614503004,988
4614503005,2325
4614504001,2329
4614504002,1897
4614504003,1035
4614504004,1794
4614504005,1481
4614504006,1320
4614505001,1654
4614505002,2044
4614505003,1180
4614505004,1743
4614601001,2246
4614701001,1367
4614701002,1787
4614702001,1594
4614702002,1151
4614702003,1550
4614702004,879
4614702005,1621
4614702006,1362
4614702007,934
4614702008,2442
4614702009,947
4614702010,1543
4614702011,1746
4614702012,2450
4614702013,1888
4614801001,1879
4614901001,510
4615001001,811
4615001002,761
4615001003,880
4615101001,927
4615201001,133
4615301001,546
4615401001,1035
4615501001,1274
4615601001,1308
4615601002,1479
4615701001,1920
4615701002,1690
4615801001,1262
4615901001,1251
4615901002,1605
4615901003,1814
4615901004,2126
4615902001,909
4615902002,879
4615902003,1254
4615902004,1661
4615902005,1739
4615902006,804
4615902007,1238
4615902008,1645
4615903001,957
4615903002,805
4615903003,2379
4615903004,1614
4615903005,1243
4615903006,1491
4615903007,782
4615903008,2631
4615903009,2007
4616001001,1748
4616001002,795
4616101001,1872
4616201001,1617
4616301001,2475
4616401001,2343
4616401002,1901
4616401003,1230
4616401004,1566
4616401005,1579
4616401006,2704
4616401007,2260
4616401008,1981
4616501001,1163
4616501002,952
4616501003,1522
4616501004,1725
4616501005,1505
4616501006,860
4616501007,1422
4616601001,1701
4616601002,1969
4616601003,1903
4616601004,1989
4616601005,1073
4616601006,1977
4616701001,395
4616801001,1776
4616801002,795
4616901001,1467
4616901002,1524
4616901003,1588
4616901004,1772
4616901005,1450
4616901006,1156
4616901007,1315
4616901008,1283
4616901009,1230
4616901010,1227
4616901011,1537
4616901012,1513
4616901013,1256
4616901014,1227
4616901015,1052
4616901016,1126
4616901017,1272
4616901018,1802
4616901019,2087
4616901020,844
4616901021,1548
4616901022,1344
4616901023,1270
4616901024,997
4616901025,891
4616901026,990
4616901027,1040
4616901028,1215
4616901029,1440
4616901030,1471
4616901031,1269
4616901032,2078
4617001001,1012
4617001002,1176
4617001003,1059
4617001004,1372
4617101001,1254
4617101002,2038
4617101003,1473
4617101004,1794
4617101005,819
4617101006,1236
4617101007,1110
4617102001,1236
4617102002,946
4617102003,1113
4617102004,1159
4617102005,1015
4617102006,2044
4617102007,1134
4617102008,1251
4617102009,846
4617102010,1438
4617201001,2275
4617201002,2121
4617201003,2806
4617301001,1708
4617401001,1278
4617501001,644
4617601001,2857
4617701001,2537
4617701002,1075
4617701003,2714
4617801001,2136
4617801002,2153
4617801003,1840
4617901001,1437
4617901002,1732
4618001001,876
4618101001,1684
4618101002,943
4618101003,2099
4618101004,873
4618101005,3387
4618101006,2852
4618102001,1253
4618102002,839
4618102003,1331
4618102004,2276
4618102005,1407
4618102006,1756
4618102007,1880
4618103001,1299
4618104001,1507
4618104002,1396
4618201001,1628
4618301001,1394
4618301002,1264
4618301003,2413
4618301004,1961
4618301005,1347
4618401001,752
4618401002,1523
4618401003,1753
4618401004,1302
4618401005,2038
4618401006,947
4618401007,864
4618401008,993
4618402001,935
4618402003,1408
4618402005,1783
4618402006,1705
4618402007,1535
4618402008,704
4618403001,1068
4618403002,1039
4618403003,1333
4618403004,1805
4618403005,1102
4618403006,1217
4618403007,1697
4618403008,1448
4618403009,1774
4618403010,1299
4618403011,1773
4618403012,1623
4618403013,760
4618501001,462
4618601001,1879
4618601002,2027
4618601003,1769
4618601004,1906
4618601005,2229
4618601006,1293
4618601007,1278
4618601008,2201
4618601009,1959
4618601010,1809
4618601011,2101
4618601012,2575
4618601013,604
4618601014,1180
4618701001,1687
4618801001,998
4618901001,584
4619001001,1109
4619001002,1065
4619001003,1206
4619001004,833
4619001005,1171
4619001006,868
4619001007,1200
4619001008,1778
4619001009,1056
4619001010,1230
4619001011,1080
4619001012,1396
4619001013,1430
4619001014,1181
4619001015,1696
4619001016,1728
4619001017,2138
4619001018,1052
4619001019,1152
4619001020,927
4619001021,1480
4619001022,1594
4619001023,800
4619001024,1724
4619001025,1120
4619001026,1017
4619001027,645
4619001028,1916
4619001030,2328
4619001031,1337
4619001032,2557
4619001033,1440
4619001034,1675
4619001035,1840
4619001036,2089
4619001037,1850
4619001038,1147
4619001039,1737
4619001040,1333
4619001041,1751
4619001042,1633
4619001043,2493
4619001044,1645
4619001045,1074
4619001046,1276
4619001047,788
4619001048,1571
4619101001,2932
4619201001,982
4619301001,1462
4619301002,1429
4619301003,975
4619301004,829
4619301005,2120
4619301006,1806
4619301007,2488
4619401001,1658
4619401002,1769
4619401003,1517
4619401004,1037
4619401005,1068
4619401006,969
4619401007,1974
4619401008,1212
4619401009,1884
4619401010,1377
4619401011,1418
4619401012,1860
4619401013,1602
4619401014,1048
4619501001,2701
4619601001,171
4619701001,2546
4619801001,987
4619901001,1620
4619901002,1516
4619901003,1847
4619901004,1354
4619901005,1453
4620001001,924
4620001002,1586
4620101001,71
4620201001,2416
4620201002,2601
4620201003,1810
4620201004,1972
4620201005,2180
4620201006,2405
4620201007,2697
4620201008,1660
4620201009,2555
4620201010,2434
4620301001,1278
4620301002,1939
4620301003,1307
4620401001,2359
4620401002,2452
4620402001,1968
4620402002,2104
4620501001,2091
4620501002,1116
4620501003,1519
4620501004,1321
4620501005,1876
4620501006,2084
4620501007,1646
4620501008,1093
4620501009,2294
4620501010,1270
4620501011,1795
4620501012,1236
4620601001,709
4620701001,2531
4620701002,1626
4620701003,2744
4620701004,1925
4620801001,1404
4620901001,1112
4620901002,1314
4621001001,428
4621101001,2271
4621201001,2321
4621301001,2323
4621301002,2505
4621301003,793
4621302002,1535
4621302003,1889
4621302004,1307
4621302005,1473
4621302006,1970
4621302007,2758
4621303001,1867
4621303002,822
4621303003,708
4621304001,951
4621401001,1692
4621401002,933
4621402001,2515
4621402002,2235
4621402003,2020
4621402004,1993
4621402005,1993
4621403001,1954
4621403002,2175
4621403003,2297
4621403004,1692
4621501001,1835
4621601001,2231
4621601002,2655
4621601003,1933
4621701001,1137
4621801001,1262
4621901001,179
4622001001,989
4622003001,1091
4622003002,990
4622003003,992
4622003004,2063
4622003005,1088
4622003006,1142
4622003007,1274
4622003008,831
4622003009,546
4622003011,1366
4622003012,846
4622003013,1818
4622003014,1159
4622003015,1080
4622004001,1147
4622004002,1381
4622005001,1624
4622005002,1773
4622006001,2232
4622006002,2306
4622006003,3464
4622006004,2257
4622006005,1472
4622006006,2141
4622006007,1997
4622006008,1500
4622007001,994
4622007002,3123
4622007003,3110
4622007004,2992
4622007005,1239
4622007006,2932
4622007007,2679
4622007008,3620
4622007009,2313
4622008001,1432
4622101001,438
4622201001,486
4622301001,1013
4622301002,1991
4622301003,1259
4622301004,2470
4622301005,1635
4622301006,1815
4622401001,184
4622501001,397
4622601001,44
4622701001,1174
4622801001,2382
4622801002,851
4622901001,1322
4623001001,1029
4623001002,1362
4623001003,672
4623001004,1479
4623001005,1595
4623001006,815
4623001007,2072
4623001008,2379
4623001009,1185
4623001010,1518
4623001011,1309
4623001012,1321
4623001013,1908
4623101001,1766
4623101002,1747
4623201001,1150
4623301001,2110
4623301002,1322
4623301003,1500
4623401001,374
4623501001,2027
4623501002,1863
4623501003,1414
4623501004,2514
4623502001,1456
4623502002,2221
4623502003,2508
4623502004,1247
4623503001,1365
4623503002,799
4623503003,1719
4623503004,2250
4623504001,1187
4623504002,976
4623504003,2409
4623504004,2356
4623601001,1223
4623701001,1205
4623701002,868
4623701003,1126
4623701004,1327
4623701005,992
4623701006,763
4623701007,1288
4623701008,1041
4623701009,678
4623801001,1027
4623801002,737
4623801003,655
4623801004,774
4623801005,1881
4623802001,1209
4623802002,836
4623802003,975
4623803001,1844
4623803002,1109
4623803003,956
4623803004,2320
4623803005,1982
4623803006,1517
4623901001,620
4624001001,283
4624101001,502
4624201001,429
4624301001,158
4624401001,1362
4624401002,785
4624401003,2097
4624401004,832
4624401005,1066
4624401006,1008
4624401007,1281
4624401008,1540
4624401010,2147
4624401011,2238
4624401012,1869
4624401013,1859
4624401014,840
4624402001,2334
4624402002,1693
4624402004,1260
4624402005,1112
4624402006,1370
4624402007,1511
4624403001,1735
4624403002,1631
4624403003,1119
4624403004,1664
4624403005,1827
4624403006,860
4624403007,1765
4624403008,1657
4624403009,1260
4624403010,1197
4624403011,1299
4624403012,1104
4624403013,2036
4624403014,1556
4624403015,1135
4624403016,2035
4624403017,1089
4624403018,1650
4624403019,2217
4624403020,1511
4624403021,1728
4624403023,1188
4624403024,904
4624403025,1532
4624403026,1202
4624403027,1156
4624404001,1377
4624404002,2112
4624404003,1666
4624404004,1699
4624404005,1593
4624404006,2376
4624404007,825
4624404008,884
4624404009,1758
4624501001,630
4624601001,1268
4624701001,1157
4624801001,2071
4624801002,1004
4624802001,1764
4624802002,1749
4624901001,1190
4624901002,820
4624902001,1694
4624902002,1369
4624902003,1807
4624903001,1197
4624903002,1423
4624903003,1328
4624904002,1254
4625001001,808
4625001002,1005
4625001003,1037
4625001005,1092
4625001007,739
4625001008,1021
4625001009,1011
4625001010,1069
4625001011,1433
4625001012,801
4625001013,704
4625001014,889
4625001017,743
4625001018,788
4625001019,2029
4625001022,1514
4625001023,890
4625001024,1065
4625001025,1016
4625001026,1335
4625001028,892
4625001030,828
4625001031,761
4625001032,1205
4625001034,1517
4625002001,970
4625002003,898
4625002004,1447
4625002006,1338
4625002008,1201
4625002009,1084
4625002010,998
4625002013,1277
4625002014,777
4625002015,1153
4625002016,1453
4625002018,691
4625002019,1196
4625002020,977
4625002021,814
4625002022,1214
4625002023,1210
4625002024,679
4625002025,801
4625002026,965
4625002030,882
4625002031,1065
4625002032,890
4625002033,1471
4625002035,1053
4625002036,746
4625002037,1305
4625002039,630
4625002040,847
4625002041,766
4625002042,1039
4625002043,667
4625002044,701
4625002045,1342
4625002046,910
4625002047,741
4625002050,1119
4625002051,1252
4625002053,873
4625002054,723
4625002055,1272
4625002057,939
4625003001,795
4625003002,1556
4625003004,1727
4625003007,1162
4625003008,1272
4625003010,1683
4625003013,1082
4625003014,625
4625003015,982
4625003017,1353
4625003018,821
4625003019,1179
4625003020,1416
4625003021,1354
4625003023,1359
4625003025,1000
4625003026,1216
4625003027,638
4625003028,1820
4625003029,866
4625003030,1066
4625003032,891
4625003033,925
4625003034,1309
4625003035,1615
4625003036,1478
4625003037,1148
4625003038,714
4625003040,953
4625003041,1854
4625003044,1423
4625003046,1640
4625003047,1551
4625003048,1792
4625003049,1076
4625003050,1266
4625003052,1909
4625003053,911
4625003055,821
4625004001,1297
4625004002,730
4625004003,1460
4625004004,905
4625004005,1237
4625004006,1485
4625004007,1368
4625004008,856
4625004009,1010
4625004010,1099
4625004011,881
4625004012,1525
4625004014,901
4625004015,1149
4625004016,1288
4625004017,1216
4625004018,1800
4625004019,2413
4625004020,1358
4625004021,2017
4625004022,1214
4625004023,965
4625004024,2158
4625004025,2437
4625004026,1549
4625004027,1315
4625004028,1237
4625005001,1140
4625005002,793
4625005003,801
4625005004,1403
4625005005,1273
4625005006,1205
4625005007,998
4625005008,1891
4625005009,1015
4625005010,893
4625005011,1166
4625005013,1302
4625005014,839
4625005015,1359
4625005016,1160
4625005017,1001
4625005018,725
4625005019,1845
4625005021,1295
4625005022,1564
4625005025,723
4625005026,1456
4625005027,1747
4625005028,1002
4625005029,1142
4625005031,1140
4625005033,1780
4625005034,1411
4625005036,1168
4625005037,796
4625005038,1393
4625005039,1661
4625005040,1891
4625005041,2380
4625005042,1588
4625005043,1856
4625006001,1358
4625006002,1605
4625006003,756
4625006004,656
4625006005,963
4625006006,1237
4625006007,1367
4625006008,1883
4625006009,1459
4625006011,918
4625006012,1129
4625006013,1300
4625006014,1587
4625006015,2133
4625006016,806
4625006017,1036
4625006018,1064
4625006019,1006
4625006020,700
4625006021,964
4625006022,927
4625006023,1201
4625006024,1437
4625006026,1672
4625006027,1232
4625007001,1102
4625007002,1870
4625007003,1399
4625007004,926
4625007005,1021
4625007006,1134
4625007007,1117
4625007008,717
4625007009,1149
4625007010,1947
4625007012,1069
4625007013,796
4625007014,1062
4625007015,1067
4625007016,1842
4625007017,1959
4625007018,1286
4625007019,1565
4625007020,1798
4625007021,1389
4625007022,1462
4625007023,747
4625007024,1314
4625007025,1001
4625007026,936
4625007027,1137
4625007029,1971
4625007030,1375
4625007031,1086
4625007032,1228
4625007036,1589
4625007037,1932
4625007039,1441
4625007040,1253
4625007041,1058
4625007042,2358
4625008001,841
4625008002,842
4625008003,795
4625008004,1812
4625008005,1048
4625008006,1070
4625008007,1152
4625008008,876
4625008009,862
4625008010,2234
4625008012,1469
4625008013,2273
4625008014,1805
4625008015,1056
4625008016,737
4625008017,789
4625008018,2245
4625008019,1668
4625008020,1836
4625008021,1471
4625008022,1413
4625008023,959
4625008024,1354
4625008025,905
4625008026,1482
4625008027,1422
4625008028,795
4625008029,1131
4625008030,1964
4625008031,1695
4625008032,1864
4625008033,1677
4625008034,1573
4625008035,2168
4625008036,1240
4625008037,1456
4625008038,1507
4625008039,1099
4625008040,1037
4625008041,1278
4625008042,2402
4625009001,1244
4625009002,1018
4625009003,1124
4625009004,980
4625009005,2047
4625009007,1648
4625009008,956
4625009009,1728
4625009010,1657
4625009012,1185
4625009013,1799
4625009015,1107
4625009016,1411
4625009017,969
4625009018,1733
4625009019,1341
4625009020,1739
4625009021,2024
4625009022,1267
4625009023,1229
4625009024,1034
4625009025,1421
4625009026,1596
4625009028,1968
4625009029,1161
4625009030,1854
4625009031,1834
4625009032,988
4625009033,822
4625009034,785
4625009035,1021
4625009036,778
4625009037,909
4625009038,1945
4625009039,1740
4625009040,909
4625009041,1519
4625009042,1482
4625010001,1850
4625010002,1555
4625010003,1909
4625010004,1267
4625010005,1476
4625010006,1353
4625010007,2118
4625010008,1783
4625010009,1088
4625010010,1173
4625010011,903
4625010012,830
4625010013,1671
4625010014,1140
4625010015,997
4625010016,1373
4625010017,1209
4625010018,1594
4625010019,1425
4625010021,1775
4625010022,2206
4625010023,1223
4625010024,2281
4625010025,1144
4625010026,1875
4625010027,995
4625010028,1264
4625010029,1939
4625010030,1046
4625010031,1779
4625010032,1668
4625010033,1380
4625010034,1731
4625010035,1124
4625010036,1005
4625010037,1171
4625010039,1458
4625010040,2049
4625010041,933
4625010043,833
4625010044,1293
4625010045,753
4625010046,930
4625010047,1302
4625010048,1396
4625010049,1586
4625010050,1135
4625010051,1318
4625010052,1959
4625010053,2076
4625010054,1513
4625011001,1311
4625011002,1545
4625011004,1316
4625011005,1775
4625011006,1136
4625011008,625
4625011009,2300
4625011010,1495
4625011011,1521
4625011012,756
4625011013,1218
4625011015,905
4625011017,884
4625011018,953
4625011019,985
4625011021,1370
4625011022,1271
4625011024,860
4625011026,842
4625011027,722
4625011028,715
4625011029,811
4625011030,1320
4625011031,996
4625011032,1216
4625011033,1844
4625011034,1661
4625011035,1148
4625011036,973
4625011037,855
4625011038,1444
4625011039,1342
4625011040,1210
4625011041,2431
4625011042,1408
4625011044,1025
4625011045,994
4625011046,1430
4625011047,1433
4625011048,1265
4625011050,1310
4625011051,1118
4625011052,1924
4625011053,1753
4625011054,1146
4625011055,1246
4625012001,1182
4625012002,1199
4625012003,1611
4625012005,716
4625012006,2055
4625012008,1394
4625012009,1049
4625012010,1433
4625012011,1054
4625012012,1619
4625012013,2125
4625012014,1806
4625012015,1140
4625012016,1861
4625012018,1364
4625012019,1231
4625012020,1196
4625012021,1909
4625012023,1196
4625012024,1736
4625012025,2455
4625012026,1266
4625012027,1339
4625012028,1688
4625012029,1280
4625012030,1477
4625012031,1398
4625012032,882
4625012033,1328
4625012034,972
4625012035,969
4625012036,1533
4625012037,2005
4625012038,1952
4625012039,1588
4625012040,1698
4625012041,1923
4625012042,2440
4625012043,1282
4625012044,1473
4625012045,1849
4625012046,1499
4625012047,1005
4625013001,1988
4625013002,2102
4625013003,871
4625013004,1275
4625013005,1542
4625013007,942
4625013008,1369
4625013009,924
4625013010,1444
4625013011,742
4625013012,1952
4625013013,893
4625013014,1519
4625013015,1069
4625013016,1863
4625013017,1418
4625013019,1045
4625013020,742
4625013021,1124
4625013022,1243
4625013023,1641
4625013024,1734
4625013025,2042
4625013026,1106
4625013027,1297
4625013028,1386
4625013029,945
4625013030,1053
4625014001,2047
4625014002,1403
4625014003,836
4625014004,1293
4625014005,945
4625014006,1089
4625014007,993
4625014008,1004
4625014009,1139
4625014010,706
4625014011,865
4625014012,1034
4625014013,1536
4625014014,1250
4625014015,1177
4625014016,1532
4625014018,1432
4625014019,1697
4625014020,2268
4625014021,1338
4625014022,974
4625014023,1059
4625014024,1273
4625015001,1074
4625015002,936
4625015003,1238
4625015004,1017
4625015005,1377
4625015006,1518
4625015007,1062
4625015008,1156
4625015010,978
4625015011,1006
4625015012,1438
4625015013,1160
4625015014,1347
4625015015,1383
4625015016,1533
4625015017,1415
4625015018,2133
4625015019,1113
4625015020,1391
4625015021,2093
4625015022,1294
4625015023,1664
4625015024,1677
4625015025,1272
4625015026,1296
4625015027,902
4625015028,1175
4625015029,1087
4625015030,1776
4625015031,948
4625015032,833
4625015033,1316
4625015034,1638
4625015035,1312
4625015036,1136
4625015037,1609
4625015038,1819
4625015039,1314
4625015040,1490
4625016001,1613
4625016002,1879
4625016003,1900
4625016004,791
4625016005,1648
4625016006,1700
4625016008,1508
4625016009,1154
4625016010,1000
4625016011,1234
4625016012,971
4625016013,1263
4625016014,1479
4625016015,1573
4625016016,1365
4625016017,2377
4625016018,913
4625016019,2834
4625016020,1521
4625016021,1206
4625016022,993
4625016023,2160
4625016024,1508
4625016025,1284
4625016026,1435
4625016027,1349
4625016028,1401
4625016029,2744
4625016030,1778
4625017001,1410
4625017002,855
4625017003,1228
4625017006,2248
4625017007,718
4625018001,1476
4625018002,1057
4625018003,1458
4625018004,2135
4625018005,1126
4625018006,1373
4625018007,1523
4625018008,1839
4625018009,1008
4625018010,1021
4625019001,1246
4625019002,721
4625019003,1611
4625019004,1165
4625019005,2294
4625019006,1823
4625019007,752
4625019008,1727
4625019009,753
4625019011,948
4625019012,1534
4625019013,1475
4625019014,1606
4625019015,1088
4625019016,1438
4625101001,1667
4625101002,1468
4625201001,156
4625301001,154
4625401001,1400
4625501001,1220
4625501002,1421
4625501003,1709
4625601001,2285
4625601002,2035
4625601003,2336
4625601004,2548
4625701001,2164
4625701002,2074
4625701003,1517
4625701004,1566
4625801001,1661
4625801002,2004
4625901001,654
4626001001,2289
4626001002,955
4626101001,2136
4626201001,259
4626301001,484
4690201001,384
4690301001,3404
4690301002,2576
4690301003,1696
4690401001,996
4700101001,57
4700201001,26
4700301001,295
4700401001,740
4700401002,689
4700501001,675
4700601001,234
4700701001,1709
4700701002,977
4700701003,1153
4700701004,1052
4700801001,31
4700901001,114
4701001001,1721
4701001002,2067
4701001003,1871
4701001004,1705
4701001005,2087
4701001006,2383
4701001007,1702
4701001008,1767
4701001009,1190
4701001010,1079
4701101001,574
4701201001,140
4701301001,112
4701401001,70
4701501001,276
4701601001,86
4701701001,221
4701801001,40
4701901001,110
4702001001,316
4702101001,91
4702201001,57
4702301001,2655
4702301002,1334
4702401001,356
4702501001,131
4702601001,83
4702701001,2193
4702701002,1429
4702801001,37
4702901001,73
4703001001,1174
4703101001,229
4703201001,166
4703301001,298
4703401001,84
4703501001,1068
4703601001,289
4703701001,194
4703801001,129
4703901001,194
4704001001,69
4704101001,180
4704201001,65
4704301001,338
4704401001,386
4704501001,939
4704601001,159
4704701001,224
4704801001,252
4704901001,95
4705001001,1752
4705001002,1771
4705001003,1485
4705101001,387
4705201001,2498
4705201002,1338
4705201003,1803
4705201004,2106
4705201005,989
4705301001,148
4705401001,738
4705501001,211
4705601001,98
4705701001,292
4705801001,254
4705901001,121
4706001001,275
4706101001,282
4706201001,193
4706301001,127
4706401001,29
4706501001,967
4706601001,1468
4706701001,194
4706801001,41
4706901001,140
4707001001,31
4707101001,513
4707301001,137
4707401001,176
4707501001,1155
4707501002,1967
4707502001,1521
4707502002,2035
4707601001,1497
4707601002,1732
4707601003,1693
4707601004,1189
4707601005,1775
4707601006,1843
4707601007,1444
4707601008,1229
4707601009,1081
4707601010,1031
4707601011,905
4707601012,932
4707601013,1001
4707601014,1047
4707601015,907
4707601016,792
4707601017,1060
4707601018,1397
4707701001,284
4707801001,189
4707901001,68
4708001001,62
4708101001,53
4708201001,1007
4708301001,95
4708401001,1687
4708501001,765
4708501002,2319
4708501003,2246
4708501004,1541
4708501005,1592
4708501006,1173
4708502001,1400
4708502002,1636
4708502003,1259
4708502004,1440
4708503001,1413
4708503002,980
4708503003,1902
4708503004,1608
4708601001,1022
4708601002,1234
4708602001,895
4708602002,1755
4708701001,455
4708801001,120
4708901001,184
4709001001,1319
4709001002,1865
4709101001,94
4709201001,130
4709301001,931
4709401001,194
4709501001,41
4709601001,163
4709701001,394
4709801001,713
4709901001,168
4710001001,166
4710101001,906
4710101002,1185
4710201001,318
4710301001,328
4710401001,772
4710401002,1096
4710402001,1057
4710402002,834
4710501001,230
4710601001,64
4710901001,203
4711001001,508
4711101001,1134
4711201001,1894
4711201002,1609
4711301001,202
4711401001,1892
4711401002,1522
4711402001,1223
4711402002,791
4711501001,323
4711601001,469
4711701001,326
4711801001,195
4711901001,102
4712101001,638
4712201001,809
4712202001,1600
4712301001,538
4712401001,514
4712501001,60
4712601001,54
4712701001,154
4712801001,64
4712901001,1109
4713001001,107
4713101001,198
4713201001,45
4713301001,1721
4713301002,1786
4713401001,185
4713501001,95
4713701001,33
4713801001,247
4713901001,1332
4714001001,127
4714101001,144
4714201001,186
4714301001,141
4714401001,91
4714501001,713
4714601001,316
4714701001,128
4714801001,537
4714901001,44
4715001001,361
4715101001,33
4715201001,89
4715301001,130
4715401001,189
4715501001,2414
4715501002,1741
4715601001,186
4715701001,649
4715801001,1127
4715901001,1184
4716001001,496
4716101001,1818
4716101002,1903
4716101003,1610
4716201001,69
4716301001,307
4716401001,438
4716501001,1449
4716501002,755
4716501003,1239
4716502001,2214
4716502002,1563
4716502003,1753
4716601001,305
4716701001,271
4716801001,32
4716901001,73
4717001001,43
4717101001,477
4717201001,168
4717301001,1126
4717401001,313
4717501001,825
4717501002,640
4717501003,2214
4717502001,1156
4717502002,1863
4717502003,2019
4717601001,279
4717701001,115
4717801001,182
4717901001,482
4718001001,95
4718101001,202
4718201001,1742
4718301001,156
4718401001,685
4718501001,109
4718601001,616
4718601003,1012
4718601005,685
4718601006,976
4718601007,663
4718602001,792
4718602002,1050
4718602004,1089
4718602005,1357
4718602006,970
4718602007,934
4718602008,708
4718602009,707
4718602010,1238
4718602012,923
4718602013,994
4718602014,1181
4718602015,1409
4718602017,815
4718602019,1022
4718603001,686
4718603002,892
4718603003,967
4718603004,969
4718603005,1386
4718603007,702
4718603008,1338
4718603009,732
4718604001,1352
4718604002,795
4718604003,1517
4718604004,1561
4718604005,1026
4718604006,1426
4718604007,1258
4718604008,764
4718604009,1017
4718604010,864
4718604011,1196
4718604012,1059
4718604013,933
4718604014,772
4718604015,1079
4718604016,1401
4718604017,1316
4718604018,1247
4718604020,718
4718604021,754
4718604022,893
4718604023,846
4718604024,938
4718604025,826
4718604026,1423
4718604027,1170
4718604028,1504
4718604029,746
4718604030,1215
4718604032,988
4718604033,825
4718604034,1051
4718604035,696
4718604036,1171
4718604037,1520
4718604038,1798
4718604039,1279
4718604040,1142
4718604041,2036
4718605001,1059
4718605002,1348
4718605004,768
4718605006,1003
4718605007,621
4718606001,999
4718606002,905
4718606003,1386
4718606005,1119
4718606006,1354
4718606007,1504
4718606009,686
4718606010,1132
4718606011,675
4718606012,1028
4718606013,1135
4718606014,909
4718606015,930
4718606016,749
4718606017,935
4718606018,633
4718606019,1061
4718606020,1255
4718606021,808
4718606022,1224
4718606023,1043
4718606024,1394
4718606025,1198
4718606026,896
4718606027,1539
4718606028,874
4718606029,914
4718606030,1073
4718606031,1380
4718606032,953
4718606034,1303
4718606036,2031
4718606037,779
4718606038,1601
4718606039,1308
4718607001,1208
4718607003,817
4718607004,1377
4718607005,1070
4718607006,817
4718607007,988
4718607008,681
4718607009,697
4718607010,768
4718607011,1315
4718607013,1407
4718607014,1921
4718607015,805
4718607016,678
4718607017,667
4718607018,1093
4718607019,840
4718607020,963
4718607021,1170
4718607022,1275
4718608001,984
4718608002,1206
4718608004,644
4718608005,1031
4718608006,1266
4718608009,635
4718608010,1102
4718608012,1137
4718608013,1145
4718608014,1119
4718608015,827
4718608016,708
4718608017,1175
4718608018,1089
4718608020,612
4718608021,1211
4718608023,1052
4718608024,1169
4718608025,925
4718608026,1207
4718608027,1129
4718608028,1925
4718608030,772
4718608031,1812
4718608032,1027
4718608033,830
4718608034,778
4718608035,1127
4718608036,1567
4718608037,626
4718608038,1002
4718608039,720
4718608040,988
4718608041,780
4718609001,768
4718609002,1266
4718609003,917
4718609004,1449
4718609006,917
4718609007,1960
4718609009,1280
4718609010,951
4718609011,630
4718609012,950
4718610001,1310
4718610002,903
4718610003,954
4718610004,853
4718610005,1683
4718610006,1333
4718610007,1821
4718610008,1702
4718610009,1081
4718610010,1115
4718610011,1421
4718610013,1015
4718610014,1560
4718610015,1016
4718610016,813
4718610017,1087
4718610018,1256
4718610019,1208
4718610020,1001
4718610021,1178
4718610022,1324
4718610024,1584
4718610025,785
4718610026,1082
4718610027,1089
4718610028,871
4718610029,1801
4718610030,2688
4718610031,768
4718610032,807
4718610033,1353
4718610034,1131
4718610035,1499
4718610036,1039
4718610037,1969
4718610038,1486
4718610039,1395
4718610040,1503
4718610041,775
4718610042,1977
4718610043,1780
4718610044,1464
4718610045,1546
4718610046,1696
4718610047,1682
4718610048,923
4718610049,1319
4718610050,1385
4718610051,1643
4718610052,2584
4718610053,2561
4718611001,1323
4718611002,802
4718611003,1428
4718611004,784
4718611005,1516
4718611006,951
4718611007,1474
4718611008,1134
4718611009,706
4718611010,1398
4718611012,797
4718611013,709
4718611014,921
4718611015,1637
4718611016,1178
4718611017,1293
4718611018,1662
4718611019,1067
4718611020,1417
4718611021,1113
4718611022,932
4718611025,1263
4718611026,1634
4718611027,739
4718611028,1098
4718611029,718
4718611031,2270
4718611032,2185
4718611033,1737
4718611034,1627
4718611035,1443
4718611036,1984
4718611037,1685
4718611038,2086
4718611039,1480
4718611040,1003
4718611041,2610
4718611042,1109
4718612001,1102
4718612002,940
4718612003,1146
4718612004,1491
4718701001,118
4718801001,124
4718901001,178
4719001001,114
4719101001,114
4719201001,112
4719301001,2031
4719401001,360
4719501001,566
4719601001,33
4719701001,1054
4719801001,77
4719901001,93
4720001001,91
4720301001,77
4720401001,300
4720501001,509
4720601001,106
4720701001,362
4720801001,68
4720901001,47
4721001001,443
4721101001,62
4721201001,411
4721301001,132
4721401001,1733
4721501001,58
4721601001,132
4721701001,2484
4721801001,1202
4721901001,56
4722001001,196
4722101001,114
4722201001,97
4722301001,171
4722401001,105
4722501001,83
4722601001,189
4722701001,62
4722801001,523
4722901001,251
4723001001,346
4723101001,1863
4723101002,1405
4723101003,1480
4723101004,1281
4723201001,127
4800101001,1379
4800101002,1279
4800101003,1211
4800101004,1837
4800101005,1798
4800201001,1924
4800201002,1087
4800201004,773
4800201005,1483
4800202001,1306
4800202002,1302
4800202003,1813
4800301001,1467
4800301002,2141
4800301003,1636
4800301004,1460
4800301005,2655
4800301006,1411
4800301007,2087
4800301008,1858
4800301009,949
4800301010,1469
4800302001,643
4800303001,803
4800401001,417
4800501001,144
4800601001,380
4800701001,469
4800801001,722
4800901001,974
4801001001,573
4801101001,1173
4801101002,2272
4801101003,1402
4801101004,2373
4801102001,894
4801102002,1320
4801102003,1491
4801102004,1449
4801201001,1073
4801201002,1542
4801301001,788
4801301002,1025
4801301003,940
4801301004,1474
4801301005,940
4801301006,905
4801301007,631
4801301008,623
4801301009,594
4801302001,1088
4801302002,1289
4801302003,938
4801302004,1424
4801302005,787
4801302006,1361
4801302007,662
4801302008,1695
4801302009,1136
4801302010,1275
4801302011,2328
4801303001,962
4801303002,1338
4801303003,829
4801303004,1045
4801303005,793
4801303006,835
4801303007,737
4801303008,1002
4801304001,976
4801304002,641
4801304003,975
4801304004,1142
4801304005,751
4801304006,805
4801304007,1269
4801304008,1223
4801304009,949
4801304010,1002
4801304011,1312
4801305001,1836
4801305002,1415
4801305003,867
4801305004,706
4801305005,2097
4801305006,1255
4801305007,1210
4801305008,1190
4801305009,1531
4801305010,1076
4801305011,1582
4801306001,1672
4801306002,956
4801306003,988
4801306004,1133
4801306005,1170
4801306006,781
4801306007,1224
4801306008,910
4801306009,957
4801306010,1268
4801306011,1154
4801306012,1301
4801306013,960
4801307001,1745
4801307002,1015
4801307003,2118
4801307004,1563
4801307005,1806
4801308001,1083
4801308002,1679
4801308003,1144
4801308004,1218
4801308005,867
4801308006,852
4801308007,1466
4801308008,1129
4801309001,856
4801309002,1020
4801309003,983
4801309004,1060
4801309005,1063
4801309006,755
4801309007,1718
4801309008,1076
4801309009,1256
4801309010,1225
4801309011,740
4801309012,915
4801401001,1537
4801501001,1185
4801501002,1046
4801501003,865
4801501004,1017
4801501005,1171
4801501006,1314
4801501007,941
4801501008,1311
4801501009,1556
4801501010,1741
4801501011,1266
4801501012,937
4801502002,1491
4801502003,1008
4801502004,1044
4801502005,918
4801502006,873
4801502007,890
4801502008,801
4801502009,723
4801502010,1485
4801502011,754
4801502012,1061
4801502013,1600
4801502014,934
4801502015,1004
4801502016,1793
4801502017,625
4801502018,635
4801503001,1311
4801503002,1266
4801503003,668
4801504001,782
4801504002,1328
4801505001,1074
4801505002,1070
4801505003,1158
4801505004,978
4801601001,1397
4801601002,1230
4801601003,1801
4801601004,1209
4801601005,1288
4801701001,1296
4801701002,866
4801701003,1323
4801702001,1224
4801702002,2040
4801702003,1689
4801702004,1225
4801702005,961
4801702006,761
4801703001,1137
4801703002,2745
4801703003,1790
4801801001,1236
4801901001,1111
4801901002,804
4801901003,1480
4801901004,1390
4802001002,1215
4802001003,764
4802001005,1194
4802001006,1486
4802001007,876
4802001008,655
4802001009,1175
4802001010,1569
4802001011,926
4802001012,732
4802001013,1191
4802001015,750
4802001016,1526
4802001017,1124
4802001018,1360
4802001019,1027
4802001020,1328
4802001021,990
4802001022,1560
4802001023,1392
4802001025,1515
4802001026,1462
4802001027,1363
4802001028,1368
4802001029,1633
4802001030,1591
4802001031,1266
4802001032,1455
4802001033,785
4802001034,656
4802001035,768
4802001036,756
4802001037,781
4802001038,1754
4802001039,678
4802001040,761
4802001041,1149
4802001042,1890
4802001043,866
4802001044,1354
4802001045,1500
4802001046,1293
4802002001,1296
4802002002,730
4802002003,1411
4802002005,1045
4802002006,797
4802002007,805
4802002008,882
4802002009,896
4802002010,771
4802002011,1393
4802002012,1472
4802002013,739
4802002014,949
4802002015,958
4802002016,1038
4802002017,627
4802002018,988
4802002019,1421
4802002020,1275
4802002021,1035
4802002022,1139
4802002023,837
4802002024,978
4802002025,1469
4802002026,1440
4802002027,994
4802002028,776
4802002029,1176
4802002030,1039
4802002031,1500
4802002032,1397
4802002033,1345
4802002034,1171
4802002035,743
4802003001,1925
4802003002,1176
4802003003,1155
4802003005,1684
4802003006,856
4802003007,962
4802003008,749
4802003009,1192
4802003010,710
4802003011,776
4802003012,649
4802003013,1244
4802003014,782
4802003015,1081
4802003016,1218
4802003017,1527
4802003018,1262
4802003019,1469
4802003020,2139
4802003021,1594
4802003022,1035
4802003023,1779
4802004002,1242
4802004003,1525
4802004005,976
4802004006,1175
4802004008,1880
4802004009,1264
4802004010,1719
4802004012,1475
4802004013,1134
4802004014,1616
4802004015,1090
4802004016,800
4802004017,739
4802004018,789
4802004019,889
4802004020,782
4802004021,1335
4802004022,1425
4802004024,1609
4802004025,1027
4802004026,1055
4802004027,993
4802004028,1259
4802004029,1818
4802004030,1666
4802004031,715
4802004032,1100
4802004033,1393
4802004035,912
4802004036,1353
4802004037,1543
4802004038,930
4802004039,2063
4802005001,1923
4802005002,826
4802005003,1757
4802005004,2013
4802005005,1270
4802005006,1163
4802005007,998
4802005008,1648
4802005009,2087
4802005010,1069
4802005011,1093
4802005012,1539
4802005013,702
4802005014,862
4802005015,1655
4802005016,1251
4802005017,1262
4802005018,1292
4802005019,1183
4802005020,761
4802005021,1597
4802005022,1399
4802005024,1914
4802005025,1986
4802005026,1360
4802005028,1091
4802005029,2060
4802005030,2128
4802005031,1235
4802005032,2135
4802005034,1253
4802005035,2053
4802005036,2289
4802005037,1260
4802005038,1274
4802005039,834
4802005040,2155
4802005041,1484
4802005042,2423
4802005043,2013
4802005044,1128
4802006001,1517
4802006002,2067
4802006003,1192
4802006004,938
4802006005,1019
4802006006,801
4802006007,1403
4802006008,766
4802006009,1537
4802006010,1698
4802006011,840
4802006012,898
4802006013,1976
4802006015,1560
4802006016,1110
4802006017,1619
4802006018,735
4802006019,645
4802006020,1278
4802006021,1267
4802006022,884
4802006023,771
4802006024,838
4802006025,1103
4802006026,1220
4802006027,637
4802006028,881
4802006029,1271
4802006030,967
4802006031,1015
4802006032,655
4802006033,961
4802006034,896
4802006035,1273
4802006036,1106
4802006037,1056
4802006038,973
4802006039,1382
4802006041,1079
4802006042,1194
4802006043,1045
4802006044,954
4802006045,1155
4802006046,1577
4802006047,621
4802006048,765
4802007001,1035
4802007002,750
4802007003,1187
4802007004,854
4802007005,932
4802007006,1568
4802007007,692
4802007008,1430
4802007010,873
4802007011,730
4802007012,1094
4802007013,2289
4802007014,746
4802007015,902
4802007016,1290
4802007017,1875
4802007019,1457
4802007021,1306
4802007022,1701
4802007023,1552
4802007024,1108
4802007025,675
4802007026,1443
4802007027,1637
4802007028,1015
4802007029,1200
4802007030,1006
4802007031,630
4802007032,1300
4802007033,1001
4802007034,1058
4802007035,1549
4802007036,780
4802007037,782
4802007038,1809
4802007039,844
4802007040,1143
4802007041,1563
4802007042,1405
4802007043,1278
4802008001,1340
4802008002,1685
4802008003,1276
4802008004,1397
4802008005,1246
4802008006,968
4802008007,1559
4802008008,1860
4802008009,728
4802008010,1209
4802008012,1231
4802008013,1555
4802008014,1286
4802008015,1934
4802008016,833
4802008018,1618
4802008019,1583
4802008020,1493
4802008021,1096
4802008022,1764
4802008023,1196
4802008024,2045
4802008025,1342
4802101001,822
4802101002,871
4802201001,1695
4802201002,1099
4802301001,775
4802401001,1269
4802501001,1085
4802601001,1416
4802701001,903
4802701002,1240
4802701003,1053
4802701004,810
4802702001,1048
4802702002,1129
4802702003,953
4802703001,2186
4802703002,1454
4802704001,2015
4802704002,1573
4802704003,1807
4802704004,1786
4802704005,2052
4802704006,1307
4802704007,1011
4802705001,803
4802705002,2839
4802705003,1490
4802705004,1347
4802801001,865
4802901001,1718
4802901002,2280
4802901003,1073
4802901004,986
4802901005,1845
4802901006,1362
4802901007,1490
4803001001,790
4803101001,391
4803201001,1843
4803201002,1685
4803201003,2154
4803201004,829
4803201005,729
4803301001,244
4803401001,1182
4803401002,1187
4803401003,1610
4803401004,1739
4803401005,1053
4803401006,1519
4803401007,1488
4803401008,1936
4803401009,1533
4803401010,1216
4803401011,1646
4803501001,555
4803601001,1000
4803601002,879
4803601003,1144
4803601004,1511
4803601005,1036
4803601006,2143
4803601007,1437
4803601008,1029
4803601009,1470
4803601010,1890
4803601011,2288
4803601012,1432
4803601013,951
4803601014,1405
4803601015,1057
4803601016,799
4803601017,844
4803602001,1813
4803603001,720
4803604001,992
4803604002,1509
4803604003,2002
4803701001,815
4803801001,1342
4803901001,316
4804001001,1615
4804101001,868
4804201001,1125
4804201002,585
4804301001,1961
4804301002,1399
4804301003,2304
4804401001,1068
4804401002,1354
4804401003,1538
4804401004,1865
4804401005,1538
4804401006,1206
4804401007,1573
4804401008,1533
4804401009,2320
4804402001,1971
4804402002,869
4804402003,1402
4804402004,802
4804402005,1040
4804402006,1474
4804402007,1670
4804402008,1474
4804402009,1339
4804402010,1590
4804402011,744
4804402012,1540
4804402013,1493
4804402014,1136
4804402015,2615
4804402016,926
4804402017,961
4804402018,947
4804402019,1816
4804402020,1493
4804402021,1350
4804402022,1335
4804402023,1002
4804402024,920
4804402025,866
4804402026,1084
4804402027,744
4804402028,818
4804402029,742
4804402030,1492
4804402031,1087
4804403001,1151
4804403002,994
4804403003,1163
4804403004,1790
4804403005,1877
4804403006,1142
4804403007,758
4804403008,1315
4804403009,1163
4804403010,1328
4804403011,871
4804403012,729
4804403013,1444
4804403014,1171
4804403015,864
4804403016,879
4804403017,1234
4804403019,979
4804403020,724
4804403021,761
4804403022,1101
4804403023,990
4804403024,758
4804403025,989
4804403026,632
4804501001,1728
4804502001,1206
4804502002,1414
4804502003,1462
4804502004,725
4804601001,1620
4804601002,1208
4804601003,1277
4804601004,1316
4804601005,1458
4804601006,1183
4804601007,2011
4804601008,881
4804601009,1480
4804602001,1904
4804602002,1230
4804602003,1229
4804701001,212
4804801001,639
4804901001,708
4805001001,274
4805101001,266
4805201001,2023
4805301001,1129
4805401001,1735
4805401002,1825
4805401003,1509
4805401004,714
4805401005,875
4805401006,1190
4805401007,1721
4805401008,1695
4805401009,1239
4805402001,1888
4805402002,1529
4805402003,1243
4805403001,1270
4805403002,1369
4805403003,2274
4805403004,903
4805403005,1084
4805403006,1064
4805403007,1831
4805403008,2300
4805403009,1427
4805501001,973
4805501002,2539
4805601001,1182
4805701001,818
4805701002,901
4805702001,748
4805702002,1181
4805702003,1135
4805702004,1209
4805702005,1313
4805801001,1211
4805901001,507
4806001001,1789
4806001002,1871
4806001003,1322
4806101001,945
4806201001,379
4806301001,455
4806401001,745
4806501001,1309
4806501002,732
4806501003,895
4806501004,1149
4806601001,416
4806701001,1443
4806801001,1893
4806901001,1693
4806901002,2257
4806901003,2324
4806901004,1539
4806901005,963
4806901006,1349
4806901007,1214
4806901008,1841
4806902001,1226
4806902002,2649
4807001001,654
4807101001,617
4807101002,1601
4807101003,1447
4807101004,1666
4807101005,1165
4807102001,1116
4807201001,1297
4807301001,1426
4807301002,963
4807301003,1035
4807302001,659
4807302002,1623
4807302003,1942
4807303001,927
4807401001,1173
4807401002,1212
4807402001,1831
4807501001,2610
4807601001,355
4807701001,1911
4807701002,2433
4807801001,993
4807801002,1115
4807801003,1292
4807801004,1026
4807801005,668
4807801006,1519
4807801007,768
4807801008,1264
4807801009,1914
4807802001,1259
4807802002,862
4807802003,944
4807802004,788
4807802005,826
4807802006,1402
4807802007,647
4807802008,1225
4807802009,776
4807802010,1347
4807803001,914
4807803002,741
4807803003,1273
4807803004,923
4807803005,1081
4807803006,1063
4807803007,1170
4807803008,1242
4807803009,1295
4807803010,855
4807803011,934
4807803012,1638
4807804001,958
4807804002,990
4807804003,1554
4807804004,1147
4807804005,1619
4807804006,1161
4807804007,1403
4807805001,2375
4807805002,2146
4807901001,520
4808001001,1447
4808001002,1119
4808001003,1021
4808001004,1087
4808001005,617
4808001006,1099
4808001007,960
4808001008,1056
4808001009,1541
4808001010,1332
4808002001,850
4808101001,2432
4808201001,1332
4808201002,1223
4808201003,1174
4808201004,1318
4808201005,1473
4808201006,1777
4808201007,1375
4808201008,636
4808201009,1631
4808201010,1343
4808201011,1567
4808201012,1265
4808201013,746
4808201014,1500
4808201016,1172
4808201017,820
4808201018,1005
4808202001,1117
4808202003,1282
4808202004,788
4808202005,1458
4808202006,1086
4808202007,1143
4808202008,1206
4808203001,1157
4808203002,901
4808203003,1700
4808203004,1389
4808203005,1483
4808203006,1113
4808203007,868
4808203008,1031
4808204001,1059
4808204002,743
4808204003,1799
4808204004,1158
4808204005,1455
4808205001,1358
4808301001,1125
4808301002,1706
4808301003,903
4808301004,1868
4808301005,1691
4808302001,1117
4808401001,1529
4808401002,1418
4808401003,1391
4808401004,1307
4808401005,694
4808401006,1235
4808401007,1129
4808401008,911
4808402001,1109
4808402002,1111
4808402003,1073
4808402004,1142
4808402005,1007
4808402006,722
4808403001,841
4808403002,1305
4808403003,816
4808403004,1078
4808403005,864
4808403006,763
4808404001,1206
4808404002,1140
4808404003,894
4808404004,1204
4808404005,986
4808404006,1413
4808501001,1487
4808501002,2221
4808501003,1843
4808501004,2280
4808501005,1344
4808501006,1903
4808501007,1983
4808601001,1234
4808601002,1329
4808701001,525
4808801001,180
4808901001,2351
4808901002,1579
4809001001,1527
4809001002,831
4809001003,712
4809001004,1008
4809002001,2053
4809002002,1698
4809101001,1393
4809201001,1035
4809301001,1211
4809401001,1491
4809401002,1732
4809401003,1024
4809501001,1544
4809501002,701
4809501003,817
4809601001,1903
4809601002,902
4809601003,2226
4809601004,1553
4809602001,1897
4809701001,707
4809701002,945
4890101001,1281
4890101002,1917
4890101003,1238
4890101004,1504
4890201001,1491
4890201002,761
4890201003,1674
4890201004,1136
4890201005,996
4890201006,1070
4890201007,1290
4890201008,1345
4890201009,809
4890202001,1633
4890202002,1574
4890202003,1730
4890202004,1208
4890202005,843
4890202006,787
4890202007,683
4890202008,1976
4890203001,1187
4890203002,1316
4890203003,802
4890301001,2388
4890401001,1783
4890401002,2172
4890401003,634
4890501001,2282
4890501002,981
4890601001,956
4890701001,461
4890801001,311
4890901001,239
4891001001,1019
4891001002,819
4891001003,1943
4891101001,463
4891201001,878
4891201002,888
4891201003,1077
4891301001,1498
4891401001,398
4891501001,434
4900201001,72
4900301001,1101
4900401001,137
4900501001,157
4900601001,166
4900701001,403
4900801001,530
4900901001,447
4901001001,406
4901101001,253
4901201001,78
4901301001,288
4901401001,120
4901501001,262
4901601001,298
4901701001,265
4901801001,368
4901901001,274
4902001001,313
4902101001,1075
4902101002,1056
4902101003,892
4902101004,1653
4902101005,1533
4902101006,1540
4902101007,693
4902102001,855
4902102002,1921
4902102003,1655
4902102004,857
4902102005,1714
4902102006,1278
4902103001,1123
4902103002,1034
4902201001,348
4902301001,1121
4902401001,814
4902501001,184
4902601001,248
4902701001,165
4902801001,131
4902901001,713
4903001001,90
4903101001,156
4903201001,364
4903301001,907
4903401001,485
4903501001,259
4903601001,586
4903701001,210
4903801001,115
4903901001,381
4904001001,123
4904101001,501
4904201001,255
4904301001,360
4904401001,94
4904601001,305
4904701001,127
4904801001,147
4905001001,587
4905201001,194
4905301001,1069
4905401001,1067
4905501001,118
4905601001,332
4905701001,120
4905801001,371
4905901001,95
4906101001,164
4906201001,127
4906301001,373
4906401001,581
4906501001,776
4906502001,561
4906601001,578
4906701001,420
4906801001,516
4906901001,412
4907101001,843
4907501001,159
4907601001,389
4907701001,205
4907801001,190
4907901001,114
4908001001,795
4908101001,925
4908102001,815
4908201001,433
4908301001,65
4908401001,322
4908501001,1190
4908601001,134
4908701001,573
4908801001,105
4909001001,226
4909101001,271
4909201001,150
4909301001,347
4909401001,276
4909501001,327
4909601001,181
4909701001,84
4909801001,244
4909901001,110
4910001001,342
4910101001,183
4910201001,215
4910301001,500
4910401001,360
4910501001,143
4910701001,153
4910801001,485
4910901001,732
4911001001,392
4911101001,147
4911201001,148
4911301001,187
4911401001,52
4911501001,217
4911601001,433
4911701001,499
4911801001,233
4911901001,271
4912001001,85
4912101001,437
4912201001,1001
4912301001,607
4912401001,281
4912501001,1688
4912601001,259
4912701001,1330
4912701002,1557
4912801001,636
4912901001,1004
4913001001,207
4913101001,320
4913201001,369
4913301001,347
4913401001,186
4913501001,708
4913601001,364
4913701001,204
4913801001,252
4913901001,193
4914101001,392
4914201001,264
4914301001,263
4914501001,295
4914601001,321
4914701001,271
4914801001,207
4914901001,443
4915001001,175
4915101001,762
4915201001,612
4915301001,181
4915401001,144
4915501001,106
4915601001,261
4915701001,191
4915801001,247
4915901001,314
4916001001,42
4916201001,202
4916301001,261
4916401001,155
4916501001,66
4916601001,1523
4916701001,230
4916801001,106
4916901001,33
4917001001,113
4917101001,728
4917201001,610
4917301001,397
4917401001,155
4917501001,265
4917601001,756
4917701001,319
4917801001,828
4917901001,439
4918001001,175
4918101001,395
4918301001,104
4918401001,190
4918501001,191
4918601001,279
4918701001,1491
4918801001,137
4918901001,246
4919001001,72
4919101001,315
4919201001,163
4919301001,528
4919401001,388
4919701001,187
4919901001,282
4920001001,1125
4920101001,335
4920201001,199
4920301001,350
4920401001,69
4920501001,420
4920601001,1067
4920701001,284
4920801001,449
4920901001,578
4921001001,559
4921401001,869
4921601001,172
4921901001,1353
4921901002,804
4921901003,961
4921902001,1062
4921902002,1179
4921902003,1160
4921902004,1668
4921903001,1118
4922001001,153
4922101001,308
4922201001,440
4922301001,984
4922401001,187
4922501001,161
4922601001,284
4922701001,337
4922801001,55
4922901001,144
4923001001,106
4923101001,393
4923201001,117
4923301001,99
4923401001,473
4923501001,455
4923601001,93
4923701001,160
4923801001,258
4923901001,781
4924001001,244
4924101001,277
4924201001,525
4924301001,114
4924401001,47
4924501001,301
4924601001,260
4924701001,480
4924801001,274
4924901001,95
4925001001,928
4925002001,623
4925101001,182
4925201001,360
4925501001,420
4925601001,310
4925701001,324
4925801001,129
4925901001,90
4926001001,927
4926101001,1915
4926201001,466
4926301001,56
4926401001,663
4926501001,136
4926601001,99
4926701001,103
4926801001,466
4926901001,248
4927001001,178
4927101001,216
4927201001,95
4927301001,202
4927501001,1058
4927501002,1660
4927501003,1736
4927501004,1194
4927501005,1078
4927501006,1795
4927501007,1493
4927501008,1119
4927501009,1702
4927501010,1195
4927501011,1102
4927501012,840
4927501013,928
4927501014,958
4927501015,1558
4927502001,1453
4927502002,1540
4927502003,2069
4927502004,1428
4927502005,795
4927502006,1000
4927502007,752
4927502008,1372
4927502009,1073
4927502010,894
4927502011,1667
4927502012,1562
4927502013,1048
4927502014,844
4927502015,953
4927502016,972
4927502017,901
4927503001,1351
4927503002,1532
4927503003,1302
4927503004,1584
4927504001,781
4927504002,1639
4927504003,1128
4927504004,1505
4927504005,1589
4927505001,1368
4927505003,1076
4927505004,2169
4927505005,2010
4927505006,946
4927505007,632
4927505008,1746
4927505009,2326
5000101001,113
5000201001,220
5000301001,155
5000401001,796
5000501001,260
5000601001,1162
5000701001,54
5000801001,1166
5000801002,1791
5000801003,2358
5000801004,1737
5000901001,153
5001001001,86
5001101001,153
5001201001,124
5001301001,281
5001401001,183
5001501001,82
5001601001,50
5001701001,2250
5001801001,1475
5001901001,70
5002001001,1115
5002101001,35
5002201001,602
5002301001,244
5002401001,752
5002501001,2614
5002501002,3117
5002502001,2105
5002601001,574
5002701001,258
5002801001,105
5002901001,757
5003001001,210
5003101001,186
5003201001,369
5003301001,70
5003401001,1185
5003501001,86
5003601001,105
5003701001,155
5003801001,2019
5003901001,630
5004001001,97
5004101001,15
5004201001,12
5004301001,317
5004401001,297
5004501001,854
5004501002,735
5004601001,221
5004701001,55
5004801001,38
5005001001,105
5005101001,1022
5005201001,97
5005301001,896
5005401001,64
5005501001,2600
5005502001,2331
5005601001,506
5005701001,1734
5005801001,76
5005901001,1021
5006001001,239
5006101001,258
5006201001,2381
5006301001,68
5006401001,536
5006501001,39
5006601001,2122
5006601002,1416
5006701001,1708
5006701002,1458
5006701003,1560
5006701004,2047
5006701005,1775
5006701006,1618
5006702001,1733
5006702002,1609
5006702003,2624
5006702004,1212
5006703001,1576
5006703002,772
5006704001,966
5006801001,1022
5006801002,1873
5006901001,78
5007001001,76
5007101001,153
5007201001,175
5007301001,2459
5007302001,998
5007401001,1670
5007402001,1502
5007403001,1914
5007403002,1524
5007404001,1258
5007404002,2059
5007501001,84
5007601001,105
5007701001,237
5007801001,292
5007901001,316
5008001001,37
5008101001,666
5008201001,114
5008301001,108
5008401001,77
5008501001,204
5008601001,199
5008701001,39
5008801001,377
5008901001,1712
5008901002,2267
5008901003,1941
5008901004,2485
5008901005,2015
5008901006,1169
5009001001,184
5009101001,51
5009201001,514
5009301001,135
5009401001,1063
5009402001,1130
5009501001,1636
5009501002,1497
5009501003,733
5009501004,1075
5009501005,1498
5009501007,1443
5009502001,921
5009502002,1283
5009502003,1472
5009502004,1447
5009502006,1285
5009502007,1249
5009502008,1331
5009601001,49
5009801001,235
5009901001,1316
5009901002,1063
5009902001,1138
5009903001,1076
5010001001,375
5010101001,1113
5010201001,1231
5010401001,407
5010501001,348
5010601001,153
5010701001,1263
5010801001,54
5010901001,104
5011001001,439
5011101001,207
5011301001,859
5011401001,153
5011501001,2616
5011501002,2027
5011601001,243
5011701001,158
5011801001,1455
5011802001,1324
5011901001,1122
5012001001,36
5012101001,347
5012201001,67
5012301001,636
5012401001,565
5012501001,483
5012601001,1627
5012601002,1532
5012801001,33
5012901001,329
5013001001,501
5013101001,268
5013201001,1007
5013301001,133
5013401001,136
5013501001,119
5013601001,730
5013701001,1234
5013801001,53
5013901001,379
5014001001,174
5014101001,126
5014201001,42
5014301001,898
5014401001,35
5014601001,252
5014701001,1014
5014801001,307
5014901001,47
5015001001,916
5015101001,776
5015201001,944
5015202001,1014
5015301001,1183
5015401001,162
5015501001,112
5015601001,300
5015701001,364
5015901001,1080
5016001001,1520
5016002001,1879
5016101001,116
5016201001,178
5016301001,2421
5016301002,2938
5016401001,473
5016501001,1267
5016502001,1126
5016601001,295
5016701001,241
5016801001,30
5016901001,464
5017001001,440
5017101001,111
5017201001,233
5017301001,168
5017401001,114
5017501001,1209
5017601001,236
5017701001,379
5017801001,406
5017901001,265
5018001001,121
5018101001,1375
5018201001,2073
5018201002,1673
5018201003,1202
5018301001,420
5018401001,133
5018501001,183
5018601001,43
5018701001,80
5018801001,37
5018901001,1016
5019001001,931
5019101001,586
5019201001,332
5019301001,843
5019401001,106
5019501001,57
5019601001,131
5019701001,110
5019801001,48
5019901001,424
5020001001,729
5020101001,568
5020201001,175
5020301001,1310
5020401001,1200
5020401002,2422
5020501001,110
5020601001,613
5020701001,113
5020801001,820
5020801002,1747
5020901001,1474
5020901002,2151
5021001001,44
5021101001,370
5021201001,43
5021301001,120
5021401001,34
5021501001,23
5021601001,299
5021701001,584
5021801001,127
5021901001,2679
5021901002,1930
5021901003,1255
5022001001,51
5022101001,39
5022201001,1263
5022201002,792
5022301001,1149
5022401001,75
5022501001,1242
5022501002,1961
5022701001,107
5022801001,344
5022901001,73
5023001001,701
5023002001,759
5023101001,324
5023201001,211
5023301001,106
5023401001,281
5023501001,1281
5023501002,1812
5023601001,133
5023701001,137
5023801001,127
5023901001,66
5024001001,1221
5024101001,755
5024201001,110
5024301001,413
5024401001,273
5024501001,105
5024601001,38
5024701001,1083
5024801001,629
5024901001,369
5025001001,59
5025101001,1232
5025101003,772
5025101004,1918
5025101005,1042
5025101006,2499
5025101007,703
5025101008,934
5025101009,764
5025101010,1000
5025201001,1561
5025202001,1918
5025203001,1601
5025204001,1947
5025301001,532
5025401001,197
5025501001,230
5025601001,88
5025701001,189
5025801001,57
5025901001,71
5026001001,35
5026101001,275
5026201001,1492
5026301001,251
5026401001,208
5026501001,75
5026601001,137
5026701001,688
5026801001,56
5026901001,398
5027001001,38
5027101001,294
5027201001,2192
5027201002,1598
5027201003,2541
5027201004,1761
5027201005,940
5027201006,1862
5027201007,1506
5027201008,1754
5027201009,1269
5027201010,1338
5027201011,1668
5027301001,27
5027401001,71
5027501001,141
5027601001,144
5027701001,87
5027801001,241
5027901001,128
5028001001,392
5028101001,105
5028201001,106
5028301001,94
5028401001,200
5028501001,820
5028601001,102
5028701001,360
5028801001,1915
5028801002,1129
5028801003,1572
5028901001,52
5029001001,511
5029101001,111
5029201001,241
5029301001,521
5029401001,83
5029501001,47
5029601001,481
5029701001,1177
5029701002,1578
5029701003,917
5029701004,1529
5029701005,1653
5029701006,950
5029701008,1721
5029701009,1559
5029701012,812
5029701015,2088
5029701017,1057
5029701019,1676
5029701020,1507
5029701021,2670
5029701023,2361
5029701024,1397
5029701025,1160
5029701026,772
5029701027,1362
5029701030,1484
5029701031,1231
5029701032,1417
5029701033,1197
5029701034,1769
5029701036,1637
5029701038,1093
5029701039,1033
5029701040,768
5029701041,1662
5029701043,1535
5029702001,1038
5029702002,796
5029702003,869
5029702004,1009
5029702005,982
5029702006,1664
5029702008,1155
5029702009,1164
5029702010,1435
5029702012,1398
5029702013,1133
5029702014,1416
5029702015,873
5029702017,948
5029702018,1366
5029702019,1026
5029702020,1036
5029702021,764
5029702022,1420
5029702023,1021
5029702024,892
5029702025,1452
5029702026,1121
5029702027,879
5029702028,824
5029702029,776
5029702030,908
5029702031,873
5029702032,1082
5029702033,1414
5029702035,1281
5029702036,682
5029702037,1409
5029702038,1088
5029702040,2117
5029702042,872
5029702045,1300
5029702046,1638
5029702047,842
5029702048,932
5029702049,990
5029702050,1534
5029702051,1328
5029702052,992
5029702053,1550
5029703001,963
5029703002,890
5029703003,1188
5029703004,1232
5029703005,1423
5029703007,1061
5029703008,1361
5029703009,1323
5029703010,803
5029703011,834
5029703012,845
5029703014,1321
5029703015,1156
5029703016,1651
5029703017,1430
5029703018,1545
5029703019,1121
5029703020,1724
5029703021,1344
5029703022,1284
5029703023,1329
5029703024,1529
5029703025,1111
5029703026,794
5029703027,1144
5029703028,1007
5029703029,776
5029703030,1177
5029703031,746
5029703032,1416
5029703033,979
5029703034,1322
5029703035,1312
5029703036,1499
5029703037,1118
5029703038,870
5029703039,1392
5029703040,792
5029703041,958
5029703042,1156
5029703043,1516
5029703044,961
5029703045,1278
5029703046,997
5029703047,1109
5029703048,1264
5029703049,1016
5029703051,1211
5029703052,1210
5029703053,1105
5029703054,1269
5029703055,1840
5029703056,922
5029703057,1287
5029703058,832
5029703060,1085
5029703061,1398
5029703062,1619
5029703063,938
5029703064,1014
5029703065,1702
5029703066,1587
5029703067,1696
5029703068,1393
5029703069,1353
5029703070,1133
5029703071,1711
5029703073,1333
5029703074,1298
5029703075,1545
5029703076,1434
5029703077,1408
5029703078,829
5029703079,995
5029703080,620
5029703081,1472
5029703082,1757
5029703083,1261
5029703084,743
5029703085,1241
5029703086,1183
5029703087,962
5029703088,841
5029703089,1775
5029703090,1302
5029704001,1161
5029704002,994
5029704003,820
5029704004,1437
5029704005,1149
5029704006,1137
5029704007,1086
5029704008,996
5029704009,1427
5029704010,985
5029704011,1693
5029704012,832
5029704013,1052
5029704014,854
5029704015,784
5029704016,1408
5029704017,1011
5029704018,989
5029704021,1483
5029704023,1359
5029704024,1104
5029704025,1448
5029704027,1611
5029704028,1364
5029704029,1396
5029704031,849
5029704033,1140
5029704034,1039
5029704035,778
5029704036,1078
5029704037,1927
5029704038,1742
5029704039,1029
5029704040,773
5029704041,1381
5029704042,1902
5029704043,981
5029704044,1766
5029704045,1572
5029704046,631
5029704048,1574
5029704049,866
5029704051,1550
5029704052,958
5029704053,1496
5029704054,1124
5029704055,2297
5029704056,1222
5029704057,2435
5029704058,1687
5029704059,1258
5029704060,2477
5029704061,2464
5029704062,1755
5029704063,1622
5029704064,2378
5029704065,1732
5029704066,2599
5029704067,1797
5029704068,2001
5029704069,1515
5029704070,1694
5029705001,1782
5029705002,1743
5029705003,984
5029705004,1633
5029705005,1220
5029705006,1232
5029705007,1606
5029705008,1687
5029705009,1283
5029705010,1320
5029705011,880
5029705012,1701
5029705013,1432
5029705014,1435
5029705015,1309
5029705016,884
5029705017,752
5029705018,891
5029705019,1596
5029705020,1449
5029705021,932
5029705022,1656
5029705023,1450
5029705024,926
5029705025,1274
5029705026,1233
5029705027,1111
5029705028,1453
5029705030,1167
5029705031,1501
5029705032,960
5029705033,1733
5029705034,1759
5029705036,1601
5029705037,1155
5029705038,1014
5029705039,1333
5029705040,1175
5029705041,1222
5029705042,1497
5029705043,1551
5029705044,1809
5029705045,1347
5029705046,1030
5029705047,1984
5029705048,1164
5029705049,1071
5029705050,790
5029706001,1094
5029706002,882
5029706003,1874
5029706004,1546
5029706005,1552
5029706006,648
5029706007,939
5029706008,1166
5029706009,1157
5029706010,2077
5029706011,1023
5029706013,788
5029706014,1009
5029706015,1624
5029706016,902
5029706017,1196
5029706018,797
5029706019,1077
5029706020,1140
5029706021,1260
5029706022,1669
5029706024,1440
5029706025,979
5029706026,937
5029706027,919
5029706028,1443
5029706029,1097
5029706030,824
5029706031,913
5029706032,1185
5029706033,1048
5029706034,1090
5029706035,848
5029706036,1426
5029706037,916
5029706038,887
5029706039,1333
5029707001,2240
5029707002,1032
5029707003,1828
5029707004,1389
5029707005,1264
5029707006,1968
5029707007,1735
5029707008,1495
5029707009,1970
5029707014,1298
5029707015,1997
5029707016,1598
5029707017,1410
5029707018,1419
5029707019,1345
5029707020,1306
5029708001,1606
5029708002,1214
5029708003,1120
5029708004,1372
5029708005,1513
5029708006,2452
5029708007,1264
5029708008,1076
5029708009,1333
5029708010,1537
5029708011,2624
5029708012,1409
5029708013,1622
5029708014,2449
5029708015,695
5029708016,772
5029708017,2111
5029708018,1359
5029708019,1485
5029708020,2328
5029708021,2191
5029708022,1175
5029708023,1342
5029708024,1853
5029708025,2067
5029709001,1061
5029709002,1163
5029709003,2173
5029709004,1190
5029709005,1157
5029709006,1452
5029709007,1419
5029709008,1218
5029709009,1164
5029709010,1579
5029709012,1124
5029709013,1164
5029709014,1039
5029709015,1022
5029709016,1286
5029709017,1253
5029709018,1423
5029709019,1302
5029709020,1495
5029709021,1409
5029709022,1425
5029709023,2062
5029709024,1417
5029709025,1101
5029709026,2042
5029709027,1948
5029710001,1688
5029710002,2458
5029710003,1875
5029710004,1644
5029710005,842
5029710006,1117
5029710008,1490
5029710009,1058
5029710010,1208
5029710011,1045
5029710012,1418
5029710013,683
5029710014,1474
5029710015,1149
5029710016,2029
5029710017,1327
5029710018,1122
5029710019,1960
5029710020,1216
5029710021,1310
5029710023,1518
5029710024,726
5029710025,1003
5029710026,1123
5029710027,911
5029710028,2140
5029710029,898
5029710030,1591
5029710031,1196
5029710032,1454
5029710033,1083
5029710034,1117
5029710035,1366
5029710036,991
5029710037,1600
5029710038,1207
5029710039,1277
5029710040,1252
5029710041,2005
5029710042,1712
5029710043,2055
5029710044,1399
5029710045,1104
5029710046,2293
5029710047,1363
5029710048,2641
5029710049,1956
5029710050,1559
5029710051,2309
5029710052,1341
5029710053,2196
5029710054,2102
5029710055,1705
5029710056,977
5029710057,1916
5029710058,1412
5029710059,864
5029710060,1702
5029710061,1777
5029710062,1345
5029710063,1320
5029710064,2207
5029710065,1917
5029710066,1208
5029710067,1802
5029710068,702
5029710069,2255
5029710070,1016
5029710071,1588
5029710072,930
5029710073,1435
5029710074,2637
5029710075,1040
5029710076,1308
5029710077,1750
5029710078,1040
5029710079,1656
5029710080,1560
5029710081,2264
5029710082,1785
5029710083,1228
5029710084,1454
5029710085,1984
5029710086,1922
5029710087,1586
5029710088,1512
5029710089,1480
5029710090,1250
5029710091,1320
5029711001,1549
5029711002,657
5029711003,2052
5029711004,1262
5029711006,1340
5029711007,1109
5029711008,1463
5029711009,1472
5029711010,1513
5029711011,1548
5029711012,978
5029711013,1345
5029711015,2640
5029711016,1878
5029711017,1052
5029711018,2307
5029711019,1606
5029712001,2635
5029712002,990
5029712003,2035
5029712004,1573
5029712005,1576
5029712006,1650
5029712007,945
5029712008,1114
5029712009,2440
5029801001,2495
5029801002,2482
5029801003,1986
5029802001,779
5090101001,157
5090201001,97
5090301001,1458
5090301002,1362
5100101001,1854
5100101002,877
5100101003,1603
5100101004,2085
5100101005,1288
5100101006,1410
5100101007,1657
5100101008,1272
5100101009,1101
5100101010,1756
5100102001,1409
5100102002,1673
5100102003,1027
5100102004,1414
5100102005,1595
5100102006,966
5100102007,1792
5100103001,1419
5100103002,1500
5100103003,1093
5100103004,950
5100103005,703
5100103006,1227
5100103007,1671
5100103008,873
5100103009,991
5100103010,797
5100103011,1547
5100103012,853
5100103013,1932
5100103014,1597
5100104001,2420
5100104002,2429
5100104003,1695
5100104004,1155
5100104005,2228
5100104006,2299
5100104007,2445
5100104008,1537
5100104009,1227
5100104010,1829
5100104011,2034
5100105001,1289
5100105002,1303
5100105003,1687
5100105004,1822
5100105005,1101
5100105006,1229
5100105007,1795
5100106001,2060
5100106002,3577
5100106003,2417
5100106004,2638
5100106005,815
5200101001,1195
5200101002,2002
5200102001,1373
5200102002,1773
5200102003,2290
5200103001,1269
5200103002,1409
5200104001,1386
5200104002,2384
5200104003,2561
5200104004,2666
5200105001,1665
5200105002,1335
5200105003,3110
5200105004,1508
5200105005,1819
5200105006,2341
5200105007,2269
5200105008,1540
5200106001,1091
5200106002,1671
5200106003,2138
5200107001,1975
5200107002,1662
5200107003,1951
5200107004,1972
5200107005,1615
5200107006,2471
5200107007,1612
5200108001,2798
5200108002,1284
5200108003,2113
5200108004,2311
5200108005,2224
5200108006,1939
5200108007,2091
5200108008,1752
5200108009,2411
5200108010,1487
5200108011,2254
5200108012,2345
5200108013,1817
5200108014,1294
5200108015,2336
